{"type":"FeatureCollection","features":[{"type":"Feature","properties":{"cod_tema":"AREA_IMOVEL","nom_tema":"Area do Imovel","cod_imovel":"TO-1707009-5501F613199C44B090444B9A63B939DB","mod_fiscal":4.5758,"num_area":366.0679,"ind_status":"AT","ind_tipo":"IRU","des_condic":"Aguardando analise","municipio":"Dianopolis","cod_estado":"TO","dat_criaca":"28/09/2025","dat_atuali":"28/09/2025","NOME":"Área da Propriedade Rural","OS":"OS 04.04","IMOVEL":"Fazenda Cancela"},"geometry":{"type":"Polygon","coordinates":[[[-46.8357425,-11.6661436],[-46.8357525,-11.6662464],[-46.8359469,-11.6664339],[-46.8361778,-11.6663825],[-46.8363394,-11.6662789],[-46.83639,-11.6664369],[-46.8367175,-11.6665919],[-46.8367056,-11.6667547],[-46.8368558,-11.6667528],[-46.8370275,-11.6666978],[-46.8372425,-11.6667758],[-46.8370814,-11.6669428],[-46.8368753,-11.6669861],[-46.8371972,-11.6670364],[-46.8369208,-11.6671275],[-46.8368681,-11.6671333],[-46.8370167,-11.6672103],[-46.8371206,-11.6672592],[-46.8372153,-11.6672936],[-46.8372364,-11.6673086],[-46.837325,-11.6671756],[-46.8373425,-11.6671767],[-46.8374403,-11.6671497],[-46.8374508,-11.6671425],[-46.8376606,-11.6672911],[-46.8376664,-11.6672808],[-46.8379283,-11.6672722],[-46.8382011,-11.6673981],[-46.8384214,-11.6674097],[-46.8385178,-11.6675572],[-46.8385636,-11.6675036],[-46.8387758,-11.6676864],[-46.8388878,-11.6675592],[-46.8390403,-11.6676092],[-46.8392253,-11.6676319],[-46.8392094,-11.6678083],[-46.8393494,-11.6679406],[-46.8393622,-11.6680942],[-46.8395997,-11.6679947],[-46.8396781,-11.6680008],[-46.8397256,-11.6681753],[-46.83995,-11.6680875],[-46.8400975,-11.6680372],[-46.8403936,-11.6677731],[-46.8404433,-11.6680492],[-46.8406775,-11.6680175],[-46.8409297,-11.6678636],[-46.8409456,-11.66763],[-46.8411528,-11.6675819],[-46.8412286,-11.6677986],[-46.8416425,-11.6676558],[-46.8417475,-11.6678603],[-46.8418947,-11.6679342],[-46.8422175,-11.6676367],[-46.8423497,-11.6680822],[-46.8425692,-11.6679036],[-46.842675,-11.6679431],[-46.8429408,-11.6678558],[-46.8431956,-11.6679158],[-46.8434761,-11.6678619],[-46.8434394,-11.6682489],[-46.8433803,-11.6684808],[-46.8431161,-11.6686519],[-46.8429128,-11.6685564],[-46.8427278,-11.6686828],[-46.8426544,-11.6689789],[-46.8430872,-11.6694197],[-46.8432272,-11.6695689],[-46.8432022,-11.6697992],[-46.8431136,-11.6698722],[-46.8432808,-11.6698911],[-46.8430114,-11.6700622],[-46.8431344,-11.6703303],[-46.8430878,-11.6708017],[-46.8432428,-11.6709042],[-46.8432353,-11.671105],[-46.8432872,-11.6713483],[-46.8436253,-11.6716022],[-46.8440764,-11.6717883],[-46.8439314,-11.6719581],[-46.8436531,-11.6720094],[-46.84348,-11.6722911],[-46.8432289,-11.6724139],[-46.84319,-11.6725578],[-46.84331,-11.6726556],[-46.8433125,-11.6730031],[-46.8432783,-11.6732853],[-46.8433992,-11.6736358],[-46.8434681,-11.6739206],[-46.8432344,-11.6741411],[-46.8429261,-11.6742575],[-46.8432394,-11.6744542],[-46.8429281,-11.674495],[-46.8433183,-11.6747892],[-46.8436083,-11.6750022],[-46.843375,-11.6750944],[-46.8431761,-11.6753575],[-46.8429492,-11.6755958],[-46.8430892,-11.675945],[-46.8431433,-11.6762136],[-46.8432564,-11.6764294],[-46.8435589,-11.6766042],[-46.8435189,-11.6768464],[-46.8435681,-11.6770642],[-46.8437253,-11.6772583],[-46.8436897,-11.6777128],[-46.8438536,-11.6780008],[-46.8437181,-11.6782478],[-46.8436558,-11.6785061],[-46.8434569,-11.6787003],[-46.8433464,-11.6787064],[-46.8430136,-11.6786558],[-46.8426881,-11.6786931],[-46.8423628,-11.6787931],[-46.8420022,-11.6789161],[-46.8417528,-11.6788567],[-46.8416458,-11.6790797],[-46.8415444,-11.6792425],[-46.8416311,-11.6793378],[-46.8414833,-11.6795592],[-46.8413481,-11.6798011],[-46.8410925,-11.6799022],[-46.8409956,-11.680075],[-46.8408461,-11.6802567],[-46.8406583,-11.6802628],[-46.8406156,-11.6804036],[-46.8408353,-11.6804364],[-46.8407111,-11.68056],[-46.8404567,-11.6805517],[-46.8403056,-11.6806217],[-46.8400692,-11.6806272],[-46.8399686,-11.6807053],[-46.8399897,-11.6809981],[-46.8400197,-11.6812],[-46.8399597,-11.6812806],[-46.8398158,-11.6814483],[-46.8396628,-11.6813853],[-46.8394706,-11.6812283],[-46.8393353,-11.6812347],[-46.8391325,-11.6813689],[-46.8389875,-11.6815156],[-46.8390917,-11.6817161],[-46.8390836,-11.6819258],[-46.8388956,-11.6819236],[-46.8386975,-11.6820542],[-46.838625,-11.6820536],[-46.8384872,-11.6818133],[-46.8382436,-11.6817722],[-46.8380219,-11.6818056],[-46.8380842,-11.6819694],[-46.83825,-11.6821069],[-46.8381422,-11.6821406],[-46.8382594,-11.6823906],[-46.8380506,-11.6826239],[-46.8377625,-11.6826425],[-46.8375078,-11.6826978],[-46.8372011,-11.6827575],[-46.8370956,-11.6829917],[-46.8369247,-11.6830861],[-46.8371089,-11.68323],[-46.8368258,-11.6832728],[-46.8368164,-11.6832992],[-46.8368472,-11.6834525],[-46.8369011,-11.6835508],[-46.8368775,-11.6836325],[-46.8366186,-11.6836486],[-46.8366214,-11.6837689],[-46.8367856,-11.6838639],[-46.8367747,-11.6839517],[-46.8366797,-11.6838853],[-46.8366519,-11.6842108],[-46.8365247,-11.6842597],[-46.8363339,-11.6841061],[-46.8361831,-11.6841997],[-46.8359375,-11.6840628],[-46.8356594,-11.6839581],[-46.8353986,-11.6838497],[-46.8353725,-11.6836339],[-46.8355778,-11.6834472],[-46.8355492,-11.6832539],[-46.8357467,-11.6832844],[-46.8360358,-11.6832664],[-46.8360836,-11.683105],[-46.835735,-11.6830311],[-46.8354633,-11.6829953],[-46.8354544,-11.6828719],[-46.8355761,-11.6828908],[-46.8356783,-11.6827961],[-46.8354214,-11.6826619],[-46.8351189,-11.6826364],[-46.8348806,-11.6825847],[-46.8347139,-11.6826306],[-46.8345103,-11.6826481],[-46.8344914,-11.6827539],[-46.8344861,-11.6829783],[-46.8344581,-11.6829747],[-46.8343406,-11.6829789],[-46.8343433,-11.6828339],[-46.8341333,-11.6826883],[-46.8339644,-11.6828528],[-46.833975,-11.6826011],[-46.8339531,-11.6823336],[-46.8338044,-11.6823019],[-46.8337556,-11.6824728],[-46.8335239,-11.6824364],[-46.8334611,-11.6825111],[-46.8336044,-11.6826894],[-46.8334089,-11.6826883],[-46.8332281,-11.6827236],[-46.8332669,-11.6829894],[-46.8331722,-11.6829217],[-46.8328125,-11.6825808],[-46.8326286,-11.6825489],[-46.8325386,-11.6822575],[-46.832315,-11.6820622],[-46.8321553,-11.6821689],[-46.8320594,-11.6824206],[-46.8319128,-11.6825308],[-46.8318306,-11.6824558],[-46.8315631,-11.6825714],[-46.8314825,-11.6825897],[-46.8312856,-11.6824739],[-46.8312456,-11.6825747],[-46.8311072,-11.6826231],[-46.8311661,-11.6827756],[-46.8307564,-11.6827239],[-46.8306061,-11.6828989],[-46.8304158,-11.6829558],[-46.83039,-11.6830886],[-46.8302419,-11.68313],[-46.8301889,-11.6833778],[-46.8301372,-11.6833286],[-46.8301519,-11.6834519],[-46.8298833,-11.6833317],[-46.8298414,-11.6834911],[-46.8296831,-11.6836261],[-46.8295164,-11.6838025],[-46.8293869,-11.6837744],[-46.8293047,-11.6839133],[-46.8290589,-11.6839903],[-46.8290089,-11.6842111],[-46.8291689,-11.6842086],[-46.8291361,-11.6843433],[-46.8289933,-11.6843039],[-46.8289011,-11.6845319],[-46.8290567,-11.6846389],[-46.8289147,-11.6849392],[-46.8287964,-11.6850922],[-46.8286342,-11.6851658],[-46.8285653,-11.6852183],[-46.8282408,-11.6852458],[-46.8279375,-11.6852467],[-46.8278131,-11.6853889],[-46.8275286,-11.6854439],[-46.8272744,-11.6854561],[-46.8271369,-11.6853786],[-46.8268678,-11.6852836],[-46.8266267,-11.6851567],[-46.8263767,-11.6848642],[-46.8261119,-11.6846853],[-46.8258617,-11.6845517],[-46.8255819,-11.6844983],[-46.8252867,-11.6847458],[-46.8251,-11.6847364],[-46.8250747,-11.6846278],[-46.8248736,-11.6845531],[-46.8247081,-11.6843883],[-46.82442,-11.6843603],[-46.8242264,-11.6842294],[-46.8240383,-11.6841492],[-46.8240169,-11.6841342],[-46.8233328,-11.6837858],[-46.8217003,-11.6833064],[-46.8217433,-11.6826008],[-46.8212022,-11.6738489],[-46.8243372,-11.6731858],[-46.8250778,-11.6724611],[-46.8252583,-11.6722586],[-46.8258258,-11.6716061],[-46.8261128,-11.6714733],[-46.8262825,-11.6714547],[-46.8264222,-11.6713314],[-46.8265797,-11.6712667],[-46.8267347,-11.6713225],[-46.8269378,-11.6712244],[-46.8270725,-11.6710664],[-46.8272589,-11.6710478],[-46.8273581,-11.6709256],[-46.8274661,-11.6708769],[-46.8274731,-11.6708156],[-46.8275978,-11.6706583],[-46.8278133,-11.6706706],[-46.8279225,-11.6705339],[-46.8280633,-11.6705036],[-46.8282081,-11.670515],[-46.8282764,-11.6702614],[-46.8283544,-11.6700461],[-46.8284586,-11.6700064],[-46.8286575,-11.6699772],[-46.8286628,-11.6698347],[-46.8288572,-11.6698028],[-46.8290258,-11.6698006],[-46.8290714,-11.6697919],[-46.8291425,-11.6697069],[-46.8293922,-11.6696722],[-46.8293547,-11.6695222],[-46.8294297,-11.6695042],[-46.8293811,-11.6694661],[-46.8296281,-11.6694553],[-46.8296833,-11.6692603],[-46.8297622,-11.6691308],[-46.8296806,-11.6690567],[-46.8296817,-11.6688775],[-46.8297506,-11.6688431],[-46.8298983,-11.6687294],[-46.8299469,-11.6684808],[-46.8298139,-11.6684978],[-46.8297597,-11.6684519],[-46.8298722,-11.6683719],[-46.8297886,-11.6682756],[-46.8298494,-11.6679708],[-46.8296967,-11.6679256],[-46.8296681,-11.6678486],[-46.8296019,-11.6676794],[-46.8297542,-11.6673911],[-46.8297769,-11.6673572],[-46.8298069,-11.6671286],[-46.8297453,-11.6669594],[-46.8299367,-11.6670247],[-46.8298817,-11.6667861],[-46.8301333,-11.6667575],[-46.8300339,-11.66649],[-46.8301972,-11.6664653],[-46.8304503,-11.6666903],[-46.8305603,-11.6668125],[-46.8306706,-11.6668781],[-46.8307653,-11.6670892],[-46.8308978,-11.667055],[-46.8311692,-11.6671225],[-46.8311456,-11.6672506],[-46.8314106,-11.6673125],[-46.8314681,-11.6672167],[-46.8313969,-11.6669694],[-46.8314369,-11.6668319],[-46.8317331,-11.6668017],[-46.8319761,-11.6667486],[-46.8321661,-11.6668158],[-46.8322647,-11.6667769],[-46.8324442,-11.6667775],[-46.8326025,-11.6667758],[-46.8327353,-11.6669192],[-46.8328814,-11.6671386],[-46.8330967,-11.6669914],[-46.8332756,-11.6668636],[-46.8334494,-11.6667289],[-46.833515,-11.6666778],[-46.8336131,-11.6667378],[-46.8336228,-11.6668103],[-46.8337994,-11.6668725],[-46.8338983,-11.6667831],[-46.8336775,-11.6666378],[-46.83375,-11.6665167],[-46.8341075,-11.6662311],[-46.8344822,-11.6663053],[-46.8345258,-11.6664817],[-46.8347633,-11.6664231],[-46.8351542,-11.6663253],[-46.8356764,-11.6661728],[-46.8357425,-11.6661436]]]}},{"type":"Feature","properties":{"cod_tema":"VEGETACAO_NATIVA","nom_tema":"Remanescente de Vegetacao Nativa","cod_imovel":"TO-1707009-5501F613199C44B090444B9A63B939DB","num_area":92.554,"ind_status":"AT","des_condic":"Aguardando analise","NOME":"Área de Vegetação Nativa","OS":"OS 04.04","IMOVEL":"Fazenda Cancela"},"geometry":{"type":"MultiPolygon","coordinates":[[[[-46.8252583,-11.6722586],[-46.8256488,-11.6718097],[-46.8256931,-11.6718436],[-46.8257528,-11.6718649],[-46.8252379,-11.6725881],[-46.825691,-11.6743818],[-46.8258966,-11.674785],[-46.8258783,-11.6753506],[-46.8260077,-11.675576],[-46.8266302,-11.6758684],[-46.8265839,-11.6758992],[-46.8264443,-11.6759691],[-46.8264149,-11.6759862],[-46.8263198,-11.6760495],[-46.8262874,-11.6760635],[-46.8261853,-11.676013],[-46.8260434,-11.6759918],[-46.8259019,-11.6760148],[-46.8257745,-11.6760798],[-46.8256737,-11.6761804],[-46.8256094,-11.6763068],[-46.8255878,-11.6764466],[-46.8256112,-11.6765862],[-46.8256772,-11.6767117],[-46.8257793,-11.6768111],[-46.8259075,-11.6768745],[-46.8260493,-11.6768957],[-46.8261909,-11.6768727],[-46.8263183,-11.6768076],[-46.8264191,-11.676707],[-46.8264834,-11.6765806],[-46.826485,-11.6765702],[-46.826563,-11.6765367],[-46.8266071,-11.6765128],[-46.8267089,-11.676445],[-46.8268484,-11.6763751],[-46.8268779,-11.676358],[-46.8269938,-11.6762807],[-46.8270355,-11.6762466],[-46.8271512,-11.6761311],[-46.8271853,-11.6760895],[-46.8272622,-11.6759742],[-46.8273391,-11.6758589],[-46.8273743,-11.6757828],[-46.8274122,-11.6756486],[-46.8274146,-11.6756402],[-46.8274859,-11.6756698],[-46.8275188,-11.6756811],[-46.8276549,-11.6757185],[-46.827791,-11.6757559],[-46.8278325,-11.675764],[-46.8279714,-11.6757802],[-46.8281108,-11.6758136],[-46.8281435,-11.6758194],[-46.8282297,-11.6758295],[-46.8282357,-11.6758336],[-46.8283277,-11.6758575],[-46.8285155,-11.6758731],[-46.8285853,-11.6758923],[-46.8286664,-11.6759448],[-46.8286826,-11.6759545],[-46.8288107,-11.6760256],[-46.8289198,-11.6760963],[-46.8289642,-11.6761196],[-46.8291004,-11.6761761],[-46.8291333,-11.6761874],[-46.8292694,-11.6762248],[-46.8294055,-11.6762622],[-46.8295249,-11.676295],[-46.8296306,-11.6763389],[-46.8297485,-11.6764043],[-46.8298963,-11.6764941],[-46.8299977,-11.6765597],[-46.8300726,-11.6766204],[-46.8301264,-11.6766989],[-46.8302075,-11.676825],[-46.8302196,-11.6768562],[-46.8290944,-11.6771833],[-46.8289709,-11.6771927],[-46.8294953,-11.6763977],[-46.8278239,-11.6759299],[-46.8272899,-11.6766032],[-46.8273895,-11.6769766],[-46.8275022,-11.6780112],[-46.8273124,-11.6786823],[-46.8273948,-11.6791429],[-46.8280118,-11.6789998],[-46.8284853,-11.6785269],[-46.8300599,-11.6790476],[-46.831583,-11.6791249],[-46.8300584,-11.6794957],[-46.8296878,-11.6815251],[-46.8304316,-11.6818858],[-46.8302745,-11.6821608],[-46.830768,-11.6824558],[-46.8307005,-11.6824584],[-46.8306158,-11.6824908],[-46.8305464,-11.6825487],[-46.8304485,-11.6826626],[-46.8303359,-11.6826964],[-46.8302478,-11.6827411],[-46.8301815,-11.6828137],[-46.830158,-11.6828734],[-46.830078,-11.6829123],[-46.8300103,-11.6829836],[-46.8299727,-11.683074],[-46.829972,-11.6830776],[-46.8299206,-11.683063],[-46.8298409,-11.6830637],[-46.8297648,-11.6830869],[-46.8296986,-11.6831307],[-46.829648,-11.6831913],[-46.829617,-11.6832636],[-46.8295966,-11.6833413],[-46.8295031,-11.683421],[-46.8294817,-11.6834413],[-46.8294187,-11.683508],[-46.8293599,-11.6835046],[-46.8292765,-11.6835261],[-46.8292039,-11.683572],[-46.8291493,-11.6836378],[-46.8291205,-11.6836865],[-46.8289756,-11.6837318],[-46.8288912,-11.6837753],[-46.8288269,-11.6838445],[-46.8287904,-11.6839312],[-46.8287404,-11.684152],[-46.8287365,-11.6842065],[-46.8286455,-11.6844315],[-46.8286262,-11.68452],[-46.8286376,-11.6846098],[-46.8286782,-11.6846909],[-46.8287127,-11.6847244],[-46.8286779,-11.6847981],[-46.8286191,-11.6848741],[-46.8285191,-11.6849195],[-46.8284659,-11.6849513],[-46.828461,-11.684955],[-46.8282286,-11.6849747],[-46.8279367,-11.6849755],[-46.8278593,-11.6849867],[-46.8277882,-11.6850189],[-46.8277291,-11.6850696],[-46.8276668,-11.6851408],[-46.8274952,-11.685174],[-46.827261,-11.6851853],[-46.8271768,-11.6852026],[-46.8271021,-11.6852448],[-46.8270442,-11.6853076],[-46.8270292,-11.6853406],[-46.8268678,-11.6852836],[-46.8266267,-11.6851567],[-46.8263767,-11.6848642],[-46.8261119,-11.6846853],[-46.8258617,-11.6845517],[-46.8255819,-11.6844983],[-46.8252867,-11.6847458],[-46.8251,-11.6847364],[-46.8250747,-11.6846278],[-46.8248736,-11.6845531],[-46.8247081,-11.6843883],[-46.82442,-11.6843603],[-46.8242264,-11.6842294],[-46.8240383,-11.6841492],[-46.8240169,-11.6841342],[-46.8233328,-11.6837858],[-46.8217003,-11.6833064],[-46.8217433,-11.6826008],[-46.8212022,-11.6738489],[-46.8243372,-11.6731858],[-46.8250778,-11.6724611],[-46.8252583,-11.6722586]]],[[[-46.8272993,-11.6750932],[-46.8272197,-11.6751053],[-46.8272112,-11.6751093],[-46.8270387,-11.6746386],[-46.8276746,-11.6746954],[-46.8280924,-11.6751364],[-46.8293909,-11.6752935],[-46.8302303,-11.6754186],[-46.8305515,-11.6759473],[-46.8311071,-11.6769741],[-46.8309889,-11.6769086],[-46.8308922,-11.6768459],[-46.8308058,-11.6767758],[-46.8307542,-11.6767156],[-46.8307116,-11.6766059],[-46.830687,-11.6765575],[-46.8305889,-11.6764051],[-46.8305845,-11.6763984],[-46.8305061,-11.6762841],[-46.8304529,-11.6762265],[-46.8303358,-11.6761316],[-46.8303122,-11.6761145],[-46.8301952,-11.6760387],[-46.8301884,-11.6760344],[-46.8300325,-11.6759397],[-46.8300231,-11.6759343],[-46.8298868,-11.6758586],[-46.8298585,-11.675845],[-46.8297223,-11.6757885],[-46.8296894,-11.6757772],[-46.8295533,-11.6757398],[-46.8294172,-11.6757024],[-46.8292978,-11.6756696],[-46.8292009,-11.6756294],[-46.8291051,-11.6755673],[-46.8290889,-11.6755576],[-46.8289608,-11.6754865],[-46.8288517,-11.6754158],[-46.8287745,-11.6753812],[-46.8286383,-11.6753438],[-46.8285876,-11.6753348],[-46.8284482,-11.6753232],[-46.8283636,-11.675299],[-46.8282247,-11.6752827],[-46.8280853,-11.6752493],[-46.8280527,-11.6752435],[-46.8279183,-11.6752279],[-46.8278026,-11.6751961],[-46.8276833,-11.6751633],[-46.8275631,-11.6751134],[-46.8274546,-11.6750922],[-46.8272993,-11.6750932]]]]}},{"type":"Feature","properties":{"cod_imovel":"TO-1707009-5501F613199C44B090444B9A63B939DB","uf":"TO","municipio":"Dianópolis","bioma":"2","temas_ambi":"Remanescente de Vegetação Nativa","modulos_ru":4.5758,"sobreposic":0.0,"sobreposi0":0.0,"sobreposi1":0.0,"sobreposi2":0.0,"sobreposi3":0.0,"tipo_imove":"IRU","situacao_a":"Aguardando análise","status_imo":"AT","nu_retific":0,"dt_atualiz":"2025-09-29","dt_criacao":"2025-09-28","nu_area_im":92.554,"NOME":"Área de Vegetação Nativa","OS":"OS 04.04","IMOVEL":"Fazenda Cancela"},"geometry":{"type":"MultiPolygon","coordinates":[[[[-46.8252583,-11.6722586],[-46.8256488,-11.6718097],[-46.8256931,-11.6718436],[-46.8257528,-11.6718649],[-46.8252379,-11.6725881],[-46.825691,-11.6743818],[-46.8258966,-11.674785],[-46.8258783,-11.6753506],[-46.8260077,-11.675576],[-46.8266302,-11.6758684],[-46.8265839,-11.6758992],[-46.8264443,-11.6759691],[-46.8264149,-11.6759862],[-46.8263198,-11.6760495],[-46.8262874,-11.6760635],[-46.8261853,-11.676013],[-46.8260434,-11.6759918],[-46.8259019,-11.6760148],[-46.8257745,-11.6760798],[-46.8256737,-11.6761804],[-46.8256094,-11.6763068],[-46.8255878,-11.6764466],[-46.8256112,-11.6765862],[-46.8256772,-11.6767117],[-46.8257793,-11.6768111],[-46.8259075,-11.6768745],[-46.8260493,-11.6768957],[-46.8261909,-11.6768727],[-46.8263183,-11.6768076],[-46.8264191,-11.676707],[-46.8264834,-11.6765806],[-46.826485,-11.6765702],[-46.826563,-11.6765367],[-46.8266071,-11.6765128],[-46.8267089,-11.676445],[-46.8268484,-11.6763751],[-46.8268779,-11.676358],[-46.8269938,-11.6762807],[-46.8270355,-11.6762466],[-46.8271512,-11.6761311],[-46.8271853,-11.6760895],[-46.8272622,-11.6759742],[-46.8273391,-11.6758589],[-46.8273743,-11.6757828],[-46.8274122,-11.6756486],[-46.8274146,-11.6756402],[-46.8274859,-11.6756698],[-46.8275188,-11.6756811],[-46.8276549,-11.6757185],[-46.827791,-11.6757559],[-46.8278325,-11.675764],[-46.8279714,-11.6757802],[-46.8281108,-11.6758136],[-46.8281435,-11.6758194],[-46.8282297,-11.6758295],[-46.8282357,-11.6758336],[-46.8283277,-11.6758575],[-46.8285155,-11.6758731],[-46.8285853,-11.6758923],[-46.8286664,-11.6759448],[-46.8286826,-11.6759545],[-46.8288107,-11.6760256],[-46.8289198,-11.6760963],[-46.8289642,-11.6761196],[-46.8291004,-11.6761761],[-46.8291333,-11.6761874],[-46.8292694,-11.6762248],[-46.8294055,-11.6762622],[-46.8295249,-11.676295],[-46.8296306,-11.6763389],[-46.8297485,-11.6764043],[-46.8298963,-11.6764941],[-46.8299977,-11.6765597],[-46.8300726,-11.6766204],[-46.8301264,-11.6766989],[-46.8302075,-11.676825],[-46.8302196,-11.6768562],[-46.8290944,-11.6771833],[-46.8289709,-11.6771927],[-46.8294953,-11.6763977],[-46.8278239,-11.6759299],[-46.8272899,-11.6766032],[-46.8273895,-11.6769766],[-46.8275022,-11.6780112],[-46.8273124,-11.6786823],[-46.8273948,-11.6791429],[-46.8280118,-11.6789998],[-46.8284853,-11.6785269],[-46.8300599,-11.6790476],[-46.831583,-11.6791249],[-46.8300584,-11.6794957],[-46.8296878,-11.6815251],[-46.8304316,-11.6818858],[-46.8302745,-11.6821608],[-46.830768,-11.6824558],[-46.8307005,-11.6824584],[-46.8306158,-11.6824908],[-46.8305464,-11.6825487],[-46.8304485,-11.6826626],[-46.8303359,-11.6826964],[-46.8302478,-11.6827411],[-46.8301815,-11.6828137],[-46.830158,-11.6828734],[-46.830078,-11.6829123],[-46.8300103,-11.6829836],[-46.8299727,-11.683074],[-46.829972,-11.6830776],[-46.8299206,-11.683063],[-46.8298409,-11.6830637],[-46.8297648,-11.6830869],[-46.8296986,-11.6831307],[-46.829648,-11.6831913],[-46.829617,-11.6832636],[-46.8295966,-11.6833413],[-46.8295031,-11.683421],[-46.8294817,-11.6834413],[-46.8294187,-11.683508],[-46.8293599,-11.6835046],[-46.8292765,-11.6835261],[-46.8292039,-11.683572],[-46.8291493,-11.6836378],[-46.8291205,-11.6836865],[-46.8289756,-11.6837318],[-46.8288912,-11.6837753],[-46.8288269,-11.6838445],[-46.8287904,-11.6839312],[-46.8287404,-11.684152],[-46.8287365,-11.6842065],[-46.8286455,-11.6844315],[-46.8286262,-11.68452],[-46.8286376,-11.6846098],[-46.8286782,-11.6846909],[-46.8287127,-11.6847244],[-46.8286779,-11.6847981],[-46.8286191,-11.6848741],[-46.8285191,-11.6849195],[-46.8284659,-11.6849513],[-46.828461,-11.684955],[-46.8282286,-11.6849747],[-46.8279367,-11.6849755],[-46.8278593,-11.6849867],[-46.8277882,-11.6850189],[-46.8277291,-11.6850696],[-46.8276668,-11.6851408],[-46.8274952,-11.685174],[-46.827261,-11.6851853],[-46.8271768,-11.6852026],[-46.8271021,-11.6852448],[-46.8270442,-11.6853076],[-46.8270292,-11.6853406],[-46.8268678,-11.6852836],[-46.8266267,-11.6851567],[-46.8263767,-11.6848642],[-46.8261119,-11.6846853],[-46.8258617,-11.6845517],[-46.8255819,-11.6844983],[-46.8252867,-11.6847458],[-46.8251,-11.6847364],[-46.8250747,-11.6846278],[-46.8248736,-11.6845531],[-46.8247081,-11.6843883],[-46.82442,-11.6843603],[-46.8242264,-11.6842294],[-46.8240383,-11.6841492],[-46.8240169,-11.6841342],[-46.8233328,-11.6837858],[-46.8217003,-11.6833064],[-46.8217433,-11.6826008],[-46.8212022,-11.6738489],[-46.8243372,-11.6731858],[-46.8250778,-11.6724611],[-46.8252583,-11.6722586]]],[[[-46.8272993,-11.6750932],[-46.8272197,-11.6751053],[-46.8272112,-11.6751093],[-46.8270387,-11.6746386],[-46.8276746,-11.6746954],[-46.8280924,-11.6751364],[-46.8293909,-11.6752935],[-46.8302303,-11.6754186],[-46.8305515,-11.6759473],[-46.8311071,-11.6769741],[-46.8309889,-11.6769086],[-46.8308922,-11.6768459],[-46.8308058,-11.6767758],[-46.8307542,-11.6767156],[-46.8307116,-11.6766059],[-46.830687,-11.6765575],[-46.8305889,-11.6764051],[-46.8305845,-11.6763984],[-46.8305061,-11.6762841],[-46.8304529,-11.6762265],[-46.8303358,-11.6761316],[-46.8303122,-11.6761145],[-46.8301952,-11.6760387],[-46.8301884,-11.6760344],[-46.8300325,-11.6759397],[-46.8300231,-11.6759343],[-46.8298868,-11.6758586],[-46.8298585,-11.675845],[-46.8297223,-11.6757885],[-46.8296894,-11.6757772],[-46.8295533,-11.6757398],[-46.8294172,-11.6757024],[-46.8292978,-11.6756696],[-46.8292009,-11.6756294],[-46.8291051,-11.6755673],[-46.8290889,-11.6755576],[-46.8289608,-11.6754865],[-46.8288517,-11.6754158],[-46.8287745,-11.6753812],[-46.8286383,-11.6753438],[-46.8285876,-11.6753348],[-46.8284482,-11.6753232],[-46.8283636,-11.675299],[-46.8282247,-11.6752827],[-46.8280853,-11.6752493],[-46.8280527,-11.6752435],[-46.8279183,-11.6752279],[-46.8278026,-11.6751961],[-46.8276833,-11.6751633],[-46.8275631,-11.6751134],[-46.8274546,-11.6750922],[-46.8272993,-11.6750932]]]]}},{"type":"Feature","properties":{"cod_tema":"AREA_CONSOLIDADA","nom_tema":"Area Consolidada","cod_imovel":"TO-1707009-5501F613199C44B090444B9A63B939DB","num_area":72.1229,"ind_status":"AT","des_condic":"Aguardando analise","NOME":"Área Consolidada","OS":"OS 04.04","IMOVEL":"Fazenda Cancela"},"geometry":{"type":"MultiPolygon","coordinates":[[[[-46.8252379,-11.6725881],[-46.8257528,-11.6718649],[-46.825774,-11.6718724],[-46.8258601,-11.6718752],[-46.8259427,-11.6718516],[-46.8261885,-11.6717379],[-46.8263129,-11.6717242],[-46.8263948,-11.6717023],[-46.826466,-11.6716567],[-46.8265711,-11.671564],[-46.8265863,-11.6715578],[-46.8266403,-11.6715772],[-46.8267123,-11.6715928],[-46.8267858,-11.671589],[-46.8268558,-11.671566],[-46.8270588,-11.671468],[-46.8271484,-11.6713989],[-46.8272113,-11.6713251],[-46.8272866,-11.6713176],[-46.8273574,-11.671301],[-46.8274212,-11.6712667],[-46.8274737,-11.6712172],[-46.827532,-11.6711454],[-46.8275804,-11.6711236],[-46.827658,-11.6710712],[-46.8277132,-11.6709961],[-46.8277305,-11.6709375],[-46.8277975,-11.6709413],[-46.8278848,-11.6709324],[-46.8279649,-11.6708969],[-46.8280295,-11.6708383],[-46.8280776,-11.6707781],[-46.8280821,-11.6707771],[-46.8281862,-11.6707853],[-46.8282809,-11.6707765],[-46.828367,-11.6707364],[-46.8283721,-11.6707313],[-46.8283857,-11.6707324],[-46.828387,-11.6707164],[-46.828434,-11.6706697],[-46.828474,-11.6705846],[-46.8285393,-11.670342],[-46.8285674,-11.6702646],[-46.828698,-11.6702454],[-46.828788,-11.6702159],[-46.8288626,-11.670158],[-46.8289127,-11.6700786],[-46.8289138,-11.6700732],[-46.8290295,-11.6700717],[-46.8290777,-11.6700669],[-46.8291233,-11.6700583],[-46.8292118,-11.6700252],[-46.8292837,-11.6699645],[-46.8292868,-11.6699607],[-46.8294306,-11.6699407],[-46.8295179,-11.6699134],[-46.8295913,-11.6698594],[-46.8296426,-11.6697846],[-46.8296594,-11.6697223],[-46.8297244,-11.6697093],[-46.8297992,-11.6696676],[-46.8298573,-11.6696052],[-46.829893,-11.6695282],[-46.8299048,-11.6694866],[-46.8305,-11.6701099],[-46.830423,-11.671833],[-46.8323334,-11.6724124],[-46.8313433,-11.6748721],[-46.831685,-11.675827],[-46.8323739,-11.6758922],[-46.832729,-11.6762031],[-46.8335605,-11.6764762],[-46.8340246,-11.6772562],[-46.8339556,-11.6775002],[-46.834296,-11.6778442],[-46.8342944,-11.6778448],[-46.8341589,-11.6779031],[-46.8341309,-11.6779171],[-46.8339955,-11.6779945],[-46.8339795,-11.6780044],[-46.8338635,-11.6780817],[-46.8337475,-11.6781589],[-46.8336316,-11.6782362],[-46.8336082,-11.6782537],[-46.8335108,-11.6783347],[-46.8333964,-11.6784001],[-46.8333386,-11.6784442],[-46.8332317,-11.6785509],[-46.8331366,-11.6786301],[-46.8330538,-11.6786853],[-46.832977,-11.6787183],[-46.8328773,-11.6787312],[-46.8327563,-11.678732],[-46.8326824,-11.6787234],[-46.832674,-11.6787179],[-46.8326359,-11.6786533],[-46.8325831,-11.6785339],[-46.8325689,-11.6785063],[-46.8324904,-11.6783729],[-46.8324626,-11.678334],[-46.8323648,-11.6782198],[-46.8323349,-11.6781944],[-46.8323057,-11.6781681],[-46.8321888,-11.6780924],[-46.8321444,-11.678069],[-46.8320226,-11.6780185],[-46.8319121,-11.6779572],[-46.8318159,-11.6778904],[-46.8317648,-11.6778308],[-46.8316819,-11.6776541],[-46.8316537,-11.677607],[-46.831506,-11.6774096],[-46.831435,-11.677289],[-46.8314072,-11.6772501],[-46.8313094,-11.6771359],[-46.831274,-11.6771014],[-46.8311569,-11.6770065],[-46.8311171,-11.6769797],[-46.8311071,-11.6769741],[-46.8305515,-11.6759473],[-46.8302303,-11.6754186],[-46.8293909,-11.6752935],[-46.8280924,-11.6751364],[-46.8276746,-11.6746954],[-46.8270387,-11.6746386],[-46.8272112,-11.6751093],[-46.827147,-11.6751397],[-46.827031,-11.675217],[-46.8269619,-11.6752832],[-46.8269201,-11.6753688],[-46.8268822,-11.675503],[-46.8268557,-11.6755964],[-46.8268024,-11.6756763],[-46.8267405,-11.6757691],[-46.8266631,-11.6758465],[-46.8266302,-11.6758684],[-46.8260077,-11.675576],[-46.8258783,-11.6753506],[-46.8258966,-11.674785],[-46.825691,-11.6743818],[-46.8252379,-11.6725881]]],[[[-46.8290944,-11.6771833],[-46.8302196,-11.6768562],[-46.8302569,-11.6769523],[-46.8303036,-11.6770304],[-46.8304015,-11.6771445],[-46.8304369,-11.677179],[-46.830554,-11.677274],[-46.8305776,-11.6772911],[-46.8306946,-11.6773669],[-46.8307108,-11.6773766],[-46.8308261,-11.6774406],[-46.8308645,-11.6774717],[-46.8309713,-11.6775819],[-46.8310376,-11.6776946],[-46.8310541,-11.6777194],[-46.8311942,-11.6779067],[-46.8312809,-11.6780916],[-46.8313205,-11.6781527],[-46.8314183,-11.6782669],[-46.83147,-11.6783136],[-46.8316065,-11.6784084],[-46.83163,-11.6784231],[-46.8317664,-11.6784987],[-46.8317946,-11.6785124],[-46.8319076,-11.6785592],[-46.8319386,-11.6785793],[-46.8320319,-11.6786747],[-46.832085,-11.678765],[-46.8321379,-11.6788843],[-46.8321521,-11.678912],[-46.8322306,-11.6790454],[-46.8323174,-11.6791359],[-46.8324344,-11.6792117],[-46.8325532,-11.6792544],[-46.8327086,-11.6792726],[-46.8327427,-11.6792744],[-46.832898,-11.6792734],[-46.8329321,-11.6792711],[-46.8330873,-11.679251],[-46.8331614,-11.6792307],[-46.8332969,-11.6791724],[-46.833341,-11.6791485],[-46.8334097,-11.6791027],[-46.8337495,-11.6790502],[-46.8344169,-11.6785152],[-46.8360064,-11.6786181],[-46.8362924,-11.6791557],[-46.8352629,-11.6809893],[-46.835181,-11.6819555],[-46.8344861,-11.682334],[-46.8342081,-11.6822344],[-46.8342065,-11.682228],[-46.83416,-11.682155],[-46.8340927,-11.6820999],[-46.8340112,-11.6820686],[-46.8338626,-11.6820369],[-46.83378,-11.6820318],[-46.8336997,-11.6820512],[-46.8336979,-11.6820522],[-46.8333641,-11.6821759],[-46.8329403,-11.6821699],[-46.8325212,-11.68188],[-46.8324975,-11.6818593],[-46.8324208,-11.6818119],[-46.8323328,-11.6817916],[-46.8322428,-11.6818005],[-46.8321607,-11.6818377],[-46.8320009,-11.6819444],[-46.8319391,-11.6820011],[-46.8318977,-11.6820736],[-46.8318542,-11.6821879],[-46.8317968,-11.6821867],[-46.8317201,-11.6822075],[-46.831518,-11.6822948],[-46.8314265,-11.682241],[-46.8313533,-11.6822111],[-46.8312744,-11.6822029],[-46.8311964,-11.6822174],[-46.8311258,-11.6822531],[-46.8310686,-11.6823072],[-46.8310384,-11.6823594],[-46.8310153,-11.6823675],[-46.8309386,-11.6824087],[-46.8308838,-11.6824666],[-46.8307913,-11.6824549],[-46.830768,-11.6824558],[-46.8302745,-11.6821608],[-46.8304316,-11.6818858],[-46.8296878,-11.6815251],[-46.8300584,-11.6794957],[-46.831583,-11.6791249],[-46.8300599,-11.6790476],[-46.8284853,-11.6785269],[-46.8280118,-11.6789998],[-46.8273948,-11.6791429],[-46.8273124,-11.6786823],[-46.8275022,-11.6780112],[-46.8273895,-11.6769766],[-46.8272899,-11.6766032],[-46.8278239,-11.6759299],[-46.8294953,-11.6763977],[-46.8289709,-11.6771927],[-46.8290944,-11.6771833]]]]}},{"type":"Feature","properties":{"cod_imovel":"TO-1707009-5501F613199C44B090444B9A63B939DB","uf":"TO","municipio":"Dianópolis","bioma":"2","temas_ambi":"Área Consolidada","modulos_ru":4.5758,"sobreposic":0.0,"sobreposi0":0.0,"sobreposi1":0.0,"sobreposi2":0.0,"sobreposi3":0.0,"tipo_imove":"IRU","situacao_a":"Aguardando análise","status_imo":"AT","nu_retific":0,"dt_atualiz":"2025-09-29","dt_criacao":"2025-09-28","nu_area_im":72.1229,"NOME":"Área Consolidada","OS":"OS 04.04","IMOVEL":"Fazenda Cancela"},"geometry":{"type":"MultiPolygon","coordinates":[[[[-46.8252379,-11.6725881],[-46.8257528,-11.6718649],[-46.825774,-11.6718724],[-46.8258601,-11.6718752],[-46.8259427,-11.6718516],[-46.8261885,-11.6717379],[-46.8263129,-11.6717242],[-46.8263948,-11.6717023],[-46.826466,-11.6716567],[-46.8265711,-11.671564],[-46.8265863,-11.6715578],[-46.8266403,-11.6715772],[-46.8267123,-11.6715928],[-46.8267858,-11.671589],[-46.8268558,-11.671566],[-46.8270588,-11.671468],[-46.8271484,-11.6713989],[-46.8272113,-11.6713251],[-46.8272866,-11.6713176],[-46.8273574,-11.671301],[-46.8274212,-11.6712667],[-46.8274737,-11.6712172],[-46.827532,-11.6711454],[-46.8275804,-11.6711236],[-46.827658,-11.6710712],[-46.8277132,-11.6709961],[-46.8277305,-11.6709375],[-46.8277975,-11.6709413],[-46.8278848,-11.6709324],[-46.8279649,-11.6708969],[-46.8280295,-11.6708383],[-46.8280776,-11.6707781],[-46.8280821,-11.6707771],[-46.8281862,-11.6707853],[-46.8282809,-11.6707765],[-46.828367,-11.6707364],[-46.8283721,-11.6707313],[-46.8283857,-11.6707324],[-46.828387,-11.6707164],[-46.828434,-11.6706697],[-46.828474,-11.6705846],[-46.8285393,-11.670342],[-46.8285674,-11.6702646],[-46.828698,-11.6702454],[-46.828788,-11.6702159],[-46.8288626,-11.670158],[-46.8289127,-11.6700786],[-46.8289138,-11.6700732],[-46.8290295,-11.6700717],[-46.8290777,-11.6700669],[-46.8291233,-11.6700583],[-46.8292118,-11.6700252],[-46.8292837,-11.6699645],[-46.8292868,-11.6699607],[-46.8294306,-11.6699407],[-46.8295179,-11.6699134],[-46.8295913,-11.6698594],[-46.8296426,-11.6697846],[-46.8296594,-11.6697223],[-46.8297244,-11.6697093],[-46.8297992,-11.6696676],[-46.8298573,-11.6696052],[-46.829893,-11.6695282],[-46.8299048,-11.6694866],[-46.8305,-11.6701099],[-46.830423,-11.671833],[-46.8323334,-11.6724124],[-46.8313433,-11.6748721],[-46.831685,-11.675827],[-46.8323739,-11.6758922],[-46.832729,-11.6762031],[-46.8335605,-11.6764762],[-46.8340246,-11.6772562],[-46.8339556,-11.6775002],[-46.834296,-11.6778442],[-46.8342944,-11.6778448],[-46.8341589,-11.6779031],[-46.8341309,-11.6779171],[-46.8339955,-11.6779945],[-46.8339795,-11.6780044],[-46.8338635,-11.6780817],[-46.8337475,-11.6781589],[-46.8336316,-11.6782362],[-46.8336082,-11.6782537],[-46.8335108,-11.6783347],[-46.8333964,-11.6784001],[-46.8333386,-11.6784442],[-46.8332317,-11.6785509],[-46.8331366,-11.6786301],[-46.8330538,-11.6786853],[-46.832977,-11.6787183],[-46.8328773,-11.6787312],[-46.8327563,-11.678732],[-46.8326824,-11.6787234],[-46.832674,-11.6787179],[-46.8326359,-11.6786533],[-46.8325831,-11.6785339],[-46.8325689,-11.6785063],[-46.8324904,-11.6783729],[-46.8324626,-11.678334],[-46.8323648,-11.6782198],[-46.8323349,-11.6781944],[-46.8323057,-11.6781681],[-46.8321888,-11.6780924],[-46.8321444,-11.678069],[-46.8320226,-11.6780185],[-46.8319121,-11.6779572],[-46.8318159,-11.6778904],[-46.8317648,-11.6778308],[-46.8316819,-11.6776541],[-46.8316537,-11.677607],[-46.831506,-11.6774096],[-46.831435,-11.677289],[-46.8314072,-11.6772501],[-46.8313094,-11.6771359],[-46.831274,-11.6771014],[-46.8311569,-11.6770065],[-46.8311171,-11.6769797],[-46.8311071,-11.6769741],[-46.8305515,-11.6759473],[-46.8302303,-11.6754186],[-46.8293909,-11.6752935],[-46.8280924,-11.6751364],[-46.8276746,-11.6746954],[-46.8270387,-11.6746386],[-46.8272112,-11.6751093],[-46.827147,-11.6751397],[-46.827031,-11.675217],[-46.8269619,-11.6752832],[-46.8269201,-11.6753688],[-46.8268822,-11.675503],[-46.8268557,-11.6755964],[-46.8268024,-11.6756763],[-46.8267405,-11.6757691],[-46.8266631,-11.6758465],[-46.8266302,-11.6758684],[-46.8260077,-11.675576],[-46.8258783,-11.6753506],[-46.8258966,-11.674785],[-46.825691,-11.6743818],[-46.8252379,-11.6725881]]],[[[-46.8290944,-11.6771833],[-46.8302196,-11.6768562],[-46.8302569,-11.6769523],[-46.8303036,-11.6770304],[-46.8304015,-11.6771445],[-46.8304369,-11.677179],[-46.830554,-11.677274],[-46.8305776,-11.6772911],[-46.8306946,-11.6773669],[-46.8307108,-11.6773766],[-46.8308261,-11.6774406],[-46.8308645,-11.6774717],[-46.8309713,-11.6775819],[-46.8310376,-11.6776946],[-46.8310541,-11.6777194],[-46.8311942,-11.6779067],[-46.8312809,-11.6780916],[-46.8313205,-11.6781527],[-46.8314183,-11.6782669],[-46.83147,-11.6783136],[-46.8316065,-11.6784084],[-46.83163,-11.6784231],[-46.8317664,-11.6784987],[-46.8317946,-11.6785124],[-46.8319076,-11.6785592],[-46.8319386,-11.6785793],[-46.8320319,-11.6786747],[-46.832085,-11.678765],[-46.8321379,-11.6788843],[-46.8321521,-11.678912],[-46.8322306,-11.6790454],[-46.8323174,-11.6791359],[-46.8324344,-11.6792117],[-46.8325532,-11.6792544],[-46.8327086,-11.6792726],[-46.8327427,-11.6792744],[-46.832898,-11.6792734],[-46.8329321,-11.6792711],[-46.8330873,-11.679251],[-46.8331614,-11.6792307],[-46.8332969,-11.6791724],[-46.833341,-11.6791485],[-46.8334097,-11.6791027],[-46.8337495,-11.6790502],[-46.8344169,-11.6785152],[-46.8360064,-11.6786181],[-46.8362924,-11.6791557],[-46.8352629,-11.6809893],[-46.835181,-11.6819555],[-46.8344861,-11.682334],[-46.8342081,-11.6822344],[-46.8342065,-11.682228],[-46.83416,-11.682155],[-46.8340927,-11.6820999],[-46.8340112,-11.6820686],[-46.8338626,-11.6820369],[-46.83378,-11.6820318],[-46.8336997,-11.6820512],[-46.8336979,-11.6820522],[-46.8333641,-11.6821759],[-46.8329403,-11.6821699],[-46.8325212,-11.68188],[-46.8324975,-11.6818593],[-46.8324208,-11.6818119],[-46.8323328,-11.6817916],[-46.8322428,-11.6818005],[-46.8321607,-11.6818377],[-46.8320009,-11.6819444],[-46.8319391,-11.6820011],[-46.8318977,-11.6820736],[-46.8318542,-11.6821879],[-46.8317968,-11.6821867],[-46.8317201,-11.6822075],[-46.831518,-11.6822948],[-46.8314265,-11.682241],[-46.8313533,-11.6822111],[-46.8312744,-11.6822029],[-46.8311964,-11.6822174],[-46.8311258,-11.6822531],[-46.8310686,-11.6823072],[-46.8310384,-11.6823594],[-46.8310153,-11.6823675],[-46.8309386,-11.6824087],[-46.8308838,-11.6824666],[-46.8307913,-11.6824549],[-46.830768,-11.6824558],[-46.8302745,-11.6821608],[-46.8304316,-11.6818858],[-46.8296878,-11.6815251],[-46.8300584,-11.6794957],[-46.831583,-11.6791249],[-46.8300599,-11.6790476],[-46.8284853,-11.6785269],[-46.8280118,-11.6789998],[-46.8273948,-11.6791429],[-46.8273124,-11.6786823],[-46.8275022,-11.6780112],[-46.8273895,-11.6769766],[-46.8272899,-11.6766032],[-46.8278239,-11.6759299],[-46.8294953,-11.6763977],[-46.8289709,-11.6771927],[-46.8290944,-11.6771833]]]]}},{"type":"Feature","properties":{"cod_tema":"RIO_ATE_10","nom_tema":"Curso d'agua natural de ate 10 metros","cod_imovel":"TO-1707009-5501F613199C44B090444B9A63B939DB","ind_status":"AT","des_condic":"Aguardando analise","NOME":"Hidrografia do Imóvel","OS":"OS 04.04","IMOVEL":"Fazenda Cancela"},"geometry":{"type":"Polygon","coordinates":[[[-46.8430135,-11.6757806],[-46.8429046,-11.6757467],[-46.8427087,-11.6756859],[-46.8425135,-11.6756253],[-46.8423684,-11.6756024],[-46.8422226,-11.6755794],[-46.8420769,-11.6755564],[-46.8419311,-11.6755335],[-46.8417854,-11.6755105],[-46.841784,-11.6755101],[-46.8416381,-11.6754633],[-46.8414922,-11.6754164],[-46.8414905,-11.6754156],[-46.8413695,-11.6753451],[-46.8412245,-11.6752985],[-46.8410793,-11.6752518],[-46.8409343,-11.6752289],[-46.8409329,-11.6752286],[-46.840787,-11.6751817],[-46.8407858,-11.6751812],[-46.8406398,-11.6751104],[-46.8406392,-11.6751101],[-46.8405174,-11.6750391],[-46.8403956,-11.6749682],[-46.8402738,-11.6748972],[-46.8402725,-11.6748963],[-46.8402714,-11.6748951],[-46.8401738,-11.6747766],[-46.8400521,-11.6746581],[-46.83993,-11.6745393],[-46.8399293,-11.6745386],[-46.8398315,-11.6744196],[-46.8398315,-11.6744196],[-46.8398315,-11.6744196],[-46.8397336,-11.6743007],[-46.8396361,-11.6741821],[-46.8395143,-11.6740636],[-46.8395137,-11.6740629],[-46.8394158,-11.673944],[-46.8393186,-11.6738258],[-46.8391979,-11.6737319],[-46.839077,-11.6736614],[-46.8389312,-11.6735907],[-46.8387852,-11.6735199],[-46.8387846,-11.6735196],[-46.8386628,-11.6734486],[-46.838541,-11.6733776],[-46.8384192,-11.6733067],[-46.8384182,-11.673306],[-46.8382967,-11.6732115],[-46.8381754,-11.6731408],[-46.8381737,-11.6731395],[-46.8380524,-11.6730215],[-46.8379315,-11.672951],[-46.8378103,-11.6728804],[-46.8376405,-11.67281],[-46.8376394,-11.6728094],[-46.8375191,-11.6727393],[-46.837375,-11.6727166],[-46.837373,-11.672716],[-46.837203,-11.6726455],[-46.8370576,-11.6725988],[-46.8368877,-11.6725521],[-46.8367175,-11.6725053],[-46.8365478,-11.6724587],[-46.8364026,-11.6724358],[-46.8362569,-11.6724128],[-46.8361112,-11.6723898],[-46.8359413,-11.672367],[-46.8359411,-11.672367],[-46.8357954,-11.672344],[-46.8356496,-11.672321],[-46.835504,-11.6722981],[-46.8353341,-11.6722752],[-46.8353339,-11.6722752],[-46.8351889,-11.6722523],[-46.8350198,-11.6722534],[-46.8349955,-11.6722536],[-46.8349937,-11.6722534],[-46.8349921,-11.6722529],[-46.8349905,-11.6722521],[-46.8349891,-11.672251],[-46.834988,-11.6722496],[-46.8349871,-11.6722481],[-46.8349866,-11.6722464],[-46.8349864,-11.6722446],[-46.8349866,-11.6722429],[-46.8349871,-11.6722412],[-46.8349879,-11.6722396],[-46.834989,-11.6722382],[-46.8349904,-11.6722371],[-46.8349919,-11.6722363],[-46.8349936,-11.6722357],[-46.8349954,-11.6722356],[-46.8350197,-11.6722354],[-46.8351895,-11.6722343],[-46.835191,-11.6722344],[-46.8353366,-11.6722574],[-46.8355065,-11.6722802],[-46.8355067,-11.6722802],[-46.8356524,-11.6723032],[-46.8357982,-11.6723262],[-46.8359438,-11.6723492],[-46.8361137,-11.672372],[-46.8361139,-11.672372],[-46.8362597,-11.672395],[-46.8364054,-11.672418],[-46.8365511,-11.672441],[-46.8365521,-11.6724412],[-46.8367223,-11.6724879],[-46.8368924,-11.6725347],[-46.8370626,-11.6725814],[-46.837063,-11.6725815],[-46.8372089,-11.6726284],[-46.8372096,-11.6726287],[-46.8373789,-11.6726989],[-46.8375236,-11.6727218],[-46.8375252,-11.6727222],[-46.8375267,-11.6727229],[-46.837648,-11.6727935],[-46.8378177,-11.672864],[-46.8378188,-11.6728645],[-46.8379406,-11.6729355],[-46.8380624,-11.6730064],[-46.8380642,-11.6730078],[-46.8381855,-11.6731258],[-46.8383063,-11.6731962],[-46.8383073,-11.6731969],[-46.8384288,-11.6732914],[-46.83855,-11.6733621],[-46.8386718,-11.673433],[-46.8387933,-11.6735038],[-46.8389391,-11.6735745],[-46.8390851,-11.6736453],[-46.8390857,-11.6736456],[-46.8392075,-11.6737166],[-46.8392085,-11.6737173],[-46.8393305,-11.6738122],[-46.8393319,-11.6738136],[-46.8394297,-11.6739325],[-46.8395273,-11.6740511],[-46.839649,-11.6741695],[-46.8396497,-11.6741703],[-46.8397475,-11.6742892],[-46.8398454,-11.6744082],[-46.8398454,-11.6744082],[-46.8399429,-11.6745267],[-46.8400647,-11.6746452],[-46.8401868,-11.674764],[-46.8401874,-11.6747647],[-46.8402843,-11.6748824],[-46.8404047,-11.6749526],[-46.8405265,-11.6750236],[-46.8406479,-11.6750944],[-46.8407931,-11.6751648],[-46.8409378,-11.6752112],[-46.8410828,-11.6752341],[-46.8410842,-11.6752344],[-46.8412301,-11.6752813],[-46.841376,-11.6753282],[-46.8413777,-11.675329],[-46.8414987,-11.6753995],[-46.8416437,-11.6754461],[-46.8417889,-11.6754928],[-46.8419339,-11.6755157],[-46.8420797,-11.6755386],[-46.8422254,-11.6755616],[-46.8423712,-11.6755846],[-46.8425169,-11.6756076],[-46.8425182,-11.6756079],[-46.8427141,-11.6756687],[-46.8429099,-11.6757295],[-46.8430049,-11.675759],[-46.8429408,-11.6755992],[-46.8429403,-11.6755975],[-46.8429402,-11.6755958],[-46.8429403,-11.6755941],[-46.8429408,-11.6755925],[-46.8429416,-11.675591],[-46.8429426,-11.6755896],[-46.8431692,-11.6753517],[-46.8433678,-11.675089],[-46.8433689,-11.6750878],[-46.8433702,-11.6750868],[-46.8433717,-11.6750861],[-46.8435899,-11.6749998],[-46.843313,-11.6747964],[-46.8433129,-11.6747964],[-46.8429226,-11.6745022],[-46.8429213,-11.674501],[-46.8429203,-11.6744996],[-46.8429195,-11.6744979],[-46.8429191,-11.6744962],[-46.8429191,-11.6744945],[-46.8429193,-11.6744927],[-46.84292,-11.674491],[-46.8429209,-11.6744895],[-46.8429221,-11.6744882],[-46.8429235,-11.6744872],[-46.8429252,-11.6744865],[-46.8429269,-11.6744861],[-46.8432134,-11.6744485],[-46.8429213,-11.6742651],[-46.8429199,-11.674264],[-46.8429187,-11.6742626],[-46.8429178,-11.674261],[-46.8429173,-11.6742593],[-46.8429171,-11.6742575],[-46.8429173,-11.6742557],[-46.8429178,-11.674254],[-46.8429187,-11.6742524],[-46.8429199,-11.674251],[-46.8429213,-11.6742499],[-46.8429229,-11.6742491],[-46.8432296,-11.6741333],[-46.8434581,-11.6739176],[-46.8433905,-11.6736384],[-46.8432698,-11.6732882],[-46.8432694,-11.6732862],[-46.8432694,-11.6732842],[-46.8433035,-11.6730025],[-46.843301,-11.6726599],[-46.8431843,-11.6725648],[-46.8431831,-11.6725636],[-46.8431821,-11.6725621],[-46.8431814,-11.6725605],[-46.8431811,-11.6725589],[-46.843181,-11.6725571],[-46.8431813,-11.6725554],[-46.8432202,-11.6724115],[-46.8432209,-11.6724098],[-46.8432219,-11.6724082],[-46.8432233,-11.6724068],[-46.8432249,-11.6724058],[-46.8434737,-11.6722842],[-46.8436454,-11.6720047],[-46.8436465,-11.6720032],[-46.843648,-11.672002],[-46.8436496,-11.6720011],[-46.8436514,-11.6720006],[-46.8439266,-11.6719498],[-46.8440615,-11.6717919],[-46.8436218,-11.6716105],[-46.8436199,-11.6716094],[-46.8432818,-11.6713555],[-46.8432806,-11.6713545],[-46.8432796,-11.6713532],[-46.8432789,-11.6713517],[-46.8432784,-11.6713502],[-46.8432265,-11.6711069],[-46.8432263,-11.6711047],[-46.8432336,-11.6709089],[-46.8430828,-11.6708092],[-46.8430815,-11.6708082],[-46.8430805,-11.6708069],[-46.8430796,-11.6708055],[-46.8430791,-11.670804],[-46.8430788,-11.6708024],[-46.8430788,-11.6708008],[-46.8431252,-11.6703318],[-46.8430032,-11.670066],[-46.8430026,-11.6700642],[-46.8430024,-11.6700624],[-46.8430025,-11.6700606],[-46.8430031,-11.6700588],[-46.8430039,-11.6700572],[-46.8430051,-11.6700558],[-46.8430066,-11.6700546],[-46.8432544,-11.6698972],[-46.8431126,-11.6698812],[-46.8431109,-11.6698808],[-46.8431093,-11.6698801],[-46.8431078,-11.6698791],[-46.8431066,-11.6698779],[-46.8431056,-11.6698764],[-46.843105,-11.6698748],[-46.8431046,-11.6698731],[-46.8431046,-11.6698713],[-46.843105,-11.6698696],[-46.8431057,-11.669868],[-46.8431066,-11.6698665],[-46.8431079,-11.6698653],[-46.8431937,-11.6697946],[-46.8432178,-11.669572],[-46.8430807,-11.669426],[-46.842648,-11.6689852],[-46.8426469,-11.6689838],[-46.842646,-11.6689821],[-46.8426456,-11.6689804],[-46.8426454,-11.6689785],[-46.8426457,-11.6689767],[-46.842719,-11.6686806],[-46.8427196,-11.6686791],[-46.8427204,-11.6686776],[-46.8427214,-11.6686764],[-46.8427227,-11.6686753],[-46.8429077,-11.668549],[-46.8429093,-11.6685481],[-46.8429111,-11.6685475],[-46.842913,-11.6685474],[-46.8429148,-11.6685476],[-46.8429166,-11.6685482],[-46.8431154,-11.6686417],[-46.8433724,-11.6684752],[-46.8434305,-11.6682473],[-46.843466,-11.6678731],[-46.8431973,-11.6679247],[-46.8431954,-11.6679248],[-46.8431935,-11.6679246],[-46.8429412,-11.6678652],[-46.8426778,-11.6679516],[-46.8426758,-11.667952],[-46.8426738,-11.667952],[-46.8426719,-11.6679515],[-46.8425709,-11.6679139],[-46.8423554,-11.6680892],[-46.8423539,-11.6680902],[-46.8423523,-11.6680909],[-46.8423506,-11.6680912],[-46.8423488,-11.6680912],[-46.8423471,-11.6680908],[-46.8423454,-11.6680901],[-46.842344,-11.6680892],[-46.8423427,-11.6680879],[-46.8423418,-11.6680864],[-46.8423411,-11.6680848],[-46.842213,-11.6676531],[-46.8419008,-11.6679408],[-46.8418994,-11.6679419],[-46.8418977,-11.6679427],[-46.841896,-11.6679431],[-46.8418942,-11.6679432],[-46.8418924,-11.6679429],[-46.8418907,-11.6679422],[-46.8417435,-11.6678683],[-46.8417419,-11.6678673],[-46.8417405,-11.667866],[-46.8417395,-11.6678644],[-46.8416381,-11.6676669],[-46.8412315,-11.6678071],[-46.8412298,-11.6678075],[-46.8412281,-11.6678076],[-46.8412263,-11.6678073],[-46.8412247,-11.6678067],[-46.8412232,-11.6678058],[-46.8412219,-11.6678046],[-46.8412208,-11.6678032],[-46.8412201,-11.6678016],[-46.8411469,-11.6675925],[-46.8409541,-11.6676373],[-46.8409387,-11.6678642],[-46.8409384,-11.6678659],[-46.8409378,-11.6678675],[-46.8409369,-11.667869],[-46.8409358,-11.6678703],[-46.8409344,-11.6678713],[-46.8406822,-11.6680252],[-46.8406805,-11.668026],[-46.8406787,-11.6680264],[-46.8404445,-11.6680581],[-46.8404428,-11.6680582],[-46.8404411,-11.6680579],[-46.8404395,-11.6680573],[-46.840438,-11.6680565],[-46.8404367,-11.6680553],[-46.8404357,-11.668054],[-46.8404349,-11.6680524],[-46.8404345,-11.6680508],[-46.8403876,-11.6677905],[-46.8401035,-11.6680439],[-46.840102,-11.668045],[-46.8401004,-11.6680457],[-46.8399531,-11.668096],[-46.8397288,-11.6681837],[-46.8397272,-11.6681841],[-46.8397256,-11.6681843],[-46.8397239,-11.6681841],[-46.8397223,-11.6681837],[-46.8397208,-11.6681829],[-46.8397194,-11.6681819],[-46.8397183,-11.6681807],[-46.8397175,-11.6681792],[-46.8397169,-11.6681776],[-46.839671,-11.6680093],[-46.8396012,-11.6680039],[-46.8393657,-11.6681025],[-46.8393641,-11.668103],[-46.8393624,-11.6681032],[-46.8393607,-11.6681031],[-46.8393591,-11.6681026],[-46.8393575,-11.6681019],[-46.8393562,-11.6681009],[-46.839355,-11.6680996],[-46.8393541,-11.6680982],[-46.8393535,-11.6680966],[-46.8393532,-11.6680949],[-46.8393407,-11.6679447],[-46.8392033,-11.6678149],[-46.8392022,-11.6678137],[-46.8392013,-11.6678123],[-46.8392008,-11.6678107],[-46.8392005,-11.6678091],[-46.8392005,-11.6678075],[-46.8392155,-11.6676398],[-46.8390392,-11.6676181],[-46.8390375,-11.6676177],[-46.8388906,-11.6675696],[-46.8387826,-11.6676923],[-46.8387813,-11.6676935],[-46.8387798,-11.6676945],[-46.8387782,-11.6676951],[-46.8387765,-11.6676954],[-46.8387747,-11.6676953],[-46.838773,-11.6676949],[-46.8387714,-11.6676942],[-46.83877,-11.6676932],[-46.8385646,-11.6675163],[-46.8385246,-11.6675631],[-46.8385233,-11.6675644],[-46.8385217,-11.6675653],[-46.83852,-11.667566],[-46.8385181,-11.6675662],[-46.8385163,-11.6675661],[-46.8385145,-11.6675656],[-46.8385128,-11.6675648],[-46.8385114,-11.6675636],[-46.8385102,-11.6675621],[-46.8384163,-11.6674185],[-46.8382006,-11.6674071],[-46.8381989,-11.6674068],[-46.8381973,-11.6674062],[-46.8379265,-11.6672813],[-46.8376717,-11.6672897],[-46.8376684,-11.6672956],[-46.8376674,-11.6672969],[-46.8376662,-11.6672981],[-46.8376649,-11.667299],[-46.8376633,-11.6672997],[-46.8376617,-11.6673],[-46.83766,-11.6673001],[-46.8376584,-11.6672998],[-46.8376568,-11.6672993],[-46.8376554,-11.6672985],[-46.8374507,-11.6671535],[-46.8374454,-11.6671572],[-46.8374441,-11.6671579],[-46.8374427,-11.6671584],[-46.8373449,-11.6671854],[-46.8373434,-11.6671856],[-46.8373419,-11.6671857],[-46.8373296,-11.6671849],[-46.8372439,-11.6673136],[-46.8372427,-11.667315],[-46.8372413,-11.6673161],[-46.8372398,-11.667317],[-46.837238,-11.6673175],[-46.8372362,-11.6673176],[-46.8372344,-11.6673174],[-46.8372327,-11.6673168],[-46.8372312,-11.667316],[-46.8372111,-11.6673017],[-46.8371175,-11.6672676],[-46.8371167,-11.6672673],[-46.8370128,-11.6672184],[-46.8370125,-11.6672183],[-46.8368639,-11.6671413],[-46.8368624,-11.6671404],[-46.8368612,-11.6671391],[-46.8368602,-11.6671377],[-46.8368595,-11.6671361],[-46.8368591,-11.6671343],[-46.8368591,-11.6671326],[-46.8368594,-11.6671308],[-46.8368601,-11.6671292],[-46.836861,-11.6671277],[-46.8368623,-11.6671264],[-46.8368637,-11.6671254],[-46.8368653,-11.6671247],[-46.8368671,-11.6671244],[-46.8369189,-11.6671186],[-46.8371589,-11.6670395],[-46.8368739,-11.666995],[-46.8368722,-11.6669946],[-46.8368706,-11.6669938],[-46.8368691,-11.6669927],[-46.836868,-11.6669914],[-46.8368671,-11.6669898],[-46.8368665,-11.6669881],[-46.8368663,-11.6669863],[-46.8368664,-11.6669846],[-46.8368669,-11.6669828],[-46.8368677,-11.6669813],[-46.8368688,-11.6669799],[-46.8368702,-11.6669787],[-46.8368717,-11.6669778],[-46.8368734,-11.6669773],[-46.8370768,-11.6669345],[-46.8372264,-11.6667796],[-46.8370273,-11.6667073],[-46.8368586,-11.6667614],[-46.8368573,-11.6667617],[-46.8368559,-11.6667618],[-46.8367057,-11.6667637],[-46.8367038,-11.6667636],[-46.836702,-11.666763],[-46.8367004,-11.6667621],[-46.836699,-11.6667609],[-46.8366979,-11.6667594],[-46.8366971,-11.6667577],[-46.8366966,-11.6667559],[-46.8366966,-11.6667541],[-46.8367081,-11.6665974],[-46.8363861,-11.6664451],[-46.8363846,-11.6664441],[-46.8363832,-11.6664429],[-46.8363822,-11.6664414],[-46.8363814,-11.6664397],[-46.8363344,-11.6662928],[-46.8361826,-11.6663901],[-46.8361812,-11.6663908],[-46.8361797,-11.6663913],[-46.8359489,-11.6664427],[-46.8359471,-11.6664429],[-46.8359454,-11.6664428],[-46.8359437,-11.6664423],[-46.8359421,-11.6664415],[-46.8359407,-11.6664404],[-46.8357462,-11.6662529],[-46.8357452,-11.6662517],[-46.8357444,-11.6662503],[-46.8357438,-11.6662488],[-46.8357435,-11.6662473],[-46.8357347,-11.6661569],[-46.83568,-11.666181],[-46.8356789,-11.6661814],[-46.8351567,-11.6663339],[-46.8351564,-11.666334],[-46.8347655,-11.6664318],[-46.8347655,-11.6664318],[-46.834528,-11.6664904],[-46.8345262,-11.6664907],[-46.8345245,-11.6664906],[-46.8345228,-11.6664901],[-46.8345212,-11.6664894],[-46.8345198,-11.6664883],[-46.8345186,-11.666487],[-46.8345177,-11.6664855],[-46.8345171,-11.6664838],[-46.8344748,-11.666313],[-46.8341099,-11.6662408],[-46.8337569,-11.6665227],[-46.8336897,-11.666635],[-46.8339033,-11.6667755],[-46.8339047,-11.6667767],[-46.8339058,-11.6667781],[-46.8339067,-11.6667797],[-46.8339072,-11.6667815],[-46.8339073,-11.6667833],[-46.8339071,-11.6667851],[-46.8339065,-11.6667868],[-46.8339056,-11.6667884],[-46.8339044,-11.6667897],[-46.8338055,-11.6668792],[-46.8338039,-11.6668803],[-46.8338022,-11.6668811],[-46.8338003,-11.6668815],[-46.8337983,-11.6668814],[-46.8337964,-11.666881],[-46.8336198,-11.6668188],[-46.8336183,-11.6668181],[-46.8336169,-11.6668171],[-46.8336158,-11.666816],[-46.8336149,-11.6668146],[-46.8336142,-11.6668131],[-46.8336139,-11.6668115],[-46.8336047,-11.6667432],[-46.8335156,-11.6666887],[-46.833455,-11.666736],[-46.833455,-11.666736],[-46.8332811,-11.6668707],[-46.8332808,-11.6668709],[-46.8331019,-11.6669987],[-46.8331018,-11.6669988],[-46.8328865,-11.667146],[-46.8328849,-11.6671469],[-46.8328832,-11.6671474],[-46.8328814,-11.6671476],[-46.8328797,-11.6671475],[-46.832878,-11.6671469],[-46.8328764,-11.6671461],[-46.832875,-11.667145],[-46.8328739,-11.6671436],[-46.8327282,-11.6669248],[-46.8325986,-11.6667849],[-46.8324443,-11.6667865],[-46.8324441,-11.6667865],[-46.8322664,-11.666786],[-46.8321694,-11.6668242],[-46.8321679,-11.6668247],[-46.8321663,-11.6668248],[-46.8321647,-11.6668247],[-46.8321631,-11.6668243],[-46.8319755,-11.666758],[-46.831735,-11.6668105],[-46.831734,-11.6668106],[-46.8314439,-11.6668403],[-46.8314063,-11.6669695],[-46.8314767,-11.6672142],[-46.831477,-11.667216],[-46.831477,-11.6672178],[-46.8314766,-11.6672196],[-46.8314758,-11.6672213],[-46.8314183,-11.6673171],[-46.8314171,-11.6673186],[-46.8314157,-11.6673199],[-46.8314141,-11.6673208],[-46.8314123,-11.6673213],[-46.8314104,-11.6673215],[-46.8314085,-11.6673213],[-46.8311435,-11.6672593],[-46.8311419,-11.6672588],[-46.8311404,-11.6672579],[-46.8311391,-11.6672568],[-46.831138,-11.6672555],[-46.8311372,-11.667254],[-46.8311367,-11.6672523],[-46.8311366,-11.6672506],[-46.8311367,-11.6672489],[-46.8311588,-11.6671292],[-46.8308978,-11.6670643],[-46.8307675,-11.6670979],[-46.8307657,-11.6670982],[-46.830764,-11.6670981],[-46.8307622,-11.6670976],[-46.8307606,-11.6670969],[-46.8307591,-11.6670958],[-46.830758,-11.6670944],[-46.8307571,-11.6670929],[-46.8306635,-11.6668843],[-46.8305557,-11.6668202],[-46.8305546,-11.6668195],[-46.8305536,-11.6668185],[-46.8304439,-11.6666967],[-46.8301944,-11.6664748],[-46.8300462,-11.6664972],[-46.8301418,-11.6667544],[-46.8301422,-11.6667561],[-46.8301423,-11.6667579],[-46.8301421,-11.6667597],[-46.8301414,-11.6667614],[-46.8301405,-11.666763],[-46.8301393,-11.6667643],[-46.8301378,-11.6667653],[-46.8301361,-11.6667661],[-46.8301343,-11.6667665],[-46.8298927,-11.6667939],[-46.8299454,-11.6670227],[-46.8299457,-11.6670244],[-46.8299456,-11.6670262],[-46.8299451,-11.6670278],[-46.8299444,-11.6670294],[-46.8299433,-11.6670308],[-46.829942,-11.667032],[-46.8299405,-11.6670329],[-46.8299389,-11.6670334],[-46.8299372,-11.6670337],[-46.8299355,-11.6670336],[-46.8299338,-11.6670332],[-46.8297602,-11.666974],[-46.8298154,-11.6671255],[-46.8298159,-11.6671276],[-46.8298159,-11.6671298],[-46.8297859,-11.6673584],[-46.8297854,-11.6673604],[-46.8297844,-11.6673622],[-46.8297619,-11.6673957],[-46.8296118,-11.66768],[-46.8296765,-11.6678453],[-46.8296765,-11.6678455],[-46.8297035,-11.6679182],[-46.829852,-11.6679622],[-46.8298535,-11.6679628],[-46.8298549,-11.6679637],[-46.8298562,-11.6679648],[-46.8298572,-11.6679662],[-46.8298579,-11.6679677],[-46.8298583,-11.6679693],[-46.8298584,-11.6679709],[-46.8298583,-11.6679726],[-46.8297983,-11.668273],[-46.829879,-11.668366],[-46.8298801,-11.6683676],[-46.8298808,-11.6683693],[-46.8298812,-11.6683711],[-46.8298812,-11.668373],[-46.8298808,-11.6683748],[-46.82988,-11.6683765],[-46.8298788,-11.668378],[-46.8298774,-11.6683793],[-46.8297744,-11.6684526],[-46.8298167,-11.6684883],[-46.8299458,-11.6684719],[-46.8299475,-11.6684718],[-46.8299492,-11.6684721],[-46.8299508,-11.6684727],[-46.8299522,-11.6684735],[-46.8299535,-11.6684747],[-46.8299546,-11.668476],[-46.8299553,-11.6684775],[-46.8299558,-11.6684792],[-46.8299559,-11.6684809],[-46.8299558,-11.6684826],[-46.8299072,-11.6687312],[-46.8299067,-11.6687327],[-46.829906,-11.6687342],[-46.829905,-11.6687355],[-46.8299038,-11.6687366],[-46.8297561,-11.6688502],[-46.8297546,-11.6688511],[-46.8296906,-11.6688831],[-46.8296896,-11.6690527],[-46.8297683,-11.6691242],[-46.8297695,-11.6691255],[-46.8297704,-11.669127],[-46.829771,-11.6691287],[-46.8297712,-11.6691304],[-46.8297711,-11.6691322],[-46.8297707,-11.6691339],[-46.8297699,-11.6691355],[-46.8296917,-11.6692639],[-46.8296367,-11.6694577],[-46.829636,-11.6694595],[-46.829635,-11.669461],[-46.8296336,-11.6694623],[-46.8296321,-11.6694633],[-46.8296303,-11.669464],[-46.8296285,-11.6694643],[-46.8294059,-11.669474],[-46.8294353,-11.6694971],[-46.8294366,-11.6694983],[-46.8294376,-11.6694999],[-46.8294383,-11.6695015],[-46.8294387,-11.6695033],[-46.8294387,-11.6695052],[-46.8294383,-11.669507],[-46.8294375,-11.6695086],[-46.8294365,-11.6695101],[-46.8294351,-11.6695114],[-46.8294336,-11.6695123],[-46.8294318,-11.6695129],[-46.8293657,-11.6695289],[-46.829401,-11.66967],[-46.8294012,-11.6696717],[-46.8294012,-11.6696734],[-46.8294008,-11.669675],[-46.8294001,-11.6696765],[-46.8293992,-11.6696779],[-46.829398,-11.6696791],[-46.8293966,-11.6696801],[-46.8293951,-11.6696808],[-46.8293935,-11.6696811],[-46.8291472,-11.6697154],[-46.8290783,-11.6697977],[-46.8290768,-11.6697991],[-46.829075,-11.6698002],[-46.8290731,-11.6698008],[-46.8290275,-11.6698094],[-46.8290259,-11.6698096],[-46.828858,-11.6698118],[-46.8286715,-11.6698424],[-46.8286665,-11.6699776],[-46.8286663,-11.6699793],[-46.8286657,-11.669981],[-46.8286648,-11.6699825],[-46.8286636,-11.6699839],[-46.8286621,-11.6699849],[-46.8286605,-11.6699857],[-46.8286588,-11.6699861],[-46.8284609,-11.6700152],[-46.8283615,-11.6700531],[-46.828285,-11.6702641],[-46.8282168,-11.6705173],[-46.8282161,-11.670519],[-46.8282152,-11.6705205],[-46.828214,-11.6705218],[-46.8282125,-11.6705228],[-46.8282109,-11.6705236],[-46.8282091,-11.6705239],[-46.8282074,-11.670524],[-46.8280639,-11.6705127],[-46.8279275,-11.670542],[-46.8278204,-11.6706762],[-46.8278192,-11.6706774],[-46.8278178,-11.6706784],[-46.8278162,-11.6706791],[-46.8278145,-11.6706795],[-46.8278128,-11.6706796],[-46.8276019,-11.6706676],[-46.8274817,-11.6708191],[-46.8274751,-11.670878],[-46.8274747,-11.6708798],[-46.8274739,-11.6708815],[-46.8274728,-11.670883],[-46.8274714,-11.6708842],[-46.8274698,-11.6708852],[-46.8273637,-11.6709329],[-46.8272659,-11.6710535],[-46.8272646,-11.6710547],[-46.8272632,-11.6710557],[-46.8272615,-11.6710564],[-46.8272598,-11.6710567],[-46.827077,-11.671075],[-46.8269446,-11.6712303],[-46.8269433,-11.6712316],[-46.8269417,-11.6712326],[-46.8267386,-11.6713306],[-46.826737,-11.6713312],[-46.8267352,-11.6713315],[-46.8267334,-11.6713314],[-46.8267317,-11.671331],[-46.8265799,-11.6712763],[-46.826427,-11.6713391],[-46.8262885,-11.6714615],[-46.826287,-11.6714625],[-46.8262853,-11.6714633],[-46.8262835,-11.6714637],[-46.8261152,-11.6714821],[-46.8258296,-11.6716143],[-46.8258279,-11.6716149],[-46.8258262,-11.6716151],[-46.8258244,-11.671615],[-46.8258227,-11.6716146],[-46.8258211,-11.6716138],[-46.8258197,-11.6716127],[-46.8258185,-11.6716114],[-46.8258177,-11.6716099],[-46.8258171,-11.6716082],[-46.8258168,-11.6716065],[-46.8258169,-11.6716047],[-46.8258174,-11.671603],[-46.8258181,-11.6716014],[-46.8258192,-11.6716],[-46.8258205,-11.6715988],[-46.825822,-11.6715979],[-46.826109,-11.6714652],[-46.8261104,-11.6714647],[-46.8261118,-11.6714644],[-46.8262787,-11.6714461],[-46.8264163,-11.6713246],[-46.8264175,-11.6713237],[-46.8264188,-11.6713231],[-46.8265763,-11.6712583],[-46.8265779,-11.6712579],[-46.8265795,-11.6712577],[-46.8265812,-11.6712578],[-46.8265828,-11.6712582],[-46.8267342,-11.6713127],[-46.8269322,-11.6712172],[-46.8270656,-11.6710605],[-46.8270669,-11.6710593],[-46.8270683,-11.6710584],[-46.8270699,-11.6710578],[-46.8270716,-11.6710574],[-46.8272543,-11.6710392],[-46.8273511,-11.6709199],[-46.8273526,-11.6709184],[-46.8273544,-11.6709173],[-46.8274577,-11.6708708],[-46.8274641,-11.6708145],[-46.8274644,-11.6708129],[-46.8274651,-11.6708114],[-46.827466,-11.67081],[-46.8275907,-11.6706527],[-46.8275919,-11.6706515],[-46.8275933,-11.6706505],[-46.8275949,-11.6706498],[-46.8275966,-11.6706494],[-46.8275983,-11.6706493],[-46.8278092,-11.6706613],[-46.8279155,-11.6705283],[-46.8279169,-11.6705268],[-46.8279187,-11.6705257],[-46.8279206,-11.6705251],[-46.8280614,-11.6704948],[-46.828064,-11.6704946],[-46.8282013,-11.6705054],[-46.8282677,-11.670259],[-46.8282679,-11.6702583],[-46.828346,-11.670043],[-46.8283468,-11.6700413],[-46.828348,-11.6700398],[-46.8283495,-11.6700386],[-46.8283512,-11.6700377],[-46.8284554,-11.669998],[-46.8284573,-11.6699975],[-46.8286488,-11.6699694],[-46.8286538,-11.6698344],[-46.828654,-11.6698326],[-46.8286546,-11.669831],[-46.8286555,-11.6698295],[-46.8286566,-11.6698281],[-46.828658,-11.6698271],[-46.8286596,-11.6698263],[-46.8286613,-11.6698258],[-46.8288558,-11.6697939],[-46.8288571,-11.6697938],[-46.8290249,-11.6697916],[-46.8290665,-11.6697837],[-46.8291356,-11.6697012],[-46.8291368,-11.6697],[-46.8291381,-11.6696991],[-46.8291396,-11.6696984],[-46.8291413,-11.669698],[-46.829381,-11.6696647],[-46.829346,-11.6695244],[-46.8293457,-11.6695226],[-46.8293458,-11.6695209],[-46.8293462,-11.6695192],[-46.829347,-11.6695176],[-46.8293481,-11.6695161],[-46.8293494,-11.6695149],[-46.8293509,-11.669514],[-46.8293526,-11.6695135],[-46.8294095,-11.6694998],[-46.8293756,-11.6694732],[-46.8293742,-11.6694719],[-46.8293732,-11.6694704],[-46.8293725,-11.6694688],[-46.8293721,-11.669467],[-46.8293722,-11.6694651],[-46.8293725,-11.6694634],[-46.8293733,-11.6694617],[-46.8293743,-11.6694602],[-46.8293756,-11.669459],[-46.8293772,-11.669458],[-46.8293789,-11.6694574],[-46.8293807,-11.6694571],[-46.8296212,-11.6694466],[-46.8296747,-11.6692578],[-46.8296756,-11.6692556],[-46.8297507,-11.6691325],[-46.8296745,-11.6690633],[-46.8296732,-11.6690619],[-46.8296723,-11.6690603],[-46.8296717,-11.6690585],[-46.8296716,-11.6690566],[-46.8296727,-11.6688774],[-46.8296728,-11.6688758],[-46.8296733,-11.6688742],[-46.829674,-11.6688727],[-46.829675,-11.6688714],[-46.8296762,-11.6688703],[-46.8296776,-11.6688694],[-46.8297458,-11.6688354],[-46.8298901,-11.6687244],[-46.8299357,-11.6684913],[-46.829815,-11.6685067],[-46.8298132,-11.6685068],[-46.8298113,-11.6685064],[-46.8298096,-11.6685057],[-46.8298081,-11.6685047],[-46.8297539,-11.6684588],[-46.8297526,-11.6684575],[-46.8297517,-11.668456],[-46.829751,-11.6684543],[-46.8297507,-11.6684525],[-46.8297508,-11.6684507],[-46.8297512,-11.6684489],[-46.829752,-11.6684472],[-46.8297531,-11.6684458],[-46.8297545,-11.6684446],[-46.8298589,-11.6683703],[-46.8297818,-11.6682815],[-46.8297808,-11.6682801],[-46.8297801,-11.6682786],[-46.8297797,-11.6682771],[-46.8297796,-11.6682754],[-46.8297798,-11.6682738],[-46.829839,-11.6679771],[-46.8296941,-11.6679342],[-46.8296926,-11.6679336],[-46.8296912,-11.6679327],[-46.8296899,-11.6679315],[-46.8296889,-11.6679302],[-46.8296882,-11.6679287],[-46.8296596,-11.6678518],[-46.8295935,-11.6676827],[-46.829593,-11.6676809],[-46.8295929,-11.6676789],[-46.8295933,-11.667677],[-46.829594,-11.6676752],[-46.8297462,-11.6673869],[-46.8297467,-11.6673861],[-46.8297683,-11.667354],[-46.8297977,-11.6671296],[-46.8297368,-11.6669625],[-46.8297364,-11.6669607],[-46.8297363,-11.6669589],[-46.8297366,-11.6669571],[-46.8297372,-11.6669554],[-46.8297382,-11.6669538],[-46.8297395,-11.6669525],[-46.829741,-11.6669515],[-46.8297427,-11.6669508],[-46.8297446,-11.6669505],[-46.8297464,-11.6669505],[-46.8297482,-11.6669509],[-46.8299243,-11.667011],[-46.8298729,-11.6667881],[-46.8298727,-11.6667865],[-46.8298728,-11.6667848],[-46.8298732,-11.6667831],[-46.8298739,-11.6667816],[-46.8298748,-11.6667802],[-46.829876,-11.6667791],[-46.8298775,-11.6667782],[-46.829879,-11.6667775],[-46.8298807,-11.6667772],[-46.8301209,-11.6667498],[-46.8300254,-11.6664931],[-46.830025,-11.6664914],[-46.8300249,-11.6664896],[-46.8300251,-11.6664879],[-46.8300257,-11.6664862],[-46.8300266,-11.6664847],[-46.8300278,-11.6664834],[-46.8300292,-11.6664823],[-46.8300308,-11.6664815],[-46.8300325,-11.6664811],[-46.8301959,-11.6664564],[-46.8301978,-11.6664563],[-46.8301998,-11.6664566],[-46.8302016,-11.6664574],[-46.8302032,-11.6664585],[-46.8304563,-11.6666835],[-46.830457,-11.6666843],[-46.8305661,-11.6668055],[-46.8306752,-11.6668703],[-46.8306766,-11.6668714],[-46.8306779,-11.6668728],[-46.8306788,-11.6668744],[-46.8307704,-11.6670785],[-46.8308955,-11.6670463],[-46.830897,-11.667046],[-46.8308985,-11.667046],[-46.8309,-11.6670463],[-46.8311713,-11.6671138],[-46.8311729,-11.6671143],[-46.8311744,-11.6671152],[-46.8311757,-11.6671163],[-46.8311767,-11.6671176],[-46.8311775,-11.6671191],[-46.831178,-11.6671208],[-46.8311782,-11.6671224],[-46.831178,-11.6671241],[-46.831156,-11.6672437],[-46.8314062,-11.6673022],[-46.8314583,-11.6672154],[-46.8313883,-11.6669719],[-46.831388,-11.6669703],[-46.831388,-11.6669686],[-46.8313883,-11.6669669],[-46.8314283,-11.6668294],[-46.831429,-11.6668278],[-46.8314299,-11.6668263],[-46.8314312,-11.666825],[-46.8314326,-11.666824],[-46.8314343,-11.6668233],[-46.831436,-11.666823],[-46.8317316,-11.6667928],[-46.8319742,-11.6667398],[-46.8319758,-11.6667396],[-46.8319775,-11.6667397],[-46.8319791,-11.6667401],[-46.8321659,-11.6668062],[-46.8322614,-11.6667686],[-46.8322631,-11.6667681],[-46.8322647,-11.6667679],[-46.8324441,-11.6667685],[-46.8326024,-11.6667668],[-46.8326043,-11.666767],[-46.8326061,-11.6667676],[-46.8326077,-11.6667685],[-46.8326091,-11.6667697],[-46.8327419,-11.666913],[-46.8327428,-11.6669142],[-46.8328838,-11.667126],[-46.8330915,-11.666984],[-46.8332702,-11.6668564],[-46.8334439,-11.6667218],[-46.8335095,-11.6666707],[-46.833511,-11.6666697],[-46.8335127,-11.6666691],[-46.8335145,-11.6666688],[-46.8335163,-11.6666689],[-46.8335181,-11.6666693],[-46.8335197,-11.6666701],[-46.8336178,-11.6667301],[-46.833619,-11.666731],[-46.8336201,-11.6667322],[-46.833621,-11.6667336],[-46.8336216,-11.666735],[-46.833622,-11.6667366],[-46.833631,-11.6668036],[-46.8337974,-11.6668622],[-46.8338837,-11.6667842],[-46.8336725,-11.6666453],[-46.8336712,-11.6666442],[-46.8336701,-11.6666429],[-46.8336693,-11.6666414],[-46.8336687,-11.6666398],[-46.8336685,-11.6666381],[-46.8336686,-11.6666364],[-46.833669,-11.6666347],[-46.8336698,-11.6666332],[-46.8337423,-11.666512],[-46.8337432,-11.6665107],[-46.8337444,-11.6665096],[-46.8341019,-11.6662241],[-46.8341035,-11.666223],[-46.8341054,-11.6662224],[-46.8341073,-11.6662221],[-46.8341092,-11.6662223],[-46.834484,-11.6662964],[-46.8344856,-11.6662969],[-46.8344871,-11.6662977],[-46.8344884,-11.6662988],[-46.8344896,-11.6663],[-46.8344904,-11.6663015],[-46.834491,-11.6663031],[-46.8345324,-11.6664708],[-46.8347612,-11.6664143],[-46.8351518,-11.6663166],[-46.8356733,-11.6661643],[-46.8357389,-11.6661354],[-46.8357405,-11.6661348],[-46.8357422,-11.6661346],[-46.8357439,-11.6661347],[-46.8357455,-11.6661351],[-46.835747,-11.6661358],[-46.8357484,-11.6661368],[-46.8357496,-11.6661381],[-46.8357505,-11.6661395],[-46.8357511,-11.6661411],[-46.8357515,-11.6661427],[-46.8357611,-11.6662422],[-46.8359497,-11.666424],[-46.8361743,-11.6663741],[-46.8363346,-11.6662713],[-46.8363362,-11.6662705],[-46.836338,-11.66627],[-46.8363398,-11.6662699],[-46.8363416,-11.6662701],[-46.8363433,-11.6662708],[-46.8363449,-11.6662717],[-46.8363462,-11.666273],[-46.8363473,-11.6662745],[-46.836348,-11.6662761],[-46.8363974,-11.6664305],[-46.8367214,-11.6665838],[-46.8367229,-11.6665847],[-46.8367242,-11.6665859],[-46.8367253,-11.6665874],[-46.836726,-11.666589],[-46.8367264,-11.6665908],[-46.8367265,-11.6665926],[-46.8367153,-11.6667456],[-46.8368544,-11.6667438],[-46.8370248,-11.6666892],[-46.8370267,-11.6666888],[-46.8370287,-11.6666888],[-46.8370306,-11.6666893],[-46.8372456,-11.6667674],[-46.8372472,-11.6667681],[-46.8372486,-11.6667692],[-46.8372498,-11.6667706],[-46.8372507,-11.6667721],[-46.8372513,-11.6667738],[-46.8372515,-11.6667756],[-46.8372514,-11.6667774],[-46.8372509,-11.6667791],[-46.8372501,-11.6667807],[-46.837249,-11.6667821],[-46.8370879,-11.666949],[-46.8370865,-11.6669502],[-46.8370849,-11.6669511],[-46.8370832,-11.6669516],[-46.8369253,-11.6669848],[-46.8371986,-11.6670275],[-46.8372003,-11.6670279],[-46.8372018,-11.6670286],[-46.8372032,-11.6670297],[-46.8372044,-11.6670309],[-46.8372053,-11.6670324],[-46.8372059,-11.667034],[-46.8372062,-11.6670357],[-46.8372062,-11.6670374],[-46.8372058,-11.667039],[-46.8372052,-11.6670406],[-46.8372042,-11.6670421],[-46.837203,-11.6670433],[-46.8372016,-11.6670443],[-46.8372,-11.6670449],[-46.8369237,-11.6671361],[-46.8369218,-11.6671365],[-46.8368986,-11.667139],[-46.8370207,-11.6672022],[-46.837124,-11.6672508],[-46.8372184,-11.6672851],[-46.8372205,-11.6672863],[-46.837234,-11.6672959],[-46.8373175,-11.6671706],[-46.8373187,-11.6671691],[-46.8373202,-11.6671679],[-46.8373219,-11.6671671],[-46.8373237,-11.6671666],[-46.8373256,-11.6671666],[-46.8373416,-11.6671676],[-46.8374364,-11.6671414],[-46.8374457,-11.6671351],[-46.8374473,-11.6671342],[-46.8374491,-11.6671337],[-46.8374509,-11.6671335],[-46.8374527,-11.6671337],[-46.8374545,-11.6671343],[-46.837456,-11.6671351],[-46.8376576,-11.667278],[-46.8376586,-11.6672764],[-46.8376596,-11.6672749],[-46.837661,-11.6672736],[-46.8376625,-11.6672727],[-46.8376643,-11.6672721],[-46.8376661,-11.6672718],[-46.837928,-11.6672632],[-46.8379301,-11.6672634],[-46.8379321,-11.667264],[-46.8382033,-11.6673892],[-46.8384219,-11.6674007],[-46.8384235,-11.667401],[-46.8384251,-11.6674015],[-46.8384266,-11.6674024],[-46.8384279,-11.6674035],[-46.8384289,-11.6674048],[-46.8385187,-11.6675422],[-46.8385568,-11.6674978],[-46.838558,-11.6674965],[-46.8385595,-11.6674956],[-46.8385612,-11.6674949],[-46.8385629,-11.6674946],[-46.8385647,-11.6674947],[-46.8385664,-11.6674951],[-46.838568,-11.6674958],[-46.8385695,-11.6674968],[-46.838775,-11.6676737],[-46.838881,-11.6675532],[-46.8388823,-11.667552],[-46.8388838,-11.6675511],[-46.8388854,-11.6675505],[-46.8388871,-11.6675502],[-46.8388889,-11.6675502],[-46.8388906,-11.6675506],[-46.8390423,-11.6676003],[-46.8392264,-11.667623],[-46.8392281,-11.6676234],[-46.8392297,-11.6676241],[-46.8392311,-11.667625],[-46.8392323,-11.6676263],[-46.8392332,-11.6676277],[-46.8392339,-11.6676293],[-46.8392342,-11.667631],[-46.8392343,-11.6676327],[-46.8392188,-11.6678048],[-46.8393556,-11.667934],[-46.8393567,-11.6679352],[-46.8393576,-11.6679367],[-46.8393581,-11.6679382],[-46.8393584,-11.6679398],[-46.8393702,-11.6680811],[-46.8395962,-11.6679864],[-46.8395983,-11.6679858],[-46.8396004,-11.6679857],[-46.8396788,-11.6679918],[-46.8396806,-11.6679922],[-46.8396823,-11.6679929],[-46.8396838,-11.6679939],[-46.8396851,-11.6679952],[-46.8396861,-11.6679967],[-46.8396868,-11.6679985],[-46.8397316,-11.6681632],[-46.8399467,-11.6680791],[-46.8399471,-11.668079],[-46.8400929,-11.6680293],[-46.8403876,-11.6677663],[-46.840389,-11.6677653],[-46.8403906,-11.6677646],[-46.8403923,-11.6677642],[-46.840394,-11.6677641],[-46.8403957,-11.6677643],[-46.8403974,-11.6677649],[-46.8403989,-11.6677657],[-46.8404002,-11.6677669],[-46.8404012,-11.6677682],[-46.840402,-11.6677698],[-46.8404025,-11.6677715],[-46.8404507,-11.6680391],[-46.8406744,-11.6680088],[-46.840921,-11.6678583],[-46.8409366,-11.6676294],[-46.8409369,-11.6676275],[-46.8409376,-11.6676257],[-46.8409387,-11.6676242],[-46.8409401,-11.6676228],[-46.8409417,-11.6676219],[-46.8409435,-11.6676212],[-46.8411507,-11.6675732],[-46.8411526,-11.6675729],[-46.8411545,-11.6675731],[-46.8411563,-11.6675736],[-46.8411579,-11.6675745],[-46.8411593,-11.6675758],[-46.8411605,-11.6675773],[-46.8411613,-11.667579],[-46.8412342,-11.6677872],[-46.8416396,-11.6676473],[-46.8416413,-11.6676469],[-46.8416432,-11.6676468],[-46.841645,-11.6676472],[-46.8416467,-11.6676479],[-46.8416482,-11.6676489],[-46.8416495,-11.6676502],[-46.8416505,-11.6676517],[-46.8417542,-11.6678535],[-46.8418932,-11.6679233],[-46.8422114,-11.66763],[-46.8422129,-11.667629],[-46.8422145,-11.6676282],[-46.8422163,-11.6676277],[-46.8422181,-11.6676277],[-46.8422199,-11.667628],[-46.8422216,-11.6676286],[-46.8422231,-11.6676296],[-46.8422244,-11.6676309],[-46.8422254,-11.6676324],[-46.8422261,-11.6676341],[-46.8423545,-11.6680667],[-46.8425635,-11.6678966],[-46.842565,-11.6678956],[-46.8425668,-11.6678949],[-46.8425686,-11.6678946],[-46.8425705,-11.6678947],[-46.8425723,-11.6678952],[-46.8426752,-11.6679335],[-46.842938,-11.6678473],[-46.8429396,-11.6678469],[-46.8429413,-11.6678468],[-46.8429429,-11.6678471],[-46.8431958,-11.6679066],[-46.8434744,-11.6678531],[-46.8434763,-11.6678529],[-46.8434781,-11.6678532],[-46.8434799,-11.6678537],[-46.8434815,-11.6678547],[-46.8434828,-11.6678559],[-46.8434839,-11.6678574],[-46.8434847,-11.6678591],[-46.8434851,-11.6678609],[-46.8434851,-11.6678628],[-46.8434484,-11.6682497],[-46.8434482,-11.6682511],[-46.843389,-11.6684831],[-46.8433884,-11.6684846],[-46.8433876,-11.6684861],[-46.8433865,-11.6684874],[-46.8433852,-11.6684884],[-46.843121,-11.6686595],[-46.8431194,-11.6686603],[-46.8431176,-11.6686608],[-46.8431158,-11.6686609],[-46.843114,-11.6686607],[-46.8431123,-11.6686601],[-46.8429136,-11.6685667],[-46.8427357,-11.6686883],[-46.8426644,-11.6689762],[-46.8430936,-11.6694134],[-46.8430938,-11.6694136],[-46.8432338,-11.6695627],[-46.843235,-11.6695643],[-46.8432358,-11.669566],[-46.8432362,-11.6695679],[-46.8432362,-11.6695699],[-46.8432112,-11.6698001],[-46.8432108,-11.6698018],[-46.8432101,-11.6698034],[-46.8432092,-11.6698049],[-46.843208,-11.6698061],[-46.8431357,-11.6698657],[-46.8432818,-11.6698822],[-46.8432835,-11.6698825],[-46.8432851,-11.6698832],[-46.8432865,-11.6698841],[-46.8432877,-11.6698853],[-46.8432887,-11.6698867],[-46.8432894,-11.6698883],[-46.8432898,-11.6698899],[-46.8432898,-11.6698916],[-46.8432896,-11.6698933],[-46.843289,-11.6698949],[-46.8432881,-11.6698964],[-46.843287,-11.6698977],[-46.8432857,-11.6698987],[-46.8430229,-11.6700656],[-46.8431426,-11.6703265],[-46.8431432,-11.670328],[-46.8431434,-11.6703296],[-46.8431434,-11.6703312],[-46.8430973,-11.6707972],[-46.8432477,-11.6708967],[-46.8432492,-11.6708978],[-46.8432503,-11.6708993],[-46.8432512,-11.6709009],[-46.8432517,-11.6709027],[-46.8432518,-11.6709045],[-46.8432443,-11.6711042],[-46.8432953,-11.6713432],[-46.8436298,-11.6715943],[-46.8440798,-11.67178],[-46.8440813,-11.6717808],[-46.8440827,-11.6717819],[-46.8440838,-11.6717831],[-46.8440846,-11.6717846],[-46.8440851,-11.6717862],[-46.8440854,-11.6717879],[-46.8440853,-11.6717896],[-46.8440849,-11.6717912],[-46.8440842,-11.6717928],[-46.8440832,-11.6717942],[-46.8439382,-11.6719639],[-46.8439367,-11.6719653],[-46.843935,-11.6719663],[-46.843933,-11.6719669],[-46.8436586,-11.6720176],[-46.8434877,-11.6722958],[-46.8434867,-11.6722972],[-46.8434854,-11.6722983],[-46.843484,-11.6722992],[-46.8432365,-11.6724202],[-46.8432002,-11.6725545],[-46.8433157,-11.6726486],[-46.8433171,-11.67265],[-46.8433181,-11.6726517],[-46.8433188,-11.6726535],[-46.843319,-11.6726555],[-46.8433215,-11.673003],[-46.8433214,-11.6730041],[-46.8432875,-11.6732843],[-46.8434077,-11.6736329],[-46.8434079,-11.6736337],[-46.8434768,-11.6739184],[-46.8434771,-11.6739203],[-46.8434769,-11.6739222],[-46.8434764,-11.673924],[-46.8434755,-11.6739257],[-46.8434742,-11.6739271],[-46.8432406,-11.6741477],[-46.8432392,-11.6741487],[-46.8432376,-11.6741495],[-46.8429463,-11.6742595],[-46.8432442,-11.6744465],[-46.8432457,-11.6744477],[-46.8432469,-11.6744491],[-46.8432477,-11.6744507],[-46.8432483,-11.6744524],[-46.8432484,-11.6744543],[-46.8432482,-11.6744561],[-46.8432477,-11.6744578],[-46.8432468,-11.6744594],[-46.8432455,-11.6744608],[-46.8432441,-11.6744619],[-46.8432424,-11.6744627],[-46.8432406,-11.6744631],[-46.8429511,-11.6745011],[-46.8433237,-11.6747819],[-46.8436137,-11.674995],[-46.843615,-11.6749961],[-46.843616,-11.6749975],[-46.8436168,-11.6749991],[-46.8436172,-11.6750008],[-46.8436173,-11.6750025],[-46.8436171,-11.6750042],[-46.8436166,-11.6750059],[-46.8436157,-11.6750074],[-46.8436146,-11.6750087],[-46.8436132,-11.6750098],[-46.8436116,-11.6750106],[-46.8433807,-11.6751019],[-46.8431833,-11.6753629],[-46.8431826,-11.6753637],[-46.8429597,-11.6755979],[-46.8430975,-11.6759416],[-46.843098,-11.6759432],[-46.8431519,-11.6762106],[-46.8432632,-11.6764229],[-46.8435634,-11.6765964],[-46.8435649,-11.6765974],[-46.8435661,-11.6765988],[-46.843567,-11.6766003],[-46.8435676,-11.676602],[-46.8435679,-11.6766038],[-46.8435678,-11.6766056],[-46.8435281,-11.6768461],[-46.8435764,-11.6770601],[-46.8437323,-11.6772527],[-46.8437332,-11.6772541],[-46.8437339,-11.6772557],[-46.8437342,-11.6772573],[-46.8437343,-11.677259],[-46.8436989,-11.6777107],[-46.8438614,-11.6779964],[-46.8438622,-11.6779981],[-46.8438626,-11.6779998],[-46.8438626,-11.6780017],[-46.8438622,-11.6780035],[-46.8438615,-11.6780052],[-46.8437265,-11.6782511],[-46.8436646,-11.6785082],[-46.843664,-11.6785098],[-46.8436632,-11.6785113],[-46.8436621,-11.6785126],[-46.8434632,-11.6787067],[-46.843462,-11.6787077],[-46.8434606,-11.6787085],[-46.843459,-11.678709],[-46.8434574,-11.6787093],[-46.8433469,-11.6787154],[-46.843345,-11.6787153],[-46.8430134,-11.6786649],[-46.8426899,-11.6787019],[-46.8423656,-11.6788016],[-46.8420051,-11.6789246],[-46.8420035,-11.678925],[-46.8420018,-11.6789251],[-46.8420001,-11.6789249],[-46.8417578,-11.6788671],[-46.841654,-11.6790836],[-46.8416535,-11.6790845],[-46.8415557,-11.6792415],[-46.8416378,-11.6793317],[-46.8416388,-11.6793331],[-46.8416395,-11.6793346],[-46.84164,-11.6793363],[-46.8416401,-11.679338],[-46.8416399,-11.6793397],[-46.8416394,-11.6793413],[-46.8416386,-11.6793428],[-46.841491,-11.6795639],[-46.8413559,-11.6798055],[-46.8413547,-11.6798072],[-46.8413532,-11.6798085],[-46.8413514,-11.6798095],[-46.8410988,-11.6799094],[-46.8410034,-11.6800794],[-46.8410025,-11.6800807],[-46.8408531,-11.6802624],[-46.8408517,-11.6802637],[-46.8408501,-11.6802648],[-46.8408483,-11.6802654],[-46.8408464,-11.6802657],[-46.8406651,-11.6802716],[-46.8406272,-11.6803962],[-46.8408366,-11.6804275],[-46.8408384,-11.6804279],[-46.84084,-11.6804287],[-46.8408414,-11.6804298],[-46.8408426,-11.6804312],[-46.8408435,-11.6804327],[-46.8408441,-11.6804344],[-46.8408443,-11.6804362],[-46.8408441,-11.680438],[-46.8408436,-11.6804398],[-46.8408428,-11.6804414],[-46.8408416,-11.6804428],[-46.8407175,-11.6805664],[-46.840716,-11.6805675],[-46.8407144,-11.6805684],[-46.8407126,-11.6805689],[-46.8407108,-11.680569],[-46.8404585,-11.6805607],[-46.8403093,-11.6806298],[-46.8403076,-11.6806304],[-46.8403058,-11.6806307],[-46.8400723,-11.6806362],[-46.8399779,-11.6807094],[-46.8399987,-11.6809971],[-46.8400286,-11.6811987],[-46.8400287,-11.6812004],[-46.8400285,-11.6812022],[-46.8400279,-11.6812039],[-46.8400269,-11.6812054],[-46.8399669,-11.6812859],[-46.8399666,-11.6812864],[-46.8398227,-11.6814542],[-46.8398213,-11.6814555],[-46.8398197,-11.6814565],[-46.8398179,-11.6814571],[-46.8398161,-11.6814573],[-46.8398142,-11.6814572],[-46.8398124,-11.6814567],[-46.8396593,-11.6813936],[-46.8396571,-11.6813923],[-46.8394675,-11.6812375],[-46.8393382,-11.6812436],[-46.8391383,-11.6813759],[-46.8389985,-11.6815172],[-46.8390997,-11.681712],[-46.8391003,-11.6817134],[-46.8391006,-11.6817149],[-46.8391007,-11.6817165],[-46.8390926,-11.6819262],[-46.8390924,-11.6819279],[-46.8390918,-11.6819295],[-46.839091,-11.681931],[-46.8390898,-11.6819324],[-46.8390885,-11.6819334],[-46.8390869,-11.6819342],[-46.8390852,-11.6819347],[-46.8390835,-11.6819348],[-46.8388982,-11.6819327],[-46.8387025,-11.6820617],[-46.8387009,-11.6820625],[-46.8386992,-11.682063],[-46.8386974,-11.6820632],[-46.8386249,-11.6820626],[-46.8386231,-11.6820624],[-46.8386213,-11.6820618],[-46.8386197,-11.6820609],[-46.8386183,-11.6820596],[-46.8386172,-11.6820581],[-46.8384815,-11.6818215],[-46.8382435,-11.6817813],[-46.8380343,-11.6818128],[-46.8380917,-11.681964],[-46.8382558,-11.6821],[-46.838257,-11.6821013],[-46.838258,-11.6821027],[-46.8382586,-11.6821043],[-46.838259,-11.6821061],[-46.838259,-11.6821078],[-46.8382586,-11.6821095],[-46.838258,-11.6821112],[-46.838257,-11.6821126],[-46.8382558,-11.6821139],[-46.8382543,-11.6821149],[-46.8382527,-11.6821155],[-46.8381548,-11.6821461],[-46.8382676,-11.6823867],[-46.8382682,-11.6823884],[-46.8382684,-11.6823901],[-46.8382684,-11.6823919],[-46.8382679,-11.6823936],[-46.8382672,-11.6823952],[-46.8382662,-11.6823966],[-46.8380573,-11.6826299],[-46.838056,-11.6826311],[-46.8380545,-11.682632],[-46.8380529,-11.6826326],[-46.8380511,-11.6826329],[-46.8377638,-11.6826514],[-46.8375097,-11.6827066],[-46.8375095,-11.6827066],[-46.8372074,-11.6827655],[-46.8371038,-11.6829954],[-46.8371028,-11.682997],[-46.8371015,-11.6829984],[-46.8370999,-11.6829996],[-46.836941,-11.6830874],[-46.8371144,-11.6832229],[-46.8371157,-11.6832241],[-46.8371167,-11.6832255],[-46.8371174,-11.6832271],[-46.8371178,-11.6832288],[-46.8371179,-11.6832306],[-46.8371176,-11.6832323],[-46.837117,-11.6832339],[-46.8371161,-11.6832354],[-46.8371149,-11.6832367],[-46.8371135,-11.6832377],[-46.8371119,-11.6832385],[-46.8371102,-11.6832389],[-46.8368325,-11.6832809],[-46.8368257,-11.6832998],[-46.8368558,-11.6834494],[-46.836909,-11.6835465],[-46.8369097,-11.6835481],[-46.8369101,-11.6835498],[-46.8369101,-11.6835516],[-46.8369098,-11.6835533],[-46.8368862,-11.683635],[-46.8368855,-11.6836367],[-46.8368844,-11.6836382],[-46.8368831,-11.6836395],[-46.8368816,-11.6836405],[-46.8368799,-11.6836412],[-46.8368781,-11.6836415],[-46.8366278,-11.6836571],[-46.8366303,-11.6837636],[-46.8367901,-11.6838561],[-46.8367915,-11.6838571],[-46.8367927,-11.6838584],[-46.8367936,-11.6838599],[-46.8367943,-11.6838615],[-46.8367945,-11.6838632],[-46.8367945,-11.683865],[-46.8367837,-11.6839528],[-46.8367832,-11.6839546],[-46.8367825,-11.6839563],[-46.8367814,-11.6839577],[-46.83678,-11.683959],[-46.8367784,-11.6839599],[-46.8367766,-11.6839605],[-46.8367748,-11.6839607],[-46.8367729,-11.6839605],[-46.8367712,-11.68396],[-46.8367696,-11.6839591],[-46.8366874,-11.6839016],[-46.8366609,-11.6842116],[-46.8366606,-11.6842132],[-46.83666,-11.6842148],[-46.8366591,-11.6842162],[-46.836658,-11.6842175],[-46.8366567,-11.6842185],[-46.8366552,-11.6842192],[-46.836528,-11.6842681],[-46.8365261,-11.6842686],[-46.8365243,-11.6842687],[-46.8365224,-11.6842684],[-46.8365206,-11.6842678],[-46.8365191,-11.6842667],[-46.8363332,-11.6841171],[-46.8361878,-11.6842074],[-46.8361861,-11.6842082],[-46.8361842,-11.6842087],[-46.8361823,-11.6842087],[-46.8361804,-11.6842083],[-46.8361787,-11.6842076],[-46.8359337,-11.684071],[-46.8356563,-11.6839665],[-46.835656,-11.6839664],[-46.8353952,-11.683858],[-46.8353935,-11.6838571],[-46.835392,-11.6838559],[-46.8353909,-11.6838544],[-46.8353901,-11.6838527],[-46.8353897,-11.6838508],[-46.8353636,-11.683635],[-46.8353635,-11.6836333],[-46.8353638,-11.6836316],[-46.8353644,-11.68363],[-46.8353653,-11.6836285],[-46.8353664,-11.6836272],[-46.8355682,-11.6834438],[-46.8355403,-11.6832552],[-46.8355402,-11.6832535],[-46.8355404,-11.6832519],[-46.8355409,-11.6832503],[-46.8355417,-11.6832488],[-46.8355428,-11.6832475],[-46.8355441,-11.6832464],[-46.8355456,-11.6832456],[-46.8355472,-11.6832451],[-46.8355489,-11.6832449],[-46.8355505,-11.683245],[-46.8357471,-11.6832754],[-46.836029,-11.6832578],[-46.8360722,-11.6831118],[-46.8357335,-11.68304],[-46.8354622,-11.6830042],[-46.8354604,-11.6830038],[-46.8354588,-11.6830031],[-46.8354574,-11.6830021],[-46.8354562,-11.6830008],[-46.8354553,-11.6829993],[-46.8354546,-11.6829977],[-46.8354543,-11.6829959],[-46.8354455,-11.6828726],[-46.8354455,-11.6828708],[-46.8354459,-11.682869],[-46.8354467,-11.6828674],[-46.8354477,-11.682866],[-46.835449,-11.6828647],[-46.8354506,-11.6828638],[-46.8354523,-11.6828632],[-46.835454,-11.6828629],[-46.8354558,-11.682863],[-46.8355732,-11.6828813],[-46.8356628,-11.6827982],[-46.8354188,-11.6826708],[-46.8351181,-11.6826454],[-46.835117,-11.6826452],[-46.8348808,-11.682594],[-46.8347163,-11.6826392],[-46.8347147,-11.6826395],[-46.8345179,-11.6826564],[-46.8345004,-11.6827548],[-46.8344951,-11.6829785],[-46.8344949,-11.6829802],[-46.8344944,-11.6829818],[-46.8344936,-11.6829833],[-46.8344926,-11.6829846],[-46.8344913,-11.6829857],[-46.8344899,-11.6829865],[-46.8344883,-11.6829871],[-46.8344866,-11.6829873],[-46.834485,-11.6829873],[-46.8344576,-11.6829837],[-46.8343409,-11.6829879],[-46.8343391,-11.6829878],[-46.8343373,-11.6829873],[-46.8343357,-11.6829865],[-46.8343342,-11.6829853],[-46.8343331,-11.6829839],[-46.8343322,-11.6829823],[-46.8343317,-11.6829805],[-46.8343316,-11.6829787],[-46.8343342,-11.6828385],[-46.8341343,-11.6827],[-46.8339707,-11.6828592],[-46.8339693,-11.6828603],[-46.8339677,-11.6828612],[-46.833966,-11.6828617],[-46.8339642,-11.6828618],[-46.8339625,-11.6828616],[-46.8339608,-11.682861],[-46.8339592,-11.6828601],[-46.8339579,-11.6828589],[-46.8339568,-11.6828575],[-46.833956,-11.6828559],[-46.8339555,-11.6828542],[-46.8339554,-11.6828524],[-46.833966,-11.6826013],[-46.8339446,-11.682341],[-46.8338108,-11.6823125],[-46.8337642,-11.6824753],[-46.8337635,-11.682477],[-46.8337625,-11.6824785],[-46.8337612,-11.6824798],[-46.8337596,-11.6824808],[-46.8337579,-11.6824815],[-46.833756,-11.6824818],[-46.8337542,-11.6824817],[-46.8335275,-11.6824461],[-46.8334728,-11.6825112],[-46.8336115,-11.6826838],[-46.8336125,-11.6826853],[-46.8336131,-11.6826871],[-46.8336134,-11.6826889],[-46.8336134,-11.6826907],[-46.8336129,-11.6826925],[-46.8336121,-11.6826942],[-46.833611,-11.6826956],[-46.8336096,-11.6826968],[-46.833608,-11.6826977],[-46.8336062,-11.6826983],[-46.8336044,-11.6826984],[-46.8334097,-11.6826973],[-46.8332382,-11.6827308],[-46.8332759,-11.6829881],[-46.8332759,-11.6829899],[-46.8332757,-11.6829916],[-46.8332751,-11.6829933],[-46.8332742,-11.6829948],[-46.833273,-11.6829961],[-46.8332716,-11.6829971],[-46.8332701,-11.6829979],[-46.8332684,-11.6829983],[-46.8332666,-11.6829984],[-46.8332649,-11.6829982],[-46.8332632,-11.6829976],[-46.8332617,-11.6829968],[-46.833167,-11.682929],[-46.833166,-11.6829282],[-46.8328083,-11.6825892],[-46.8326271,-11.6825578],[-46.8326255,-11.6825573],[-46.832624,-11.6825566],[-46.8326227,-11.6825557],[-46.8326215,-11.6825545],[-46.8326206,-11.6825531],[-46.83262,-11.6825515],[-46.8325308,-11.6822626],[-46.8323143,-11.6820735],[-46.8321627,-11.6821748],[-46.8320679,-11.6824238],[-46.8320671,-11.6824253],[-46.8320661,-11.6824266],[-46.8320649,-11.6824278],[-46.8319182,-11.682538],[-46.8319167,-11.682539],[-46.831915,-11.6825396],[-46.8319132,-11.6825398],[-46.8319115,-11.6825397],[-46.8319097,-11.6825393],[-46.8319081,-11.6825385],[-46.8319067,-11.6825375],[-46.8318288,-11.6824664],[-46.8315666,-11.6825797],[-46.8315651,-11.6825802],[-46.8314845,-11.6825985],[-46.8314828,-11.6825987],[-46.8314811,-11.6825986],[-46.8314795,-11.6825982],[-46.8314779,-11.6825975],[-46.8312901,-11.682487],[-46.8312539,-11.682578],[-46.831253,-11.6825797],[-46.8312518,-11.6825812],[-46.8312503,-11.6825824],[-46.8312485,-11.6825832],[-46.831119,-11.6826285],[-46.8311745,-11.6827723],[-46.831175,-11.6827739],[-46.8311751,-11.6827756],[-46.8311749,-11.6827773],[-46.8311745,-11.6827789],[-46.8311737,-11.6827804],[-46.8311727,-11.6827818],[-46.8311714,-11.6827829],[-46.8311699,-11.6827837],[-46.8311683,-11.6827843],[-46.8311667,-11.6827846],[-46.831165,-11.6827845],[-46.8307601,-11.6827334],[-46.8306129,-11.6829048],[-46.8306117,-11.6829059],[-46.8306103,-11.6829069],[-46.8306087,-11.6829075],[-46.8304236,-11.6829629],[-46.8303988,-11.6830903],[-46.8303984,-11.6830919],[-46.8303976,-11.6830934],[-46.8303966,-11.6830947],[-46.8303954,-11.6830958],[-46.830394,-11.6830967],[-46.8303924,-11.6830973],[-46.8302496,-11.6831372],[-46.8301977,-11.6833797],[-46.8301972,-11.6833813],[-46.8301963,-11.6833828],[-46.8301952,-11.6833842],[-46.8301939,-11.6833853],[-46.8301924,-11.6833861],[-46.8301907,-11.6833866],[-46.830189,-11.6833868],[-46.8301873,-11.6833866],[-46.8301856,-11.6833862],[-46.830184,-11.6833854],[-46.8301827,-11.6833843],[-46.8301491,-11.6833524],[-46.8301609,-11.6834509],[-46.8301609,-11.6834526],[-46.8301606,-11.6834543],[-46.83016,-11.6834559],[-46.8301591,-11.6834574],[-46.8301579,-11.6834587],[-46.8301566,-11.6834597],[-46.830155,-11.6834604],[-46.8301533,-11.6834608],[-46.8301516,-11.6834609],[-46.8301499,-11.6834607],[-46.8301483,-11.6834602],[-46.8298893,-11.6833442],[-46.8298501,-11.6834934],[-46.8298495,-11.6834951],[-46.8298485,-11.6834966],[-46.8298472,-11.683498],[-46.8296893,-11.6836327],[-46.8295229,-11.6838087],[-46.8295215,-11.6838099],[-46.8295199,-11.6838108],[-46.8295182,-11.6838113],[-46.8295163,-11.6838115],[-46.8295145,-11.6838113],[-46.8293914,-11.6837846],[-46.8293125,-11.6839179],[-46.8293115,-11.6839193],[-46.8293103,-11.6839204],[-46.8293089,-11.6839213],[-46.8293074,-11.6839219],[-46.8290665,-11.6839973],[-46.8290202,-11.6842019],[-46.8291687,-11.6841996],[-46.8291706,-11.6841998],[-46.8291723,-11.6842003],[-46.8291739,-11.6842011],[-46.8291753,-11.6842023],[-46.8291765,-11.6842037],[-46.8291773,-11.6842054],[-46.8291778,-11.6842071],[-46.8291779,-11.6842089],[-46.8291776,-11.6842107],[-46.8291449,-11.6843455],[-46.8291443,-11.6843472],[-46.8291433,-11.6843487],[-46.8291421,-11.68435],[-46.8291407,-11.6843511],[-46.829139,-11.6843518],[-46.8291373,-11.6843523],[-46.8291355,-11.6843523],[-46.8291337,-11.684352],[-46.8289987,-11.6843147],[-46.8289122,-11.6845286],[-46.8290618,-11.6846315],[-46.8290632,-11.6846326],[-46.8290643,-11.6846341],[-46.8290651,-11.6846357],[-46.8290656,-11.6846374],[-46.8290657,-11.6846392],[-46.8290654,-11.684641],[-46.8290648,-11.6846427],[-46.8289229,-11.684943],[-46.8289218,-11.6849447],[-46.8288035,-11.6850977],[-46.828802,-11.6850993],[-46.8288001,-11.6851004],[-46.8286388,-11.6851736],[-46.8285707,-11.6852255],[-46.8285693,-11.6852264],[-46.8285677,-11.685227],[-46.828566,-11.6852273],[-46.8282416,-11.6852548],[-46.8282409,-11.6852548],[-46.8279416,-11.6852557],[-46.8278198,-11.6853948],[-46.8278184,-11.6853962],[-46.8278167,-11.6853971],[-46.8278148,-11.6853977],[-46.8275303,-11.6854527],[-46.827529,-11.6854529],[-46.8272749,-11.6854651],[-46.8272731,-11.685465],[-46.8272714,-11.6854646],[-46.8272698,-11.6854638],[-46.8272684,-11.6854628],[-46.8272672,-11.6854615],[-46.8272663,-11.68546],[-46.8272657,-11.6854583],[-46.8272654,-11.6854565],[-46.8272655,-11.6854548],[-46.827266,-11.6854531],[-46.8272667,-11.6854515],[-46.8272678,-11.6854501],[-46.8272691,-11.6854489],[-46.8272706,-11.685448],[-46.8272723,-11.6854474],[-46.827274,-11.6854471],[-46.8275275,-11.6854349],[-46.8278083,-11.6853806],[-46.8279307,-11.6852407],[-46.8279321,-11.6852394],[-46.8279338,-11.6852385],[-46.8279356,-11.6852379],[-46.8279375,-11.6852377],[-46.8282404,-11.6852368],[-46.8285619,-11.6852096],[-46.8286287,-11.6851587],[-46.8286304,-11.6851576],[-46.8287906,-11.6850849],[-46.828907,-11.6849344],[-46.8290452,-11.684642],[-46.828896,-11.6845394],[-46.8288947,-11.6845382],[-46.8288936,-11.6845369],[-46.8288928,-11.6845354],[-46.8288923,-11.6845337],[-46.8288921,-11.684532],[-46.8288923,-11.6845302],[-46.8288928,-11.6845286],[-46.828985,-11.6843005],[-46.8289859,-11.6842989],[-46.8289871,-11.6842974],[-46.8289885,-11.6842963],[-46.8289902,-11.6842954],[-46.828992,-11.684295],[-46.8289939,-11.6842949],[-46.8289957,-11.6842952],[-46.8291296,-11.6843322],[-46.8291574,-11.6842178],[-46.829009,-11.6842201],[-46.8290072,-11.68422],[-46.8290055,-11.6842195],[-46.8290039,-11.6842186],[-46.8290025,-11.6842175],[-46.8290014,-11.6842161],[-46.8290005,-11.6842145],[-46.829,-11.6842127],[-46.8289999,-11.6842109],[-46.8290001,-11.6842091],[-46.8290501,-11.6839883],[-46.8290507,-11.6839865],[-46.8290517,-11.6839849],[-46.8290529,-11.6839835],[-46.8290545,-11.6839824],[-46.8290562,-11.6839817],[-46.8292987,-11.6839058],[-46.8293792,-11.6837699],[-46.8293803,-11.6837683],[-46.8293817,-11.6837671],[-46.8293833,-11.6837662],[-46.8293851,-11.6837656],[-46.829387,-11.6837654],[-46.8293888,-11.6837656],[-46.8295133,-11.6837926],[-46.8296765,-11.6836199],[-46.8296772,-11.6836193],[-46.8298334,-11.6834861],[-46.8298746,-11.6833294],[-46.8298752,-11.6833278],[-46.8298761,-11.6833263],[-46.8298773,-11.683325],[-46.8298787,-11.683324],[-46.8298802,-11.6833232],[-46.8298819,-11.6833228],[-46.8298836,-11.6833227],[-46.8298854,-11.6833229],[-46.829887,-11.6833234],[-46.8301411,-11.6834372],[-46.8301283,-11.6833297],[-46.8301282,-11.6833278],[-46.8301286,-11.683326],[-46.8301293,-11.6833243],[-46.8301303,-11.6833228],[-46.8301316,-11.6833215],[-46.8301332,-11.6833206],[-46.8301349,-11.6833199],[-46.8301367,-11.6833196],[-46.8301385,-11.6833197],[-46.8301403,-11.6833202],[-46.830142,-11.683321],[-46.8301434,-11.6833221],[-46.8301834,-11.6833602],[-46.8302331,-11.6831281],[-46.8302336,-11.6831266],[-46.8302344,-11.6831251],[-46.8302354,-11.6831238],[-46.8302366,-11.6831227],[-46.830238,-11.6831219],[-46.8302395,-11.6831213],[-46.8303822,-11.6830814],[-46.830407,-11.6829541],[-46.8304074,-11.6829525],[-46.8304082,-11.6829511],[-46.8304092,-11.6829498],[-46.8304104,-11.6829487],[-46.8304117,-11.6829478],[-46.8304132,-11.6829472],[-46.830601,-11.682891],[-46.8307496,-11.682718],[-46.8307508,-11.6827168],[-46.8307523,-11.6827158],[-46.830754,-11.6827152],[-46.8307557,-11.6827149],[-46.8307575,-11.682715],[-46.8311523,-11.6827647],[-46.8310988,-11.6826263],[-46.8310983,-11.6826246],[-46.8310982,-11.6826228],[-46.8310985,-11.682621],[-46.831099,-11.6826193],[-46.8311,-11.6826177],[-46.8311012,-11.6826164],[-46.8311026,-11.6826153],[-46.8311042,-11.6826146],[-46.8312387,-11.6825676],[-46.8312772,-11.6824706],[-46.831278,-11.682469],[-46.831279,-11.6824677],[-46.8312803,-11.6824665],[-46.8312818,-11.6824657],[-46.8312835,-11.6824651],[-46.8312852,-11.6824649],[-46.8312869,-11.682465],[-46.8312886,-11.6824654],[-46.8312901,-11.6824661],[-46.831484,-11.6825801],[-46.8315603,-11.6825628],[-46.831827,-11.6824476],[-46.8318286,-11.682447],[-46.8318303,-11.6824468],[-46.831832,-11.6824469],[-46.8318337,-11.6824474],[-46.8318353,-11.6824481],[-46.8318366,-11.6824492],[-46.8319133,-11.6825191],[-46.8320519,-11.6824149],[-46.8321469,-11.6821657],[-46.8321477,-11.682164],[-46.8321488,-11.6821626],[-46.8321503,-11.6821614],[-46.83231,-11.6820547],[-46.8323115,-11.6820539],[-46.8323131,-11.6820534],[-46.8323147,-11.6820532],[-46.8323164,-11.6820533],[-46.832318,-11.6820537],[-46.8323196,-11.6820545],[-46.8323209,-11.6820554],[-46.8325445,-11.6822507],[-46.8325457,-11.6822519],[-46.8325466,-11.6822533],[-46.8325472,-11.6822548],[-46.8326356,-11.682541],[-46.832814,-11.682572],[-46.8328157,-11.6825724],[-46.8328173,-11.6825732],[-46.8328187,-11.6825743],[-46.833178,-11.6829147],[-46.833255,-11.6829698],[-46.8332191,-11.6827249],[-46.8332191,-11.6827232],[-46.8332193,-11.6827215],[-46.8332199,-11.6827199],[-46.8332207,-11.6827184],[-46.8332218,-11.6827171],[-46.8332232,-11.682716],[-46.8332247,-11.6827153],[-46.8332263,-11.6827148],[-46.8334072,-11.6826795],[-46.8334089,-11.6826793],[-46.8335856,-11.6826803],[-46.8334541,-11.6825168],[-46.8334531,-11.6825153],[-46.8334525,-11.6825136],[-46.8334521,-11.6825119],[-46.8334522,-11.6825101],[-46.8334525,-11.6825084],[-46.8334532,-11.6825068],[-46.8334542,-11.6825053],[-46.833517,-11.6824306],[-46.8335183,-11.6824293],[-46.8335199,-11.6824283],[-46.8335216,-11.6824277],[-46.8335234,-11.6824274],[-46.8335253,-11.6824275],[-46.8337491,-11.6824626],[-46.8337958,-11.6822995],[-46.8337964,-11.6822979],[-46.8337973,-11.6822965],[-46.8337984,-11.6822952],[-46.8337998,-11.6822942],[-46.8338013,-11.6822935],[-46.833803,-11.6822931],[-46.8338046,-11.6822929],[-46.8338063,-11.6822931],[-46.8339549,-11.6823248],[-46.8339565,-11.6823253],[-46.833958,-11.6823261],[-46.8339593,-11.6823271],[-46.8339603,-11.6823283],[-46.8339612,-11.6823297],[-46.8339618,-11.6823313],[-46.833962,-11.6823329],[-46.833984,-11.6826004],[-46.833984,-11.6826015],[-46.8339744,-11.6828305],[-46.834127,-11.6826819],[-46.8341284,-11.6826808],[-46.83413,-11.68268],[-46.8341317,-11.6826795],[-46.8341335,-11.6826793],[-46.8341352,-11.6826795],[-46.8341369,-11.6826801],[-46.8341385,-11.6826809],[-46.8343485,-11.6828265],[-46.8343498,-11.6828276],[-46.8343509,-11.682829],[-46.8343517,-11.6828306],[-46.8343522,-11.6828323],[-46.8343523,-11.6828341],[-46.8343497,-11.6829695],[-46.8344577,-11.6829657],[-46.8344592,-11.6829658],[-46.8344773,-11.6829681],[-46.8344824,-11.6827537],[-46.8344825,-11.6827523],[-46.8345014,-11.6826465],[-46.8345019,-11.6826449],[-46.8345026,-11.6826433],[-46.8345036,-11.682642],[-46.8345049,-11.6826409],[-46.8345063,-11.68264],[-46.8345079,-11.6826394],[-46.8345095,-11.6826391],[-46.8347123,-11.6826217],[-46.8348782,-11.682576],[-46.8348803,-11.6825757],[-46.8348825,-11.6825759],[-46.8351202,-11.6826275],[-46.8354221,-11.682653],[-46.8354239,-11.6826533],[-46.8354256,-11.682654],[-46.8356825,-11.6827881],[-46.8356839,-11.6827891],[-46.8356852,-11.6827903],[-46.8356862,-11.6827917],[-46.8356869,-11.6827932],[-46.8356873,-11.6827949],[-46.8356873,-11.6827966],[-46.8356871,-11.6827983],[-46.8356865,-11.6828],[-46.8356856,-11.6828014],[-46.8356845,-11.6828027],[-46.8355822,-11.6828974],[-46.8355809,-11.6828984],[-46.8355795,-11.6828992],[-46.835578,-11.6828996],[-46.8355763,-11.6828998],[-46.8355747,-11.6828997],[-46.8354642,-11.6828826],[-46.8354718,-11.6829873],[-46.8357362,-11.6830222],[-46.8357369,-11.6830223],[-46.8360855,-11.6830962],[-46.8360872,-11.6830968],[-46.8360889,-11.6830977],[-46.8360902,-11.6830989],[-46.8360914,-11.6831004],[-46.8360921,-11.6831021],[-46.8360925,-11.6831039],[-46.8360926,-11.6831057],[-46.8360922,-11.6831076],[-46.8360445,-11.6832689],[-46.8360438,-11.6832706],[-46.8360428,-11.6832722],[-46.8360414,-11.6832734],[-46.8360399,-11.6832744],[-46.8360382,-11.6832751],[-46.8360364,-11.6832754],[-46.8357472,-11.6832934],[-46.8357453,-11.6832933],[-46.8355599,-11.6832647],[-46.8355867,-11.6834459],[-46.8355868,-11.6834477],[-46.8355865,-11.6834494],[-46.8355859,-11.6834511],[-46.835585,-11.6834526],[-46.8355838,-11.6834539],[-46.835382,-11.6836374],[-46.8354069,-11.6838434],[-46.8356628,-11.6839497],[-46.8359407,-11.6840543],[-46.8359419,-11.6840549],[-46.8361828,-11.6841893],[-46.8363291,-11.6840985],[-46.8363308,-11.6840976],[-46.8363326,-11.6840972],[-46.8363344,-11.6840971],[-46.8363363,-11.6840974],[-46.836338,-11.6840981],[-46.8363395,-11.6840991],[-46.8365263,-11.6842495],[-46.8366434,-11.6842044],[-46.8366707,-11.6838845],[-46.8366711,-11.6838828],[-46.8366717,-11.6838812],[-46.8366726,-11.6838798],[-46.8366738,-11.6838785],[-46.8366751,-11.6838775],[-46.8366767,-11.6838768],[-46.8366784,-11.6838764],[-46.8366801,-11.6838763],[-46.8366818,-11.6838765],[-46.8366834,-11.6838771],[-46.8366849,-11.6838779],[-46.8367676,-11.6839357],[-46.8367759,-11.6838687],[-46.8366169,-11.6837767],[-46.8366154,-11.6837756],[-46.8366141,-11.6837742],[-46.8366132,-11.6837727],[-46.8366126,-11.6837709],[-46.8366124,-11.6837691],[-46.8366096,-11.6836488],[-46.8366097,-11.6836471],[-46.8366102,-11.6836454],[-46.8366109,-11.6836439],[-46.836612,-11.6836425],[-46.8366133,-11.6836414],[-46.8366147,-11.6836405],[-46.8366163,-11.6836399],[-46.8366181,-11.6836396],[-46.8368706,-11.6836239],[-46.8368914,-11.6835519],[-46.8368393,-11.6834568],[-46.8368388,-11.6834556],[-46.8368384,-11.6834543],[-46.8368076,-11.6833009],[-46.8368074,-11.6832993],[-46.8368075,-11.6832977],[-46.8368079,-11.6832961],[-46.8368173,-11.6832697],[-46.8368182,-11.683268],[-46.8368194,-11.6832665],[-46.8368209,-11.6832652],[-46.8368226,-11.6832644],[-46.8368245,-11.6832639],[-46.8370869,-11.6832242],[-46.8369192,-11.6830932],[-46.8369179,-11.683092],[-46.8369169,-11.6830905],[-46.8369162,-11.6830889],[-46.8369158,-11.6830872],[-46.8369157,-11.6830854],[-46.8369161,-11.6830837],[-46.8369167,-11.683082],[-46.8369177,-11.6830805],[-46.8369189,-11.6830792],[-46.8369204,-11.6830782],[-46.8370886,-11.6829852],[-46.8371929,-11.6827538],[-46.8371937,-11.6827523],[-46.8371949,-11.682751],[-46.8371962,-11.6827499],[-46.8371977,-11.6827491],[-46.8371994,-11.6827487],[-46.837506,-11.682689],[-46.8377606,-11.6826337],[-46.8377619,-11.6826335],[-46.8380463,-11.6826151],[-46.8382488,-11.682389],[-46.8381341,-11.6821444],[-46.8381335,-11.6821428],[-46.8381332,-11.6821411],[-46.8381333,-11.6821394],[-46.8381337,-11.6821377],[-46.8381344,-11.6821362],[-46.8381353,-11.6821348],[-46.8381365,-11.6821336],[-46.838138,-11.6821326],[-46.8381395,-11.682132],[-46.8382315,-11.6821033],[-46.8380784,-11.6819764],[-46.8380773,-11.6819753],[-46.8380764,-11.681974],[-46.8380757,-11.6819726],[-46.8380135,-11.6818088],[-46.8380131,-11.681807],[-46.8380129,-11.6818053],[-46.8380132,-11.6818035],[-46.8380138,-11.6818018],[-46.8380147,-11.6818003],[-46.8380158,-11.6817989],[-46.8380173,-11.6817979],[-46.8380189,-11.6817971],[-46.8380206,-11.6817967],[-46.8382423,-11.6817633],[-46.8382437,-11.6817632],[-46.8382451,-11.6817633],[-46.8384887,-11.6818044],[-46.8384906,-11.681805],[-46.8384924,-11.6818059],[-46.8384939,-11.6818072],[-46.838495,-11.6818088],[-46.8386302,-11.6820446],[-46.8386948,-11.6820451],[-46.8388906,-11.6819161],[-46.8388922,-11.6819153],[-46.8388939,-11.6819148],[-46.8388957,-11.6819146],[-46.8390749,-11.6819167],[-46.8390826,-11.6817181],[-46.8389795,-11.6815197],[-46.8389788,-11.681518],[-46.8389785,-11.6815161],[-46.8389786,-11.6815142],[-46.8389791,-11.6815124],[-46.8389799,-11.6815107],[-46.8389811,-11.6815092],[-46.8391261,-11.6813626],[-46.8391275,-11.6813614],[-46.8393303,-11.6812272],[-46.8393317,-11.6812264],[-46.8393333,-11.6812259],[-46.8393349,-11.6812257],[-46.8394438,-11.6812206],[-46.8393707,-11.6811693],[-46.8391969,-11.6811135],[-46.8391958,-11.681113],[-46.839157,-11.6810942],[-46.839021,-11.6810378],[-46.8390201,-11.6810373],[-46.8388842,-11.6809619],[-46.8387484,-11.6809056],[-46.8387469,-11.6809048],[-46.83863,-11.6808291],[-46.8386292,-11.6808285],[-46.8385121,-11.6807336],[-46.8385109,-11.6807324],[-46.838414,-11.6806193],[-46.8382981,-11.6805442],[-46.8382967,-11.6805431],[-46.8382955,-11.6805417],[-46.8382171,-11.6804274],[-46.8382168,-11.6804269],[-46.8381383,-11.6802935],[-46.8380597,-11.68016],[-46.8380593,-11.6801591],[-46.8380002,-11.6800256],[-46.8379995,-11.6800231],[-46.8379791,-11.6798706],[-46.83794,-11.6797025],[-46.837787,-11.6796003],[-46.837632,-11.6794967],[-46.8374482,-11.6794313],[-46.8372633,-11.6793655],[-46.8372619,-11.6793648],[-46.8372606,-11.679364],[-46.8371338,-11.6792595],[-46.8370069,-11.6791551],[-46.8370059,-11.6791541],[-46.837005,-11.679153],[-46.8369265,-11.6790291],[-46.8368481,-11.6789053],[-46.8368472,-11.6789035],[-46.8367879,-11.6787413],[-46.8367287,-11.6785793],[-46.8366599,-11.678427],[-46.8365917,-11.6782759],[-46.8363989,-11.6780884],[-46.8362255,-11.6780232],[-46.8360517,-11.6779579],[-46.8358105,-11.6779499],[-46.835568,-11.6779419],[-46.8354226,-11.6779428],[-46.835277,-11.6779437],[-46.8351217,-11.6779447],[-46.834967,-11.6779457],[-46.834813,-11.6779657],[-46.8346781,-11.6780046],[-46.834543,-11.6780436],[-46.834408,-11.6781017],[-46.834273,-11.6781597],[-46.8341383,-11.6782367],[-46.8340226,-11.6783138],[-46.8339066,-11.6783911],[-46.8337911,-11.6784681],[-46.8336756,-11.6785642],[-46.8336743,-11.6785651],[-46.83354,-11.6786419],[-46.8334251,-11.6787566],[-46.8334245,-11.6787571],[-46.8333086,-11.6788535],[-46.8333079,-11.6788541],[-46.8331919,-11.6789314],[-46.8331905,-11.6789322],[-46.833055,-11.6789904],[-46.8330526,-11.6789911],[-46.8328974,-11.6790112],[-46.8328963,-11.6790113],[-46.832741,-11.6790123],[-46.8327399,-11.6790122],[-46.8325845,-11.6789941],[-46.8325825,-11.6789936],[-46.8325806,-11.6789927],[-46.8324637,-11.6789169],[-46.8324621,-11.6789156],[-46.8324608,-11.6789139],[-46.8323823,-11.6787805],[-46.8323818,-11.6787796],[-46.8323229,-11.6786465],[-46.832245,-11.6785142],[-46.8321486,-11.6784016],[-46.8320334,-11.678327],[-46.8318979,-11.6782707],[-46.831897,-11.6782703],[-46.8317606,-11.6781946],[-46.8317598,-11.6781942],[-46.8316233,-11.6780994],[-46.8316216,-11.6780978],[-46.8315238,-11.6779837],[-46.8315225,-11.6779816],[-46.8314245,-11.6777726],[-46.8312683,-11.6775639],[-46.8312678,-11.6775631],[-46.8311897,-11.6774303],[-46.8310929,-11.6773174],[-46.8309771,-11.6772235],[-46.8308414,-11.6771482],[-46.8308408,-11.6771479],[-46.8307239,-11.6770721],[-46.8307231,-11.6770715],[-46.830606,-11.6769766],[-46.8306048,-11.6769755],[-46.830507,-11.6768613],[-46.8305061,-11.67686],[-46.8305055,-11.6768587],[-46.8304466,-11.6767068],[-46.8303491,-11.6765553],[-46.8302715,-11.6764422],[-46.8301558,-11.6763484],[-46.8300393,-11.6762729],[-46.8298837,-11.6761784],[-46.8297479,-11.6761031],[-46.8296126,-11.6760469],[-46.829477,-11.6760097],[-46.8293409,-11.6759723],[-46.8292048,-11.6759349],[-46.8292037,-11.6759345],[-46.8290674,-11.675878],[-46.829066,-11.6758772],[-46.8289493,-11.6758016],[-46.8288132,-11.6757261],[-46.8288127,-11.6757258],[-46.8286969,-11.6756508],[-46.8285629,-11.6756139],[-46.8283501,-11.6755962],[-46.8283485,-11.675596],[-46.8283471,-11.6755955],[-46.8283457,-11.6755947],[-46.8283445,-11.6755937],[-46.8283272,-11.6755769],[-46.8281748,-11.6755591],[-46.8281737,-11.6755589],[-46.8280187,-11.6755217],[-46.8278638,-11.6755036],[-46.8278625,-11.6755034],[-46.8277264,-11.675466],[-46.8275902,-11.6754286],[-46.8275892,-11.6754282],[-46.8274546,-11.6753724],[-46.8273038,-11.6753733],[-46.8271929,-11.6754473],[-46.8271558,-11.6755782],[-46.8271179,-11.6757124],[-46.8271174,-11.6757137],[-46.8271167,-11.675715],[-46.8270398,-11.6758303],[-46.8269629,-11.6759455],[-46.8269618,-11.6759469],[-46.8268461,-11.6760625],[-46.8268447,-11.6760636],[-46.8267288,-11.6761409],[-46.8267278,-11.6761414],[-46.8265735,-11.6762187],[-46.826458,-11.6762956],[-46.8264566,-11.6762964],[-46.8263211,-11.6763547],[-46.8261856,-11.6764129],[-46.8261845,-11.6764133],[-46.8260489,-11.6764525],[-46.8260471,-11.6764528],[-46.8260454,-11.6764527],[-46.8260436,-11.6764524],[-46.826042,-11.6764517],[-46.8260406,-11.6764507],[-46.8260393,-11.6764494],[-46.8260384,-11.6764479],[-46.8260377,-11.6764463],[-46.8260374,-11.6764446],[-46.8260374,-11.6764428],[-46.8260378,-11.6764411],[-46.8260385,-11.6764394],[-46.8260395,-11.676438],[-46.8260407,-11.6764368],[-46.8260422,-11.6764358],[-46.8260439,-11.6764351],[-46.826179,-11.6763962],[-46.8263139,-11.6763381],[-46.8264487,-11.6762802],[-46.826564,-11.6762034],[-46.8265649,-11.6762028],[-46.8267192,-11.6761255],[-46.826834,-11.6760491],[-46.8269484,-11.6759348],[-46.8270248,-11.6758203],[-46.8271009,-11.6757062],[-46.8271385,-11.6755733],[-46.8271765,-11.6754392],[-46.827177,-11.6754377],[-46.8271778,-11.6754363],[-46.8271789,-11.6754351],[-46.8271801,-11.6754341],[-46.8272961,-11.6753569],[-46.8272976,-11.675356],[-46.8272993,-11.6753555],[-46.827301,-11.6753553],[-46.8274563,-11.6753544],[-46.8274581,-11.6753545],[-46.8274598,-11.675355],[-46.8275956,-11.6754114],[-46.8277311,-11.6754486],[-46.8278666,-11.6754858],[-46.8280214,-11.6755039],[-46.8280224,-11.6755041],[-46.8281774,-11.6755412],[-46.8283323,-11.6755593],[-46.8283342,-11.6755597],[-46.828336,-11.6755606],[-46.8283375,-11.6755618],[-46.8283548,-11.6755786],[-46.8285652,-11.6755961],[-46.8285668,-11.6755964],[-46.828703,-11.6756338],[-46.8287043,-11.6756342],[-46.8287055,-11.6756349],[-46.8288222,-11.6757105],[-46.8289583,-11.675786],[-46.8289588,-11.6757863],[-46.8290751,-11.6758617],[-46.8292101,-11.6759177],[-46.8293457,-11.6759549],[-46.8294818,-11.6759923],[-46.8296179,-11.6760297],[-46.829619,-11.6760301],[-46.8297553,-11.6760866],[-46.8297562,-11.6760871],[-46.8298926,-11.6761627],[-46.8298929,-11.6761629],[-46.8300488,-11.6762576],[-46.830049,-11.6762577],[-46.830166,-11.6763335],[-46.8301667,-11.6763341],[-46.8302838,-11.676429],[-46.8302856,-11.6764309],[-46.830364,-11.6765452],[-46.8303641,-11.6765454],[-46.8304622,-11.6766979],[-46.830463,-11.6766995],[-46.8305217,-11.6768507],[-46.830618,-11.6769631],[-46.8307341,-11.6770572],[-46.8308504,-11.6771326],[-46.8309865,-11.6772081],[-46.8309878,-11.677209],[-46.8311049,-11.6773039],[-46.8311061,-11.677305],[-46.8312039,-11.6774192],[-46.8312048,-11.6774205],[-46.8312831,-11.6775535],[-46.8314394,-11.6777626],[-46.8314404,-11.6777641],[-46.8315383,-11.6779729],[-46.8316346,-11.6780852],[-46.8317697,-11.6781791],[-46.8319053,-11.6782543],[-46.8320411,-11.6783106],[-46.8320425,-11.6783114],[-46.8321595,-11.6783872],[-46.8321598,-11.6783874],[-46.8321602,-11.6783877],[-46.8321605,-11.678388],[-46.8321609,-11.6783883],[-46.8321611,-11.6783886],[-46.8321614,-11.6783889],[-46.8322592,-11.6785031],[-46.8322602,-11.6785043],[-46.8323387,-11.6786378],[-46.8323392,-11.6786387],[-46.8323981,-11.6787718],[-46.8324753,-11.6789029],[-46.8325887,-11.6789764],[-46.8327415,-11.6789943],[-46.8328956,-11.6789933],[-46.833049,-11.6789734],[-46.8331826,-11.6789159],[-46.8332975,-11.6788394],[-46.8334127,-11.6787435],[-46.8335281,-11.6786283],[-46.83353,-11.6786268],[-46.8336647,-11.6785498],[-46.8337799,-11.6784539],[-46.8337807,-11.6784534],[-46.8338966,-11.6783761],[-46.8340126,-11.6782988],[-46.8341286,-11.6782215],[-46.8341291,-11.6782212],[-46.8342645,-11.6781438],[-46.8342654,-11.6781434],[-46.8344009,-11.6780851],[-46.8345364,-11.6780268],[-46.8345374,-11.6780265],[-46.8346731,-11.6779873],[-46.8348087,-11.6779482],[-46.83481,-11.6779479],[-46.8349652,-11.6779278],[-46.8349657,-11.6779278],[-46.8349663,-11.6779277],[-46.8351216,-11.6779267],[-46.8352769,-11.6779257],[-46.8354225,-11.6779248],[-46.835568,-11.6779239],[-46.8355684,-11.6779239],[-46.8358111,-11.6779319],[-46.8360538,-11.6779399],[-46.8360553,-11.6779401],[-46.8360567,-11.6779405],[-46.8362318,-11.6780063],[-46.836407,-11.6780722],[-46.8364071,-11.6780722],[-46.8364071,-11.6780722],[-46.8364078,-11.6780726],[-46.8364086,-11.6780729],[-46.8364086,-11.678073],[-46.8364087,-11.678073],[-46.8364093,-11.6780735],[-46.83641,-11.678074],[-46.83641,-11.6780741],[-46.8364101,-11.6780741],[-46.8366055,-11.6782642],[-46.8366066,-11.6782655],[-46.8366074,-11.678267],[-46.8366763,-11.6784196],[-46.8367453,-11.6785722],[-46.8367455,-11.6785728],[-46.8368048,-11.6787351],[-46.8368638,-11.6788964],[-46.8369418,-11.6790195],[-46.8370194,-11.6791421],[-46.8371452,-11.6792456],[-46.8372709,-11.679349],[-46.8374542,-11.6794143],[-46.8376391,-11.6794801],[-46.8376411,-11.6794811],[-46.837797,-11.6795853],[-46.837953,-11.6796895],[-46.8379543,-11.6796906],[-46.8379554,-11.6796919],[-46.8379563,-11.6796934],[-46.8379568,-11.679695],[-46.8379967,-11.6798669],[-46.8379969,-11.6798678],[-46.8380172,-11.6800194],[-46.8380755,-11.6801513],[-46.8381538,-11.6802843],[-46.8382322,-11.6804175],[-46.8383094,-11.68053],[-46.8384248,-11.6806048],[-46.8384268,-11.6806065],[-46.8385241,-11.6807201],[-46.8386402,-11.6808142],[-46.838756,-11.6808893],[-46.8388915,-11.6809455],[-46.8388925,-11.6809459],[-46.8390284,-11.6810213],[-46.8391642,-11.6810777],[-46.8391647,-11.6810779],[-46.839203,-11.6810965],[-46.8393775,-11.6811526],[-46.8393788,-11.6811531],[-46.8393799,-11.6811538],[-46.8394757,-11.681221],[-46.839476,-11.6812212],[-46.8394763,-11.6812214],[-46.8396674,-11.6813775],[-46.8398132,-11.6814375],[-46.8399527,-11.6812749],[-46.8400103,-11.6811976],[-46.8399808,-11.6809994],[-46.8399807,-11.6809987],[-46.8399596,-11.6807059],[-46.8399597,-11.6807042],[-46.8399601,-11.6807024],[-46.8399608,-11.6807008],[-46.8399618,-11.6806994],[-46.8399631,-11.6806982],[-46.8400636,-11.6806201],[-46.8400653,-11.6806191],[-46.8400671,-11.6806185],[-46.840069,-11.6806182],[-46.8403035,-11.6806127],[-46.8404529,-11.6805435],[-46.8404549,-11.6805428],[-46.840457,-11.6805427],[-46.8407075,-11.6805509],[-46.8408162,-11.6804427],[-46.8406142,-11.6804125],[-46.8406126,-11.6804121],[-46.840611,-11.6804114],[-46.8406096,-11.6804104],[-46.8406084,-11.6804091],[-46.8406075,-11.6804077],[-46.8406069,-11.6804061],[-46.8406066,-11.6804044],[-46.8406066,-11.6804027],[-46.8406069,-11.680401],[-46.8406497,-11.6802602],[-46.8406504,-11.6802584],[-46.8406515,-11.6802569],[-46.8406528,-11.6802556],[-46.8406544,-11.6802547],[-46.8406562,-11.680254],[-46.840658,-11.6802538],[-46.8408417,-11.6802478],[-46.8409881,-11.6800699],[-46.8410846,-11.6798978],[-46.8410858,-11.6798962],[-46.8410874,-11.6798948],[-46.8410892,-11.6798938],[-46.8413418,-11.6797939],[-46.8414755,-11.6795548],[-46.8414758,-11.6795542],[-46.8416197,-11.6793386],[-46.8415378,-11.6792486],[-46.8415368,-11.6792472],[-46.841536,-11.6792457],[-46.8415356,-11.6792441],[-46.8415354,-11.6792425],[-46.8415356,-11.6792408],[-46.841536,-11.6792392],[-46.8415368,-11.6792377],[-46.8416379,-11.6790754],[-46.8417447,-11.6788528],[-46.8417456,-11.6788513],[-46.8417467,-11.67885],[-46.8417481,-11.678849],[-46.8417497,-11.6788482],[-46.8417514,-11.6788478],[-46.8417531,-11.6788477],[-46.8417549,-11.6788479],[-46.8420018,-11.6789067],[-46.8423599,-11.6787845],[-46.8423601,-11.6787844],[-46.8426854,-11.6786844],[-46.842687,-11.6786841],[-46.8430126,-11.6786469],[-46.843015,-11.6786469],[-46.8433468,-11.6786973],[-46.8434531,-11.6786915],[-46.8436477,-11.6785015],[-46.8437093,-11.6782457],[-46.8437102,-11.6782434],[-46.8438433,-11.6780009],[-46.8436819,-11.6777172],[-46.8436812,-11.6777156],[-46.8436808,-11.6777139],[-46.8436807,-11.6777121],[-46.843716,-11.6772612],[-46.8435611,-11.6770698],[-46.84356,-11.6770681],[-46.8435593,-11.6770662],[-46.8435101,-11.6768484],[-46.8435099,-11.6768467],[-46.84351,-11.6768449],[-46.843549,-11.6766089],[-46.8432519,-11.6764372],[-46.8432505,-11.6764363],[-46.8432493,-11.676435],[-46.8432484,-11.6764336],[-46.8431353,-11.6762178],[-46.8431345,-11.6762154],[-46.8430805,-11.6759476],[-46.8430135,-11.6757806]]]}},{"type":"Feature","properties":{"cod_imovel":"TO-1707009-5501F613199C44B090444B9A63B939DB","uf":"TO","municipio":"Dianópolis","bioma":"2","temas_ambi":"Reserva Legal Proposta","modulos_ru":4.5758,"sobreposic":0.0,"sobreposi0":0.0,"sobreposi1":0.0,"sobreposi2":0.0,"sobreposi3":0.0,"tipo_imove":"IRU","situacao_a":"Aguardando análise","status_imo":"AT","nu_retific":0,"dt_atualiz":"2025-09-29","dt_criacao":"2025-09-28","nu_area_im":161.5081,"NOME":"Reserva Legal proposta","OS":"OS 04.04","IMOVEL":"Fazenda Cancela"},"geometry":{"type":"MultiPolygon","coordinates":[[[[-46.8344299,-11.6777866],[-46.834296,-11.6778442],[-46.8339556,-11.6775002],[-46.8340246,-11.6772562],[-46.8335605,-11.6764762],[-46.832729,-11.6762031],[-46.8323739,-11.6758922],[-46.831685,-11.675827],[-46.8313433,-11.6748721],[-46.8323334,-11.6724124],[-46.830423,-11.671833],[-46.8305,-11.6701099],[-46.8299048,-11.6694866],[-46.8299383,-11.6693685],[-46.8299981,-11.6692705],[-46.8300319,-11.6691845],[-46.8300345,-11.6690923],[-46.8300057,-11.6690045],[-46.829999,-11.668996],[-46.8300675,-11.6689433],[-46.830133,-11.668871],[-46.8301685,-11.6687808],[-46.8302171,-11.6685321],[-46.8302199,-11.6684471],[-46.8301959,-11.6683654],[-46.8301474,-11.6682951],[-46.8301302,-11.668282],[-46.830128,-11.6682722],[-46.8300841,-11.6682002],[-46.8301194,-11.6680232],[-46.8301232,-11.6679437],[-46.8301034,-11.6678665],[-46.8300617,-11.6677983],[-46.8300017,-11.667745],[-46.8299286,-11.6677111],[-46.8299066,-11.6677046],[-46.8299033,-11.6676961],[-46.8299915,-11.6675289],[-46.8300063,-11.6675069],[-46.8300498,-11.667392],[-46.830067,-11.6672608],[-46.8300871,-11.6672518],[-46.8301491,-11.667197],[-46.8301917,-11.6671264],[-46.8302109,-11.6670465],[-46.8302086,-11.6670152],[-46.8302445,-11.6670055],[-46.8303142,-11.6669619],[-46.8303204,-11.6669546],[-46.8303545,-11.6669925],[-46.8304182,-11.6670447],[-46.8304541,-11.667066],[-46.8305137,-11.6671988],[-46.8305676,-11.6672777],[-46.8306458,-11.6673334],[-46.8307387,-11.6673591],[-46.8308349,-11.6673515],[-46.830888,-11.6673378],[-46.8308952,-11.6673629],[-46.8309407,-11.6674316],[-46.831005,-11.6674837],[-46.8310821,-11.6675144],[-46.8313471,-11.6675764],[-46.8314338,-11.6675827],[-46.8315182,-11.6675621],[-46.8315918,-11.6675165],[-46.8316474,-11.6674505],[-46.8317049,-11.6673547],[-46.8317336,-11.6672874],[-46.8317432,-11.667215],[-46.8317327,-11.6671427],[-46.8317136,-11.6670763],[-46.8317614,-11.6670714],[-46.8317926,-11.6670664],[-46.831958,-11.6670303],[-46.8320732,-11.6670711],[-46.8321711,-11.667087],[-46.8322683,-11.6670676],[-46.8323173,-11.6670483],[-46.8324433,-11.6670487],[-46.8324471,-11.6670487],[-46.8324823,-11.6670483],[-46.8325173,-11.667086],[-46.8326514,-11.6672874],[-46.8327104,-11.667351],[-46.8327867,-11.6673932],[-46.8328726,-11.6674096],[-46.8329593,-11.6673987],[-46.8330382,-11.6673614],[-46.8332535,-11.6672142],[-46.8332581,-11.667211],[-46.833437,-11.6670832],[-46.8334456,-11.6670768],[-46.8334898,-11.6670425],[-46.8335302,-11.6670656],[-46.8337069,-11.6671279],[-46.8338046,-11.6671436],[-46.8339016,-11.6671243],[-46.8339854,-11.6670723],[-46.8340843,-11.6669829],[-46.8341362,-11.6669193],[-46.8341665,-11.6668435],[-46.8341726,-11.6667622],[-46.834154,-11.6666828],[-46.8341122,-11.6666124],[-46.8340909,-11.6665934],[-46.8341802,-11.6665221],[-46.8342564,-11.6665372],[-46.8342585,-11.6665459],[-46.8342919,-11.6666244],[-46.8343484,-11.6666889],[-46.8344224,-11.6667329],[-46.8345066,-11.6667522],[-46.8345926,-11.6667447],[-46.8348301,-11.6666861],[-46.834831,-11.6666859],[-46.8352219,-11.6665881],[-46.8352323,-11.6665853],[-46.8355994,-11.6664781],[-46.8357545,-11.6666277],[-46.8358292,-11.666679],[-46.8359167,-11.6667034],[-46.8360076,-11.6666984],[-46.8362233,-11.6666504],[-46.8362709,-11.6666814],[-46.8364334,-11.6667583],[-46.8364396,-11.6668242],[-46.836477,-11.6669056],[-46.8365392,-11.6669707],[-46.8366038,-11.6670042],[-46.8366046,-11.6670348],[-46.8366099,-11.6670497],[-46.8365977,-11.6670832],[-46.8365953,-11.6671691],[-46.8366204,-11.6672514],[-46.8366703,-11.6673219],[-46.8367401,-11.6673734],[-46.8368887,-11.6674503],[-46.8368981,-11.667455],[-46.837002,-11.6675039],[-46.8370253,-11.6675136],[-46.8371007,-11.667541],[-46.8371546,-11.6675675],[-46.8372422,-11.6675797],[-46.8373292,-11.6675639],[-46.8374066,-11.6675217],[-46.8374495,-11.6674755],[-46.8375,-11.6675113],[-46.8375828,-11.6675512],[-46.8376744,-11.6675619],[-46.8377283,-11.6675501],[-46.8378715,-11.6675454],[-46.8380845,-11.6676437],[-46.8381864,-11.6676688],[-46.8382662,-11.6676731],[-46.8382865,-11.6677041],[-46.8383433,-11.6677669],[-46.8384169,-11.6678095],[-46.8385002,-11.6678278],[-46.8385199,-11.6678261],[-46.8385948,-11.6678906],[-46.8386679,-11.6679358],[-46.8387516,-11.6679565],[-46.8388376,-11.6679506],[-46.8389176,-11.6679188],[-46.8389505,-11.6678915],[-46.8389691,-11.6679403],[-46.8390191,-11.6680041],[-46.8390838,-11.6680652],[-46.839088,-11.6681163],[-46.8391085,-11.668199],[-46.839154,-11.6682714],[-46.8392199,-11.6683263],[-46.8392999,-11.6683583],[-46.839386,-11.6683643],[-46.8394698,-11.6683438],[-46.8395008,-11.6683308],[-46.8395626,-11.6683937],[-46.8396451,-11.6684346],[-46.8397367,-11.6684462],[-46.839827,-11.6684273],[-46.8400457,-11.6683418],[-46.8401874,-11.6682935],[-46.8402616,-11.6682502],[-46.8403172,-11.6682902],[-46.8403968,-11.6683164],[-46.8404807,-11.6683178],[-46.8407149,-11.6682862],[-46.8408223,-11.6682481],[-46.8410745,-11.6680942],[-46.8411284,-11.6680483],[-46.841149,-11.6680582],[-46.8412346,-11.6680697],[-46.8413195,-11.6680546],[-46.8415072,-11.6679898],[-46.8415527,-11.6680518],[-46.8416227,-11.6681019],[-46.8417699,-11.6681758],[-46.8418495,-11.6682016],[-46.8419332,-11.6682027],[-46.8420134,-11.6681788],[-46.8420787,-11.6681349],[-46.8420857,-11.6681583],[-46.8421249,-11.6682384],[-46.8421882,-11.6683017],[-46.8422689,-11.6683414],[-46.8423584,-11.6683533],[-46.8424468,-11.6683359],[-46.8425249,-11.6682913],[-46.8426291,-11.6682065],[-46.8426695,-11.6682142],[-46.8427619,-11.6682003],[-46.8429532,-11.6681376],[-46.8431316,-11.6681796],[-46.8431696,-11.6681804],[-46.8431675,-11.668203],[-46.8431396,-11.6683122],[-46.8430946,-11.6683414],[-46.8430312,-11.6683116],[-46.8429388,-11.6682864],[-46.8428432,-11.668294],[-46.8427561,-11.6683335],[-46.8425711,-11.6684599],[-46.842501,-11.6685292],[-46.8424605,-11.6686185],[-46.8423872,-11.6689146],[-46.8423806,-11.6690051],[-46.8424047,-11.6690926],[-46.8424567,-11.6691675],[-46.8428874,-11.6696061],[-46.8429398,-11.669662],[-46.8429371,-11.6696642],[-46.8428778,-11.6697325],[-46.8428444,-11.6698161],[-46.842843,-11.6698509],[-46.8428034,-11.6698847],[-46.8427612,-11.6699494],[-46.8427391,-11.6700232],[-46.842739,-11.6701001],[-46.8427607,-11.670174],[-46.8428535,-11.6703761],[-46.842814,-11.6707753],[-46.842822,-11.6708718],[-46.842864,-11.6709594],[-46.8429345,-11.6710269],[-46.8429622,-11.6710452],[-46.8429603,-11.671095],[-46.8429661,-11.6711608],[-46.843018,-11.6714042],[-46.8430546,-11.6714932],[-46.8431205,-11.671564],[-46.8434585,-11.6718179],[-46.8434595,-11.6718185],[-46.8434177,-11.671869],[-46.8432861,-11.6720832],[-46.8431066,-11.672171],[-46.8430426,-11.6722143],[-46.8429934,-11.6722736],[-46.842963,-11.6723441],[-46.8429242,-11.672488],[-46.842915,-11.6725645],[-46.842928,-11.6726405],[-46.8429621,-11.6727098],[-46.8430147,-11.6727668],[-46.8430358,-11.672784],[-46.8430373,-11.6729879],[-46.8430051,-11.6732531],[-46.8430178,-11.6733725],[-46.8431345,-11.6737111],[-46.8431639,-11.6738323],[-46.8430842,-11.6739074],[-46.8428277,-11.6740043],[-46.8427528,-11.6740469],[-46.8426951,-11.6741103],[-46.8426601,-11.6741882],[-46.8426514,-11.674273],[-46.8426699,-11.6743562],[-46.8426829,-11.6743781],[-46.8426622,-11.6744252],[-46.8426531,-11.6745043],[-46.8426677,-11.6745826],[-46.8427047,-11.6746533],[-46.8427609,-11.6747104],[-46.8431185,-11.6749799],[-46.8429648,-11.6751831],[-46.8427528,-11.6754058],[-46.8425982,-11.6753578],[-46.842559,-11.6753487],[-46.8424132,-11.6753257],[-46.8422675,-11.6753027],[-46.8421217,-11.6752798],[-46.841976,-11.6752568],[-46.8418516,-11.6752372],[-46.8417262,-11.6751969],[-46.841609,-11.6751592],[-46.8415132,-11.6751034],[-46.8414585,-11.675079],[-46.8413126,-11.6750321],[-46.8411667,-11.6749852],[-46.8411249,-11.6749752],[-46.8410004,-11.6749556],[-46.8408937,-11.6749213],[-46.8407746,-11.6748636],[-46.8406619,-11.6747979],[-46.8405401,-11.674727],[-46.8404609,-11.6746808],[-46.8403942,-11.6745997],[-46.8403738,-11.6745775],[-46.8402517,-11.6744587],[-46.8401404,-11.6743504],[-46.8400521,-11.6742431],[-46.8399543,-11.6741242],[-46.8398565,-11.6740052],[-46.839836,-11.673983],[-46.8397247,-11.6738748],[-46.8396365,-11.6737675],[-46.8395387,-11.6736485],[-46.8394954,-11.6736064],[-46.8393735,-11.6735115],[-46.839343,-11.673491],[-46.8392212,-11.67342],[-46.8392026,-11.6734101],[-46.8390566,-11.6733393],[-46.83892,-11.6732731],[-46.8388073,-11.6732074],[-46.8386855,-11.6731364],[-46.8385797,-11.6730747],[-46.8384722,-11.6729912],[-46.8384418,-11.6729706],[-46.8383491,-11.6729166],[-46.8382511,-11.6728212],[-46.8381979,-11.6727808],[-46.8380761,-11.6727098],[-46.8379543,-11.6726389],[-46.837921,-11.6726224],[-46.8377679,-11.6725588],[-46.8376622,-11.6724972],[-46.8375656,-11.6724629],[-46.8374526,-11.6724451],[-46.8373129,-11.6723871],[-46.8372914,-11.6723792],[-46.8371455,-11.6723323],[-46.8371341,-11.6723289],[-46.8369639,-11.6722822],[-46.8367938,-11.6722354],[-46.8366236,-11.6721887],[-46.8365932,-11.6721821],[-46.8364475,-11.6721591],[-46.8363017,-11.6721361],[-46.836156,-11.6721132],[-46.8361497,-11.6721122],[-46.8359828,-11.6720898],[-46.8358402,-11.6720673],[-46.8356945,-11.6720444],[-46.8355488,-11.6720214],[-46.8355424,-11.6720205],[-46.835376,-11.6719981],[-46.8353646,-11.6719766],[-46.8352625,-11.6718772],[-46.8351343,-11.6718138],[-46.8349925,-11.6717926],[-46.8348509,-11.6718157],[-46.8347235,-11.6718807],[-46.8346227,-11.6719813],[-46.8345584,-11.6721077],[-46.8345369,-11.6722475],[-46.8345603,-11.672387],[-46.8346262,-11.6725126],[-46.8347283,-11.6726119],[-46.8348566,-11.6726753],[-46.8349984,-11.6726965],[-46.83514,-11.6726735],[-46.8352674,-11.6726085],[-46.8353359,-11.6725401],[-46.835465,-11.6725574],[-46.8356076,-11.6725799],[-46.8357533,-11.6726029],[-46.835899,-11.6726259],[-46.8359054,-11.6726268],[-46.8360722,-11.6726492],[-46.8362148,-11.6726717],[-46.8363605,-11.6726947],[-46.8364909,-11.6727152],[-46.836646,-11.6727578],[-46.8368162,-11.6728046],[-46.8369806,-11.6728498],[-46.8371099,-11.6728913],[-46.8372697,-11.6729576],[-46.837333,-11.6729754],[-46.8374271,-11.6729903],[-46.837504,-11.6730351],[-46.8375372,-11.6730516],[-46.8376903,-11.6731151],[-46.8377961,-11.6731767],[-46.8378887,-11.6732307],[-46.8379867,-11.673326],[-46.83804,-11.6733665],[-46.8381458,-11.6734281],[-46.8382532,-11.6735117],[-46.8382837,-11.6735323],[-46.8384055,-11.6736033],[-46.8385273,-11.6736743],[-46.8386491,-11.6737452],[-46.8386677,-11.6737551],[-46.8388137,-11.6738259],[-46.8389503,-11.6738922],[-46.8390471,-11.6739485],[-46.8391305,-11.6740135],[-46.8392091,-11.674109],[-46.8393069,-11.674228],[-46.8393274,-11.6742502],[-46.8394386,-11.6743584],[-46.8395269,-11.6744657],[-46.8396247,-11.6745847],[-46.8396247,-11.6745847],[-46.8396247,-11.6745847],[-46.8397226,-11.6747036],[-46.839743,-11.6747258],[-46.8398651,-11.6748446],[-46.8399764,-11.6749529],[-46.8400646,-11.6750602],[-46.8401383,-11.6751228],[-46.8402601,-11.6751938],[-46.8403819,-11.6752648],[-46.8405037,-11.6753358],[-46.8405223,-11.6753456],[-46.8406683,-11.6754165],[-46.8407045,-11.6754309],[-46.8408504,-11.6754778],[-46.8408922,-11.6754878],[-46.8410166,-11.6755074],[-46.841142,-11.6755477],[-46.8412592,-11.6755854],[-46.841355,-11.6756412],[-46.8414097,-11.6756656],[-46.8415556,-11.6757125],[-46.8417015,-11.6757594],[-46.8417433,-11.6757693],[-46.8418891,-11.6757923],[-46.8420348,-11.6758153],[-46.8421806,-11.6758383],[-46.8423263,-11.6758613],[-46.8424521,-11.6758811],[-46.8426287,-11.6759359],[-46.8428126,-11.6759931],[-46.8428242,-11.6760219],[-46.8428735,-11.6762665],[-46.8428989,-11.676338],[-46.8430119,-11.6765538],[-46.8430567,-11.676616],[-46.8431173,-11.6766634],[-46.843257,-11.6767441],[-46.8432473,-11.6768028],[-46.8432503,-11.6769053],[-46.8432995,-11.6771231],[-46.843353,-11.6772333],[-46.8434426,-11.677344],[-46.8434154,-11.6776919],[-46.8434211,-11.6777712],[-46.8434498,-11.6778454],[-46.8435395,-11.6780032],[-46.8434761,-11.6781187],[-46.8434504,-11.6781851],[-46.8434063,-11.678368],[-46.8433415,-11.6784313],[-46.8430555,-11.6783878],[-46.8429819,-11.6783865],[-46.8426564,-11.6784237],[-46.8426061,-11.6784342],[-46.8422809,-11.6785342],[-46.8422728,-11.6785368],[-46.8419884,-11.6786338],[-46.8418174,-11.6785931],[-46.8417241,-11.678587],[-46.8416341,-11.678612],[-46.8415578,-11.6786654],[-46.841504,-11.6787408],[-46.8414035,-11.6789505],[-46.84131,-11.6791006],[-46.8412766,-11.6791806],[-46.8412704,-11.6792669],[-46.8412922,-11.6793507],[-46.8412926,-11.6793515],[-46.8412535,-11.6794101],[-46.8412424,-11.6794283],[-46.8411545,-11.6795855],[-46.84099,-11.6796506],[-46.8409103,-11.679699],[-46.8408517,-11.679771],[-46.8407666,-11.6799228],[-46.8407115,-11.6799897],[-46.8406493,-11.6799918],[-46.8405654,-11.6800076],[-46.8404904,-11.680048],[-46.8404317,-11.6801091],[-46.8403948,-11.680185],[-46.84036,-11.6802996],[-46.8403396,-11.6803063],[-46.840241,-11.6803519],[-46.8400626,-11.6803561],[-46.839976,-11.6803721],[-46.8398989,-11.6804142],[-46.8397984,-11.6804922],[-46.8397383,-11.6805569],[-46.8397023,-11.6806372],[-46.8396942,-11.6807245],[-46.8397153,-11.6810173],[-46.8397175,-11.6810373],[-46.8397243,-11.6810834],[-46.8396461,-11.6810195],[-46.8396383,-11.6810153],[-46.8396301,-11.6810074],[-46.8395343,-11.6809402],[-46.8394601,-11.6809033],[-46.8393036,-11.680853],[-46.8392822,-11.6808427],[-46.8392675,-11.6808361],[-46.8391457,-11.6807855],[-46.839023,-11.6807175],[-46.8389948,-11.6807039],[-46.8388818,-11.680657],[-46.8387983,-11.6806029],[-46.8387118,-11.6805328],[-46.8386302,-11.6804375],[-46.8385711,-11.6803858],[-46.8385001,-11.6803398],[-46.8384578,-11.6802782],[-46.838384,-11.6801528],[-46.8383134,-11.6800328],[-46.8382761,-11.6799486],[-46.8382608,-11.6798336],[-46.8382562,-11.6798084],[-46.8382162,-11.6796365],[-46.8381751,-11.6795439],[-46.8381024,-11.6794726],[-46.8379464,-11.6793684],[-46.8377904,-11.6792641],[-46.8377295,-11.6792335],[-46.8375446,-11.6791677],[-46.8374054,-11.6791182],[-46.8373158,-11.6790444],[-46.8372227,-11.6789678],[-46.8371675,-11.6788807],[-46.8371046,-11.6787813],[-46.8370552,-11.6786463],[-46.8369959,-11.678484],[-46.8369884,-11.6784656],[-46.8369195,-11.678313],[-46.8368505,-11.6781604],[-46.8367925,-11.6780777],[-46.8365971,-11.6778876],[-46.8365858,-11.6778796],[-46.8365765,-11.6778695],[-46.836551,-11.6778551],[-46.8365271,-11.6778382],[-46.8365139,-11.677834],[-46.8365019,-11.6778272],[-46.8363267,-11.6777614],[-46.8361516,-11.6776955],[-46.8360627,-11.6776779],[-46.83582,-11.6776699],[-46.8355773,-11.6776619],[-46.8355663,-11.6776617],[-46.8354207,-11.6776626],[-46.8352752,-11.6776636],[-46.8351199,-11.6776646],[-46.8349646,-11.6776656],[-46.8349476,-11.6776683],[-46.8349305,-11.6776679],[-46.8347753,-11.677688],[-46.8347339,-11.6776966],[-46.8345983,-11.6777357],[-46.8344626,-11.6777749],[-46.8344299,-11.6777866]]],[[[-46.8327211,-11.6820545],[-46.8325212,-11.68188],[-46.8329403,-11.6821699],[-46.8333641,-11.6821759],[-46.8336979,-11.6820522],[-46.8336288,-11.6820932],[-46.8335738,-11.6821541],[-46.8335671,-11.6821686],[-46.8334726,-11.68217],[-46.833384,-11.6822029],[-46.833312,-11.6822634],[-46.8332492,-11.6823382],[-46.8332028,-11.6824178],[-46.8331962,-11.6824534],[-46.8331746,-11.6824576],[-46.8331055,-11.6824823],[-46.8330032,-11.6823853],[-46.8329371,-11.6823391],[-46.8328602,-11.6823138],[-46.8328426,-11.6823107],[-46.8328018,-11.6821785],[-46.8327702,-11.682111],[-46.8327211,-11.6820545]]],[[[-46.8342273,-11.6823118],[-46.8342081,-11.6822344],[-46.8344861,-11.682334],[-46.835181,-11.6819555],[-46.8352629,-11.6809893],[-46.8362924,-11.6791557],[-46.8360064,-11.6786181],[-46.8344169,-11.6785152],[-46.8337495,-11.6790502],[-46.8334097,-11.6791027],[-46.833457,-11.6790713],[-46.8334804,-11.6790538],[-46.8335962,-11.6789574],[-46.8336145,-11.6789407],[-46.8337044,-11.678851],[-46.8338079,-11.6787918],[-46.8338473,-11.6787645],[-46.8339519,-11.6786774],[-46.8340557,-11.6786082],[-46.8341717,-11.678531],[-46.8342798,-11.6784589],[-46.8343934,-11.678394],[-46.8345144,-11.6783419],[-46.834634,-11.6782905],[-46.8347529,-11.6782562],[-46.8348681,-11.678223],[-46.8349853,-11.6782078],[-46.8351234,-11.6782069],[-46.8352787,-11.6782059],[-46.8354243,-11.678205],[-46.8355644,-11.6782041],[-46.8358016,-11.6782119],[-46.8359984,-11.6782184],[-46.8361306,-11.6782681],[-46.8362517,-11.6783136],[-46.836369,-11.6784277],[-46.8364168,-11.6785336],[-46.8364816,-11.6786772],[-46.8365375,-11.6788301],[-46.8365968,-11.6789923],[-46.8366223,-11.6790441],[-46.8367008,-11.6791679],[-46.8367792,-11.6792918],[-46.8368363,-11.6793563],[-46.8369631,-11.6794607],[-46.83709,-11.6795651],[-46.8371729,-11.6796121],[-46.8373578,-11.6796778],[-46.8375102,-11.6797321],[-46.8376376,-11.6798173],[-46.837704,-11.6798616],[-46.8377169,-11.679917],[-46.8377356,-11.6800573],[-46.8377562,-11.6801304],[-46.8378153,-11.6802639],[-46.8378295,-11.6802915],[-46.8379081,-11.680425],[-46.8379866,-11.6805584],[-46.8379966,-11.6805742],[-46.838075,-11.6806885],[-46.8381518,-11.6807632],[-46.8382355,-11.6808174],[-46.8383075,-11.6809015],[-46.838343,-11.680936],[-46.8384601,-11.6810309],[-46.8384837,-11.6810481],[-46.8386007,-11.6811239],[-46.8386451,-11.6811472],[-46.8387669,-11.6811977],[-46.8388642,-11.6812517],[-46.8387904,-11.6813263],[-46.8387411,-11.6813949],[-46.8387154,-11.6814751],[-46.838716,-11.6815592],[-46.8387426,-11.6816391],[-46.8387673,-11.6816868],[-46.8387426,-11.6816982],[-46.8387387,-11.6817008],[-46.8387267,-11.6816799],[-46.8386769,-11.6816169],[-46.8386106,-11.681571],[-46.8385337,-11.681546],[-46.83829,-11.6815049],[-46.8382021,-11.6815042],[-46.8379804,-11.6815375],[-46.8379028,-11.6815611],[-46.8378356,-11.681606],[-46.8377846,-11.6816683],[-46.8377543,-11.6817426],[-46.8377473,-11.6818223],[-46.8377643,-11.6819006],[-46.8378265,-11.6820645],[-46.8378594,-11.6821258],[-46.8378705,-11.6821377],[-46.8378683,-11.6821659],[-46.8378925,-11.6822543],[-46.8379344,-11.6823438],[-46.8379193,-11.6823606],[-46.8377445,-11.6823719],[-46.8377033,-11.6823777],[-46.8374515,-11.6824323],[-46.8371478,-11.6824915],[-46.8370658,-11.6825214],[-46.8369974,-11.6825752],[-46.8369497,-11.6826474],[-46.8368812,-11.6827992],[-46.8367901,-11.6828496],[-46.8367202,-11.6829047],[-46.836672,-11.6829789],[-46.8366505,-11.6830646],[-46.8366509,-11.6830692],[-46.8366152,-11.6830983],[-46.8365664,-11.6831826],[-46.8365569,-11.683209],[-46.836542,-11.6832798],[-46.8365465,-11.6833519],[-46.8365538,-11.6833882],[-46.8365193,-11.6833957],[-46.8364466,-11.6834369],[-46.8363899,-11.6834979],[-46.8363544,-11.6835728],[-46.8363435,-11.6836548],[-46.8363463,-11.6837751],[-46.8363586,-11.6838371],[-46.8363508,-11.6838354],[-46.8362658,-11.6838434],[-46.8361873,-11.6838766],[-46.8361755,-11.6838839],[-46.836073,-11.6838268],[-46.8360357,-11.6838095],[-46.835762,-11.6837064],[-46.8357184,-11.6836883],[-46.8357643,-11.6836465],[-46.8358189,-11.6835777],[-46.8358285,-11.683551],[-46.8360532,-11.683537],[-46.8361351,-11.6835193],[-46.8362078,-11.6834781],[-46.8362645,-11.6834172],[-46.8362999,-11.6833423],[-46.8363477,-11.683181],[-46.8363585,-11.6830929],[-46.8363398,-11.6830061],[-46.8362937,-11.6829299],[-46.8362252,-11.6828725],[-46.8361415,-11.6828399],[-46.83595,-11.6827993],[-46.835951,-11.68276],[-46.835926,-11.6826781],[-46.8358764,-11.6826079],[-46.8358071,-11.6825565],[-46.8355502,-11.6824223],[-46.8354449,-11.6823918],[-46.8351604,-11.6823677],[-46.8349397,-11.6823199],[-46.8348729,-11.6823137],[-46.8348066,-11.6823235],[-46.8346645,-11.6823626],[-46.8344864,-11.6823779],[-46.8343995,-11.6823998],[-46.8343244,-11.6824481],[-46.8343033,-11.6824746],[-46.8342916,-11.6824665],[-46.834238,-11.6824417],[-46.8342273,-11.6823118]]]]}},{"type":"Feature","properties":{"cod_imovel":"TO-1707009-5501F613199C44B090444B9A63B939DB","uf":"TO","municipio":"Dianópolis","bioma":"2","temas_ambi":"Área de Preservação Permanente de Rios até 10 metros","modulos_ru":4.5758,"sobreposic":0.0,"sobreposi0":0.0,"sobreposi1":0.0,"sobreposi2":0.0,"sobreposi3":0.0,"tipo_imove":"IRU","situacao_a":"Aguardando análise","status_imo":"AT","nu_retific":0,"dt_atualiz":"2025-09-29","dt_criacao":"2025-09-28","nu_area_im":38.9216,"NOME":"Área de Preservação Permanente","OS":"OS 04.04","IMOVEL":"Fazenda Cancela"},"geometry":{"type":"GeometryCollection","geometries":[{"type":"Polygon","coordinates":[[[-46.8256993,-11.6718551],[-46.8256531,-11.6718269],[-46.8256517,-11.6718258],[-46.8256423,-11.6718172],[-46.8258199,-11.6716129],[-46.8258211,-11.6716138],[-46.8258227,-11.6716146],[-46.8258244,-11.671615],[-46.8258262,-11.6716151],[-46.8258279,-11.6716149],[-46.8258296,-11.6716143],[-46.8261152,-11.6714821],[-46.8262835,-11.6714637],[-46.8262853,-11.6714633],[-46.826287,-11.6714625],[-46.8262885,-11.6714615],[-46.826427,-11.6713391],[-46.8265799,-11.6712763],[-46.8267317,-11.671331],[-46.8267334,-11.6713314],[-46.8267352,-11.6713315],[-46.826737,-11.6713312],[-46.8267386,-11.6713306],[-46.8269417,-11.6712326],[-46.8269433,-11.6712316],[-46.8269446,-11.6712303],[-46.827077,-11.671075],[-46.8272598,-11.6710567],[-46.8272615,-11.6710564],[-46.8272632,-11.6710557],[-46.8272646,-11.6710547],[-46.8272659,-11.6710535],[-46.8273637,-11.6709329],[-46.8274698,-11.6708852],[-46.8274714,-11.6708842],[-46.8274728,-11.670883],[-46.8274739,-11.6708815],[-46.8274747,-11.6708798],[-46.8274751,-11.670878],[-46.8274817,-11.6708191],[-46.8276019,-11.6706676],[-46.8278128,-11.6706796],[-46.8278145,-11.6706795],[-46.8278162,-11.6706791],[-46.8278178,-11.6706784],[-46.8278192,-11.6706774],[-46.8278204,-11.6706762],[-46.8279275,-11.670542],[-46.8280639,-11.6705127],[-46.8282074,-11.670524],[-46.8282091,-11.6705239],[-46.8282109,-11.6705236],[-46.8282125,-11.6705228],[-46.828214,-11.6705218],[-46.8282152,-11.6705205],[-46.8282161,-11.670519],[-46.8282168,-11.6705173],[-46.828285,-11.6702641],[-46.8283615,-11.6700531],[-46.8284609,-11.6700152],[-46.8286588,-11.6699861],[-46.8286605,-11.6699857],[-46.8286621,-11.6699849],[-46.8286636,-11.6699839],[-46.8286648,-11.6699825],[-46.8286657,-11.669981],[-46.8286663,-11.6699793],[-46.8286665,-11.6699776],[-46.8286715,-11.6698424],[-46.828858,-11.6698118],[-46.8290259,-11.6698096],[-46.8290275,-11.6698094],[-46.8290731,-11.6698008],[-46.829075,-11.6698002],[-46.8290768,-11.6697991],[-46.8290783,-11.6697977],[-46.8291472,-11.6697154],[-46.8293935,-11.6696811],[-46.8293951,-11.6696808],[-46.8293966,-11.6696801],[-46.829398,-11.6696791],[-46.8293992,-11.6696779],[-46.8294001,-11.6696765],[-46.8294008,-11.669675],[-46.8294012,-11.6696734],[-46.8294012,-11.6696717],[-46.829401,-11.66967],[-46.8293657,-11.6695289],[-46.8294318,-11.6695129],[-46.8294336,-11.6695123],[-46.8294351,-11.6695114],[-46.8294365,-11.6695101],[-46.8294375,-11.6695086],[-46.8294383,-11.669507],[-46.8294387,-11.6695052],[-46.8294387,-11.6695033],[-46.8294383,-11.6695015],[-46.8294376,-11.6694999],[-46.8294366,-11.6694983],[-46.8294353,-11.6694971],[-46.8294059,-11.669474],[-46.8296285,-11.6694643],[-46.8296303,-11.669464],[-46.8296321,-11.6694633],[-46.8296336,-11.6694623],[-46.829635,-11.669461],[-46.829636,-11.6694595],[-46.8296367,-11.6694577],[-46.8296917,-11.6692639],[-46.8297699,-11.6691355],[-46.8297707,-11.6691339],[-46.8297711,-11.6691322],[-46.8297712,-11.6691304],[-46.829771,-11.6691287],[-46.8297704,-11.669127],[-46.8297695,-11.6691255],[-46.8297683,-11.6691242],[-46.8296896,-11.6690527],[-46.8296906,-11.6688831],[-46.8297546,-11.6688511],[-46.8297561,-11.6688502],[-46.8299038,-11.6687366],[-46.829905,-11.6687355],[-46.829906,-11.6687342],[-46.8299067,-11.6687327],[-46.8299072,-11.6687312],[-46.8299558,-11.6684826],[-46.8299559,-11.6684809],[-46.8299558,-11.6684792],[-46.8299553,-11.6684775],[-46.8299546,-11.668476],[-46.8299535,-11.6684747],[-46.8299522,-11.6684735],[-46.8299508,-11.6684727],[-46.8299492,-11.6684721],[-46.8299475,-11.6684718],[-46.8299458,-11.6684719],[-46.8298167,-11.6684883],[-46.8297744,-11.6684526],[-46.8298774,-11.6683793],[-46.8298788,-11.668378],[-46.82988,-11.6683765],[-46.8298808,-11.6683748],[-46.8298812,-11.668373],[-46.8298812,-11.6683711],[-46.8298808,-11.6683693],[-46.8298801,-11.6683676],[-46.829879,-11.668366],[-46.8297983,-11.668273],[-46.8298583,-11.6679726],[-46.8298584,-11.6679709],[-46.8298583,-11.6679693],[-46.8298579,-11.6679677],[-46.8298572,-11.6679662],[-46.8298562,-11.6679648],[-46.8298549,-11.6679637],[-46.8298535,-11.6679628],[-46.829852,-11.6679622],[-46.8297035,-11.6679182],[-46.8296765,-11.6678455],[-46.8296765,-11.6678453],[-46.8296118,-11.66768],[-46.8297619,-11.6673957],[-46.8297844,-11.6673622],[-46.8297854,-11.6673604],[-46.8297859,-11.6673584],[-46.8298159,-11.6671298],[-46.8298159,-11.6671276],[-46.8298154,-11.6671255],[-46.8297602,-11.666974],[-46.8299338,-11.6670332],[-46.8299355,-11.6670336],[-46.8299372,-11.6670337],[-46.8299389,-11.6670334],[-46.8299405,-11.6670329],[-46.829942,-11.667032],[-46.8299433,-11.6670308],[-46.8299444,-11.6670294],[-46.8299451,-11.6670278],[-46.8299456,-11.6670262],[-46.8299457,-11.6670244],[-46.8299454,-11.6670227],[-46.8298927,-11.6667939],[-46.8301343,-11.6667665],[-46.8301361,-11.6667661],[-46.8301378,-11.6667653],[-46.8301393,-11.6667643],[-46.8301405,-11.666763],[-46.8301414,-11.6667614],[-46.8301421,-11.6667597],[-46.8301423,-11.6667579],[-46.8301422,-11.6667561],[-46.8301418,-11.6667544],[-46.8300462,-11.6664972],[-46.8301944,-11.6664748],[-46.8304439,-11.6666967],[-46.8305536,-11.6668185],[-46.8305546,-11.6668195],[-46.8305557,-11.6668202],[-46.8306635,-11.6668843],[-46.8307571,-11.6670929],[-46.830758,-11.6670944],[-46.8307591,-11.6670958],[-46.8307606,-11.6670969],[-46.8307622,-11.6670976],[-46.830764,-11.6670981],[-46.8307657,-11.6670982],[-46.8307675,-11.6670979],[-46.8308978,-11.6670643],[-46.8311588,-11.6671292],[-46.8311367,-11.6672489],[-46.8311366,-11.6672506],[-46.8311367,-11.6672523],[-46.8311372,-11.667254],[-46.831138,-11.6672555],[-46.8311391,-11.6672568],[-46.8311404,-11.6672579],[-46.8311419,-11.6672588],[-46.8311435,-11.6672593],[-46.8314085,-11.6673213],[-46.8314104,-11.6673215],[-46.8314123,-11.6673213],[-46.8314141,-11.6673208],[-46.8314157,-11.6673199],[-46.8314171,-11.6673186],[-46.8314183,-11.6673171],[-46.8314758,-11.6672213],[-46.8314766,-11.6672196],[-46.831477,-11.6672178],[-46.831477,-11.667216],[-46.8314767,-11.6672142],[-46.8314063,-11.6669695],[-46.8314439,-11.6668403],[-46.831734,-11.6668106],[-46.831735,-11.6668105],[-46.8319755,-11.666758],[-46.8321631,-11.6668243],[-46.8321647,-11.6668247],[-46.8321663,-11.6668248],[-46.8321679,-11.6668247],[-46.8321694,-11.6668242],[-46.8322664,-11.666786],[-46.8324441,-11.6667865],[-46.8324443,-11.6667865],[-46.8325986,-11.6667849],[-46.8327282,-11.6669248],[-46.8328739,-11.6671436],[-46.832875,-11.667145],[-46.8328764,-11.6671461],[-46.832878,-11.6671469],[-46.8328797,-11.6671475],[-46.8328814,-11.6671476],[-46.8328832,-11.6671474],[-46.8328849,-11.6671469],[-46.8328865,-11.667146],[-46.8331018,-11.6669988],[-46.8331019,-11.6669987],[-46.8332808,-11.6668709],[-46.8332811,-11.6668707],[-46.833455,-11.666736],[-46.8335156,-11.6666887],[-46.8336047,-11.6667432],[-46.8336139,-11.6668115],[-46.8336142,-11.6668131],[-46.8336149,-11.6668146],[-46.8336158,-11.666816],[-46.8336169,-11.6668171],[-46.8336183,-11.6668181],[-46.8336198,-11.6668188],[-46.8337964,-11.666881],[-46.8337983,-11.6668814],[-46.8338003,-11.6668815],[-46.8338022,-11.6668811],[-46.8338039,-11.6668803],[-46.8338055,-11.6668792],[-46.8339044,-11.6667897],[-46.8339056,-11.6667884],[-46.8339065,-11.6667868],[-46.8339071,-11.6667851],[-46.8339073,-11.6667833],[-46.8339072,-11.6667815],[-46.8339067,-11.6667797],[-46.8339058,-11.6667781],[-46.8339047,-11.6667767],[-46.8339033,-11.6667755],[-46.8336897,-11.666635],[-46.8337569,-11.6665227],[-46.8341099,-11.6662408],[-46.8344748,-11.666313],[-46.8345171,-11.6664838],[-46.8345177,-11.6664855],[-46.8345186,-11.666487],[-46.8345198,-11.6664883],[-46.8345212,-11.6664894],[-46.8345228,-11.6664901],[-46.8345245,-11.6664906],[-46.8345262,-11.6664907],[-46.834528,-11.6664904],[-46.8347655,-11.6664318],[-46.8351564,-11.666334],[-46.8351567,-11.6663339],[-46.8356789,-11.6661814],[-46.83568,-11.666181],[-46.8357347,-11.6661569],[-46.8357435,-11.6662473],[-46.8357438,-11.6662488],[-46.8357444,-11.6662503],[-46.8357452,-11.6662517],[-46.8357462,-11.6662529],[-46.8359407,-11.6664404],[-46.8359421,-11.6664415],[-46.8359437,-11.6664423],[-46.8359454,-11.6664428],[-46.8359471,-11.6664429],[-46.8359489,-11.6664427],[-46.8361797,-11.6663913],[-46.8361812,-11.6663908],[-46.8361826,-11.6663901],[-46.8363344,-11.6662928],[-46.8363814,-11.6664397],[-46.8363822,-11.6664414],[-46.8363832,-11.6664429],[-46.8363846,-11.6664441],[-46.8363861,-11.6664451],[-46.8367081,-11.6665974],[-46.8366966,-11.6667541],[-46.8366966,-11.6667559],[-46.8366971,-11.6667577],[-46.8366979,-11.6667594],[-46.836699,-11.6667609],[-46.8367004,-11.6667621],[-46.836702,-11.666763],[-46.8367038,-11.6667636],[-46.8367057,-11.6667637],[-46.8368559,-11.6667618],[-46.8368573,-11.6667617],[-46.8368586,-11.6667614],[-46.8370273,-11.6667073],[-46.8372264,-11.6667796],[-46.8370768,-11.6669345],[-46.8368734,-11.6669773],[-46.8368717,-11.6669778],[-46.8368702,-11.6669787],[-46.8368688,-11.6669799],[-46.8368677,-11.6669813],[-46.8368669,-11.6669828],[-46.8368664,-11.6669846],[-46.8368663,-11.6669863],[-46.8368665,-11.6669881],[-46.8368671,-11.6669898],[-46.836868,-11.6669914],[-46.8368691,-11.6669927],[-46.8368706,-11.6669938],[-46.8368722,-11.6669946],[-46.8368739,-11.666995],[-46.8371589,-11.6670395],[-46.8369189,-11.6671186],[-46.8368671,-11.6671244],[-46.8368653,-11.6671247],[-46.8368637,-11.6671254],[-46.8368623,-11.6671264],[-46.836861,-11.6671277],[-46.8368601,-11.6671292],[-46.8368594,-11.6671308],[-46.8368591,-11.6671326],[-46.8368591,-11.6671343],[-46.8368595,-11.6671361],[-46.8368602,-11.6671377],[-46.8368612,-11.6671391],[-46.8368624,-11.6671404],[-46.8368639,-11.6671413],[-46.8370125,-11.6672183],[-46.8370128,-11.6672184],[-46.8371167,-11.6672673],[-46.8371175,-11.6672676],[-46.8372111,-11.6673017],[-46.8372312,-11.667316],[-46.8372327,-11.6673168],[-46.8372344,-11.6673174],[-46.8372362,-11.6673176],[-46.837238,-11.6673175],[-46.8372398,-11.667317],[-46.8372413,-11.6673161],[-46.8372427,-11.667315],[-46.8372439,-11.6673136],[-46.8373296,-11.6671849],[-46.8373419,-11.6671857],[-46.8373434,-11.6671856],[-46.8373449,-11.6671854],[-46.8374427,-11.6671584],[-46.8374441,-11.6671579],[-46.8374454,-11.6671572],[-46.8374507,-11.6671535],[-46.8376554,-11.6672985],[-46.8376568,-11.6672993],[-46.8376584,-11.6672998],[-46.83766,-11.6673001],[-46.8376617,-11.6673],[-46.8376633,-11.6672997],[-46.8376649,-11.667299],[-46.8376662,-11.6672981],[-46.8376674,-11.6672969],[-46.8376684,-11.6672956],[-46.8376717,-11.6672897],[-46.8379265,-11.6672813],[-46.8381973,-11.6674062],[-46.8381989,-11.6674068],[-46.8382006,-11.6674071],[-46.8384163,-11.6674185],[-46.8385102,-11.6675621],[-46.8385114,-11.6675636],[-46.8385128,-11.6675648],[-46.8385145,-11.6675656],[-46.8385163,-11.6675661],[-46.8385181,-11.6675662],[-46.83852,-11.667566],[-46.8385217,-11.6675653],[-46.8385233,-11.6675644],[-46.8385246,-11.6675631],[-46.8385646,-11.6675163],[-46.83877,-11.6676932],[-46.8387714,-11.6676942],[-46.838773,-11.6676949],[-46.8387747,-11.6676953],[-46.8387765,-11.6676954],[-46.8387782,-11.6676951],[-46.8387798,-11.6676945],[-46.8387813,-11.6676935],[-46.8387826,-11.6676923],[-46.8388906,-11.6675696],[-46.8390375,-11.6676177],[-46.8390392,-11.6676181],[-46.8392155,-11.6676398],[-46.8392005,-11.6678075],[-46.8392005,-11.6678091],[-46.8392008,-11.6678107],[-46.8392013,-11.6678123],[-46.8392022,-11.6678137],[-46.8392033,-11.6678149],[-46.8393407,-11.6679447],[-46.8393532,-11.6680949],[-46.8393535,-11.6680966],[-46.8393541,-11.6680982],[-46.839355,-11.6680996],[-46.8393562,-11.6681009],[-46.8393575,-11.6681019],[-46.8393591,-11.6681026],[-46.8393607,-11.6681031],[-46.8393624,-11.6681032],[-46.8393641,-11.668103],[-46.8393657,-11.6681025],[-46.8396012,-11.6680039],[-46.839671,-11.6680093],[-46.8397169,-11.6681776],[-46.8397175,-11.6681792],[-46.8397183,-11.6681807],[-46.8397194,-11.6681819],[-46.8397208,-11.6681829],[-46.8397223,-11.6681837],[-46.8397239,-11.6681841],[-46.8397256,-11.6681843],[-46.8397272,-11.6681841],[-46.8397288,-11.6681837],[-46.8399531,-11.668096],[-46.8401004,-11.6680457],[-46.840102,-11.668045],[-46.8401035,-11.6680439],[-46.8403876,-11.6677905],[-46.8404345,-11.6680508],[-46.8404349,-11.6680524],[-46.8404357,-11.668054],[-46.8404367,-11.6680553],[-46.840438,-11.6680565],[-46.8404395,-11.6680573],[-46.8404411,-11.6680579],[-46.8404428,-11.6680582],[-46.8404445,-11.6680581],[-46.8406787,-11.6680264],[-46.8406805,-11.668026],[-46.8406822,-11.6680252],[-46.8409344,-11.6678713],[-46.8409358,-11.6678703],[-46.8409369,-11.667869],[-46.8409378,-11.6678675],[-46.8409384,-11.6678659],[-46.8409387,-11.6678642],[-46.8409541,-11.6676373],[-46.8411469,-11.6675925],[-46.8412201,-11.6678016],[-46.8412208,-11.6678032],[-46.8412219,-11.6678046],[-46.8412232,-11.6678058],[-46.8412247,-11.6678067],[-46.8412263,-11.6678073],[-46.8412281,-11.6678076],[-46.8412298,-11.6678075],[-46.8412315,-11.6678071],[-46.8416381,-11.6676669],[-46.8417395,-11.6678644],[-46.8417405,-11.667866],[-46.8417419,-11.6678673],[-46.8417435,-11.6678683],[-46.8418907,-11.6679422],[-46.8418924,-11.6679429],[-46.8418942,-11.6679432],[-46.841896,-11.6679431],[-46.8418977,-11.6679427],[-46.8418994,-11.6679419],[-46.8419008,-11.6679408],[-46.842213,-11.6676531],[-46.8423411,-11.6680848],[-46.8423418,-11.6680864],[-46.8423427,-11.6680879],[-46.842344,-11.6680892],[-46.8423454,-11.6680901],[-46.8423471,-11.6680908],[-46.8423488,-11.6680912],[-46.8423506,-11.6680912],[-46.8423523,-11.6680909],[-46.8423539,-11.6680902],[-46.8423554,-11.6680892],[-46.8425709,-11.6679139],[-46.8426719,-11.6679515],[-46.8426738,-11.667952],[-46.8426758,-11.667952],[-46.8426778,-11.6679516],[-46.8429412,-11.6678652],[-46.8431935,-11.6679246],[-46.8431954,-11.6679248],[-46.8431973,-11.6679247],[-46.843466,-11.6678731],[-46.8434305,-11.6682473],[-46.8433724,-11.6684752],[-46.8431154,-11.6686417],[-46.8429166,-11.6685482],[-46.8429148,-11.6685476],[-46.842913,-11.6685474],[-46.8429111,-11.6685475],[-46.8429093,-11.6685481],[-46.8429077,-11.668549],[-46.8427227,-11.6686753],[-46.8427214,-11.6686764],[-46.8427204,-11.6686776],[-46.8427196,-11.6686791],[-46.842719,-11.6686806],[-46.8426457,-11.6689767],[-46.8426454,-11.6689785],[-46.8426456,-11.6689804],[-46.842646,-11.6689821],[-46.8426469,-11.6689838],[-46.842648,-11.6689852],[-46.8430807,-11.669426],[-46.8432178,-11.669572],[-46.8431937,-11.6697946],[-46.8431079,-11.6698653],[-46.8431066,-11.6698665],[-46.8431057,-11.669868],[-46.843105,-11.6698696],[-46.8431046,-11.6698713],[-46.8431046,-11.6698731],[-46.843105,-11.6698748],[-46.8431056,-11.6698764],[-46.8431066,-11.6698779],[-46.8431078,-11.6698791],[-46.8431093,-11.6698801],[-46.8431109,-11.6698808],[-46.8431126,-11.6698812],[-46.8432544,-11.6698972],[-46.8430066,-11.6700546],[-46.8430051,-11.6700558],[-46.8430039,-11.6700572],[-46.8430031,-11.6700588],[-46.8430025,-11.6700606],[-46.8430024,-11.6700624],[-46.8430026,-11.6700642],[-46.8430032,-11.670066],[-46.8431252,-11.6703318],[-46.8430788,-11.6708008],[-46.8430788,-11.6708024],[-46.8430791,-11.670804],[-46.8430796,-11.6708055],[-46.8430805,-11.6708069],[-46.8430815,-11.6708082],[-46.8430828,-11.6708092],[-46.8432336,-11.6709089],[-46.8432263,-11.6711047],[-46.8432265,-11.6711069],[-46.8432784,-11.6713502],[-46.8432789,-11.6713517],[-46.8432796,-11.6713532],[-46.8432806,-11.6713545],[-46.8432818,-11.6713555],[-46.8436199,-11.6716094],[-46.8436218,-11.6716105],[-46.8440615,-11.6717919],[-46.8439266,-11.6719498],[-46.8436514,-11.6720006],[-46.8436496,-11.6720011],[-46.843648,-11.672002],[-46.8436465,-11.6720032],[-46.8436454,-11.6720047],[-46.8434737,-11.6722842],[-46.8432249,-11.6724058],[-46.8432233,-11.6724068],[-46.8432219,-11.6724082],[-46.8432209,-11.6724098],[-46.8432202,-11.6724115],[-46.8431813,-11.6725554],[-46.843181,-11.6725571],[-46.8431811,-11.6725589],[-46.8431814,-11.6725605],[-46.8431821,-11.6725621],[-46.8431831,-11.6725636],[-46.8431843,-11.6725648],[-46.843301,-11.6726599],[-46.8433035,-11.6730025],[-46.8432694,-11.6732842],[-46.8432694,-11.6732862],[-46.8432698,-11.6732882],[-46.8433905,-11.6736384],[-46.8434581,-11.6739176],[-46.8432296,-11.6741333],[-46.8429229,-11.6742491],[-46.8429213,-11.6742499],[-46.8429199,-11.674251],[-46.8429187,-11.6742524],[-46.8429178,-11.674254],[-46.8429173,-11.6742557],[-46.8429171,-11.6742575],[-46.8429173,-11.6742593],[-46.8429178,-11.674261],[-46.8429187,-11.6742626],[-46.8429199,-11.674264],[-46.8429213,-11.6742651],[-46.8432134,-11.6744485],[-46.8429269,-11.6744861],[-46.8429252,-11.6744865],[-46.8429235,-11.6744872],[-46.8429221,-11.6744882],[-46.8429209,-11.6744895],[-46.84292,-11.674491],[-46.8429193,-11.6744927],[-46.8429191,-11.6744945],[-46.8429191,-11.6744962],[-46.8429195,-11.6744979],[-46.8429203,-11.6744996],[-46.8429213,-11.674501],[-46.8429226,-11.6745022],[-46.8433129,-11.6747964],[-46.843313,-11.6747964],[-46.8435899,-11.6749998],[-46.8433717,-11.6750861],[-46.8433702,-11.6750868],[-46.8433689,-11.6750878],[-46.8433678,-11.675089],[-46.8431692,-11.6753517],[-46.8429426,-11.6755896],[-46.8429416,-11.675591],[-46.8429408,-11.6755925],[-46.8429403,-11.6755941],[-46.8429402,-11.6755958],[-46.8429403,-11.6755975],[-46.8429408,-11.6755992],[-46.8430049,-11.675759],[-46.8429099,-11.6757295],[-46.8427141,-11.6756687],[-46.8425182,-11.6756079],[-46.8425169,-11.6756076],[-46.8423712,-11.6755846],[-46.8422254,-11.6755616],[-46.8420797,-11.6755386],[-46.8419339,-11.6755157],[-46.8417889,-11.6754928],[-46.8416437,-11.6754461],[-46.8414987,-11.6753995],[-46.8413777,-11.675329],[-46.841376,-11.6753282],[-46.8412301,-11.6752813],[-46.8410842,-11.6752344],[-46.8410828,-11.6752341],[-46.8409378,-11.6752112],[-46.8407931,-11.6751648],[-46.8406479,-11.6750944],[-46.8405265,-11.6750236],[-46.8404047,-11.6749526],[-46.8402843,-11.6748824],[-46.8401874,-11.6747647],[-46.8401868,-11.674764],[-46.8400647,-11.6746452],[-46.8399429,-11.6745267],[-46.8398454,-11.6744082],[-46.8397475,-11.6742892],[-46.8396497,-11.6741703],[-46.839649,-11.6741695],[-46.8395273,-11.6740511],[-46.8394297,-11.6739325],[-46.8393319,-11.6738136],[-46.8393305,-11.6738122],[-46.8392085,-11.6737173],[-46.8392075,-11.6737166],[-46.8390857,-11.6736456],[-46.8390851,-11.6736453],[-46.8389391,-11.6735745],[-46.8387933,-11.6735038],[-46.8386718,-11.673433],[-46.83855,-11.6733621],[-46.8384288,-11.6732914],[-46.8383073,-11.6731969],[-46.8383063,-11.6731962],[-46.8381855,-11.6731258],[-46.8380642,-11.6730078],[-46.8380624,-11.6730064],[-46.8379406,-11.6729355],[-46.8378188,-11.6728645],[-46.8378177,-11.672864],[-46.837648,-11.6727935],[-46.8375267,-11.6727229],[-46.8375252,-11.6727222],[-46.8375236,-11.6727218],[-46.8373789,-11.6726989],[-46.8372096,-11.6726287],[-46.8372089,-11.6726284],[-46.837063,-11.6725815],[-46.8370626,-11.6725814],[-46.8368924,-11.6725347],[-46.8367223,-11.6724879],[-46.8365521,-11.6724412],[-46.8365511,-11.672441],[-46.8364054,-11.672418],[-46.8362597,-11.672395],[-46.8361139,-11.672372],[-46.8361137,-11.672372],[-46.8359438,-11.6723492],[-46.8357982,-11.6723262],[-46.8356524,-11.6723032],[-46.8355067,-11.6722802],[-46.8355065,-11.6722802],[-46.8353366,-11.6722574],[-46.835191,-11.6722344],[-46.8351895,-11.6722343],[-46.8350197,-11.6722354],[-46.8349954,-11.6722356],[-46.8349936,-11.6722357],[-46.8349919,-11.6722363],[-46.8349904,-11.6722371],[-46.834989,-11.6722382],[-46.8349879,-11.6722396],[-46.8349871,-11.6722412],[-46.8349866,-11.6722429],[-46.8349864,-11.6722446],[-46.8349866,-11.6722464],[-46.8349871,-11.6722481],[-46.834988,-11.6722496],[-46.8349891,-11.672251],[-46.8349905,-11.6722521],[-46.8349921,-11.6722529],[-46.8349937,-11.6722534],[-46.8349955,-11.6722536],[-46.8350198,-11.6722534],[-46.8351889,-11.6722523],[-46.8353339,-11.6722752],[-46.8353341,-11.6722752],[-46.835504,-11.6722981],[-46.8356496,-11.672321],[-46.8357954,-11.672344],[-46.8359411,-11.672367],[-46.8359413,-11.672367],[-46.8361112,-11.6723898],[-46.8362569,-11.6724128],[-46.8364026,-11.6724358],[-46.8365478,-11.6724587],[-46.8367175,-11.6725053],[-46.8368877,-11.6725521],[-46.8370576,-11.6725988],[-46.837203,-11.6726455],[-46.837373,-11.672716],[-46.837375,-11.6727166],[-46.8375191,-11.6727393],[-46.8376394,-11.6728094],[-46.8376405,-11.67281],[-46.8378103,-11.6728804],[-46.8379315,-11.672951],[-46.8380524,-11.6730215],[-46.8381737,-11.6731395],[-46.8381754,-11.6731408],[-46.8382967,-11.6732115],[-46.8384182,-11.673306],[-46.8384192,-11.6733067],[-46.838541,-11.6733776],[-46.8386628,-11.6734486],[-46.8387846,-11.6735196],[-46.8387852,-11.6735199],[-46.8389312,-11.6735907],[-46.839077,-11.6736614],[-46.8391979,-11.6737319],[-46.8393186,-11.6738258],[-46.8394158,-11.673944],[-46.8395137,-11.6740629],[-46.8395143,-11.6740636],[-46.8396361,-11.6741821],[-46.8397336,-11.6743007],[-46.8398315,-11.6744196],[-46.8399293,-11.6745386],[-46.83993,-11.6745393],[-46.8400521,-11.6746581],[-46.8401738,-11.6747766],[-46.8402714,-11.6748951],[-46.8402725,-11.6748963],[-46.8402738,-11.6748972],[-46.8403956,-11.6749682],[-46.8405174,-11.6750391],[-46.8406392,-11.6751101],[-46.8406398,-11.6751104],[-46.8407858,-11.6751812],[-46.840787,-11.6751817],[-46.8409329,-11.6752286],[-46.8409343,-11.6752289],[-46.8410793,-11.6752518],[-46.8412245,-11.6752985],[-46.8413695,-11.6753451],[-46.8414905,-11.6754156],[-46.8414922,-11.6754164],[-46.8416381,-11.6754633],[-46.841784,-11.6755101],[-46.8417854,-11.6755105],[-46.8419311,-11.6755335],[-46.8420769,-11.6755564],[-46.8422226,-11.6755794],[-46.8423684,-11.6756024],[-46.8425135,-11.6756253],[-46.8427087,-11.6756859],[-46.8429046,-11.6757467],[-46.8430135,-11.6757806],[-46.8430805,-11.6759476],[-46.8431345,-11.6762154],[-46.8431353,-11.6762178],[-46.8432484,-11.6764336],[-46.8432493,-11.676435],[-46.8432505,-11.6764363],[-46.8432519,-11.6764372],[-46.843549,-11.6766089],[-46.84351,-11.6768449],[-46.8435099,-11.6768467],[-46.8435101,-11.6768484],[-46.8435593,-11.6770662],[-46.84356,-11.6770681],[-46.8435611,-11.6770698],[-46.843716,-11.6772612],[-46.8436807,-11.6777121],[-46.8436808,-11.6777139],[-46.8436812,-11.6777156],[-46.8436819,-11.6777172],[-46.8438433,-11.6780009],[-46.8437102,-11.6782434],[-46.8437093,-11.6782457],[-46.8436477,-11.6785015],[-46.8434531,-11.6786915],[-46.8433468,-11.6786973],[-46.843015,-11.6786469],[-46.8430126,-11.6786469],[-46.842687,-11.6786841],[-46.8426854,-11.6786844],[-46.8423601,-11.6787844],[-46.8423599,-11.6787845],[-46.8420018,-11.6789067],[-46.8417549,-11.6788479],[-46.8417531,-11.6788477],[-46.8417514,-11.6788478],[-46.8417497,-11.6788482],[-46.8417481,-11.678849],[-46.8417467,-11.67885],[-46.8417456,-11.6788513],[-46.8417447,-11.6788528],[-46.8416379,-11.6790754],[-46.8415368,-11.6792377],[-46.841536,-11.6792392],[-46.8415356,-11.6792408],[-46.8415354,-11.6792425],[-46.8415356,-11.6792441],[-46.841536,-11.6792457],[-46.8415368,-11.6792472],[-46.8415378,-11.6792486],[-46.8416197,-11.6793386],[-46.8414758,-11.6795542],[-46.8414755,-11.6795548],[-46.8413418,-11.6797939],[-46.8410892,-11.6798938],[-46.8410874,-11.6798948],[-46.8410858,-11.6798962],[-46.8410846,-11.6798978],[-46.8409881,-11.6800699],[-46.8408417,-11.6802478],[-46.840658,-11.6802538],[-46.8406562,-11.680254],[-46.8406544,-11.6802547],[-46.8406528,-11.6802556],[-46.8406515,-11.6802569],[-46.8406504,-11.6802584],[-46.8406497,-11.6802602],[-46.8406069,-11.680401],[-46.8406066,-11.6804027],[-46.8406066,-11.6804044],[-46.8406069,-11.6804061],[-46.8406075,-11.6804077],[-46.8406084,-11.6804091],[-46.8406096,-11.6804104],[-46.840611,-11.6804114],[-46.8406126,-11.6804121],[-46.8406142,-11.6804125],[-46.8408162,-11.6804427],[-46.8407075,-11.6805509],[-46.840457,-11.6805427],[-46.8404549,-11.6805428],[-46.8404529,-11.6805435],[-46.8403035,-11.6806127],[-46.840069,-11.6806182],[-46.8400671,-11.6806185],[-46.8400653,-11.6806191],[-46.8400636,-11.6806201],[-46.8399631,-11.6806982],[-46.8399618,-11.6806994],[-46.8399608,-11.6807008],[-46.8399601,-11.6807024],[-46.8399597,-11.6807042],[-46.8399596,-11.6807059],[-46.8399807,-11.6809987],[-46.8399808,-11.6809994],[-46.8400103,-11.6811976],[-46.8399527,-11.6812749],[-46.8398132,-11.6814375],[-46.8396674,-11.6813775],[-46.8394763,-11.6812214],[-46.839476,-11.6812212],[-46.8394757,-11.681221],[-46.8393799,-11.6811538],[-46.8393788,-11.6811531],[-46.8393775,-11.6811526],[-46.839203,-11.6810965],[-46.8391647,-11.6810779],[-46.8391642,-11.6810777],[-46.8390284,-11.6810213],[-46.8388925,-11.6809459],[-46.8388915,-11.6809455],[-46.838756,-11.6808893],[-46.8386402,-11.6808142],[-46.8385241,-11.6807201],[-46.8384268,-11.6806065],[-46.8384248,-11.6806048],[-46.8383094,-11.68053],[-46.8382322,-11.6804175],[-46.8381538,-11.6802843],[-46.8380755,-11.6801513],[-46.8380172,-11.6800194],[-46.8379969,-11.6798678],[-46.8379967,-11.6798669],[-46.8379568,-11.679695],[-46.8379563,-11.6796934],[-46.8379554,-11.6796919],[-46.8379543,-11.6796906],[-46.837953,-11.6796895],[-46.837797,-11.6795853],[-46.8376411,-11.6794811],[-46.8376391,-11.6794801],[-46.8374542,-11.6794143],[-46.8372709,-11.679349],[-46.8371452,-11.6792456],[-46.8370194,-11.6791421],[-46.8369418,-11.6790195],[-46.8368638,-11.6788964],[-46.8368048,-11.6787351],[-46.8367455,-11.6785728],[-46.8367453,-11.6785722],[-46.8366763,-11.6784196],[-46.8366074,-11.678267],[-46.8366066,-11.6782655],[-46.8366055,-11.6782642],[-46.8364101,-11.6780741],[-46.83641,-11.6780741],[-46.83641,-11.678074],[-46.8364093,-11.6780735],[-46.8364087,-11.678073],[-46.8364086,-11.678073],[-46.8364086,-11.6780729],[-46.8364078,-11.6780726],[-46.8364071,-11.6780722],[-46.836407,-11.6780722],[-46.8362318,-11.6780063],[-46.8360567,-11.6779405],[-46.8360553,-11.6779401],[-46.8360538,-11.6779399],[-46.8358111,-11.6779319],[-46.8355684,-11.6779239],[-46.835568,-11.6779239],[-46.8354225,-11.6779248],[-46.8352769,-11.6779257],[-46.8351216,-11.6779267],[-46.8349663,-11.6779277],[-46.8349657,-11.6779278],[-46.8349652,-11.6779278],[-46.83481,-11.6779479],[-46.8348087,-11.6779482],[-46.8346731,-11.6779873],[-46.8345374,-11.6780265],[-46.8345364,-11.6780268],[-46.8344009,-11.6780851],[-46.8342654,-11.6781434],[-46.8342645,-11.6781438],[-46.8341291,-11.6782212],[-46.8341286,-11.6782215],[-46.8340126,-11.6782988],[-46.8338966,-11.6783761],[-46.8337807,-11.6784534],[-46.8337799,-11.6784539],[-46.8336647,-11.6785498],[-46.83353,-11.6786268],[-46.8335281,-11.6786283],[-46.8334127,-11.6787435],[-46.8332975,-11.6788394],[-46.8331826,-11.6789159],[-46.833049,-11.6789734],[-46.8328956,-11.6789933],[-46.8327415,-11.6789943],[-46.8325887,-11.6789764],[-46.8324753,-11.6789029],[-46.8323981,-11.6787718],[-46.8323392,-11.6786387],[-46.8323387,-11.6786378],[-46.8322602,-11.6785043],[-46.8322592,-11.6785031],[-46.8321614,-11.6783889],[-46.8321611,-11.6783886],[-46.8321609,-11.6783883],[-46.8321605,-11.678388],[-46.8321602,-11.6783877],[-46.8321598,-11.6783874],[-46.8321595,-11.6783872],[-46.8320425,-11.6783114],[-46.8320411,-11.6783106],[-46.8319053,-11.6782543],[-46.8317697,-11.6781791],[-46.8316346,-11.6780852],[-46.8315383,-11.6779729],[-46.8314404,-11.6777641],[-46.8314394,-11.6777626],[-46.8312831,-11.6775535],[-46.8312048,-11.6774205],[-46.8312039,-11.6774192],[-46.8311061,-11.677305],[-46.8311049,-11.6773039],[-46.8309878,-11.677209],[-46.8309865,-11.6772081],[-46.8308504,-11.6771326],[-46.8307341,-11.6770572],[-46.830618,-11.6769631],[-46.8305217,-11.6768507],[-46.830463,-11.6766995],[-46.8304622,-11.6766979],[-46.8303641,-11.6765454],[-46.830364,-11.6765452],[-46.8302856,-11.6764309],[-46.8302838,-11.676429],[-46.8301667,-11.6763341],[-46.830166,-11.6763335],[-46.830049,-11.6762577],[-46.8300488,-11.6762576],[-46.8298929,-11.6761629],[-46.8298926,-11.6761627],[-46.8297562,-11.6760871],[-46.8297553,-11.6760866],[-46.829619,-11.6760301],[-46.8296179,-11.6760297],[-46.8294818,-11.6759923],[-46.8293457,-11.6759549],[-46.8292101,-11.6759177],[-46.8290751,-11.6758617],[-46.8289588,-11.6757863],[-46.8289583,-11.675786],[-46.8288222,-11.6757105],[-46.8287055,-11.6756349],[-46.8287043,-11.6756342],[-46.828703,-11.6756338],[-46.8285668,-11.6755964],[-46.8285652,-11.6755961],[-46.8283548,-11.6755786],[-46.8283375,-11.6755618],[-46.828336,-11.6755606],[-46.8283342,-11.6755597],[-46.8283323,-11.6755593],[-46.8281774,-11.6755412],[-46.8280224,-11.6755041],[-46.8280214,-11.6755039],[-46.8278666,-11.6754858],[-46.8277311,-11.6754486],[-46.8275956,-11.6754114],[-46.8274598,-11.675355],[-46.8274581,-11.6753545],[-46.8274563,-11.6753544],[-46.827301,-11.6753553],[-46.8272993,-11.6753555],[-46.8272976,-11.675356],[-46.8272961,-11.6753569],[-46.8271801,-11.6754341],[-46.8271789,-11.6754351],[-46.8271778,-11.6754363],[-46.827177,-11.6754377],[-46.8271765,-11.6754392],[-46.8271385,-11.6755733],[-46.8271009,-11.6757062],[-46.8270248,-11.6758203],[-46.8269484,-11.6759348],[-46.826834,-11.6760491],[-46.8267192,-11.6761255],[-46.8265649,-11.6762028],[-46.826564,-11.6762034],[-46.8264487,-11.6762802],[-46.8263139,-11.6763381],[-46.826179,-11.6763962],[-46.8260439,-11.6764351],[-46.8260422,-11.6764358],[-46.8260407,-11.6764368],[-46.8260395,-11.676438],[-46.8260385,-11.6764394],[-46.8260378,-11.6764411],[-46.8260374,-11.6764428],[-46.8260374,-11.6764446],[-46.8260377,-11.6764463],[-46.8260384,-11.6764479],[-46.8260393,-11.6764494],[-46.8260406,-11.6764507],[-46.826042,-11.6764517],[-46.8260436,-11.6764524],[-46.8260454,-11.6764527],[-46.8260471,-11.6764528],[-46.8260489,-11.6764525],[-46.8261845,-11.6764133],[-46.8261856,-11.6764129],[-46.8263211,-11.6763547],[-46.8264566,-11.6762964],[-46.826458,-11.6762956],[-46.8265735,-11.6762187],[-46.8267278,-11.6761414],[-46.8267288,-11.6761409],[-46.8268447,-11.6760636],[-46.8268461,-11.6760625],[-46.8269618,-11.6759469],[-46.8269629,-11.6759455],[-46.8270398,-11.6758303],[-46.8271167,-11.675715],[-46.8271174,-11.6757137],[-46.8271179,-11.6757124],[-46.8271558,-11.6755782],[-46.8271929,-11.6754473],[-46.8273038,-11.6753733],[-46.8274546,-11.6753724],[-46.8275892,-11.6754282],[-46.8275902,-11.6754286],[-46.8277264,-11.675466],[-46.8278625,-11.6755034],[-46.8278638,-11.6755036],[-46.8280187,-11.6755217],[-46.8281737,-11.6755589],[-46.8281748,-11.6755591],[-46.8283272,-11.6755769],[-46.8283445,-11.6755937],[-46.8283457,-11.6755947],[-46.8283471,-11.6755955],[-46.8283485,-11.675596],[-46.8283501,-11.6755962],[-46.8285629,-11.6756139],[-46.8286969,-11.6756508],[-46.8288127,-11.6757258],[-46.8288132,-11.6757261],[-46.8289493,-11.6758016],[-46.829066,-11.6758772],[-46.8290674,-11.675878],[-46.8292037,-11.6759345],[-46.8292048,-11.6759349],[-46.8293409,-11.6759723],[-46.829477,-11.6760097],[-46.8296126,-11.6760469],[-46.8297479,-11.6761031],[-46.8298837,-11.6761784],[-46.8300393,-11.6762729],[-46.8301558,-11.6763484],[-46.8302715,-11.6764422],[-46.8303491,-11.6765553],[-46.8304466,-11.6767068],[-46.8305055,-11.6768587],[-46.8305061,-11.67686],[-46.830507,-11.6768613],[-46.8306048,-11.6769755],[-46.830606,-11.6769766],[-46.8307231,-11.6770715],[-46.8307239,-11.6770721],[-46.8308408,-11.6771479],[-46.8308414,-11.6771482],[-46.8309771,-11.6772235],[-46.8310929,-11.6773174],[-46.8311897,-11.6774303],[-46.8312678,-11.6775631],[-46.8312683,-11.6775639],[-46.8314245,-11.6777726],[-46.8315225,-11.6779816],[-46.8315238,-11.6779837],[-46.8316216,-11.6780978],[-46.8316233,-11.6780994],[-46.8317598,-11.6781942],[-46.8317606,-11.6781946],[-46.831897,-11.6782703],[-46.8318979,-11.6782707],[-46.8320334,-11.678327],[-46.8321486,-11.6784016],[-46.832245,-11.6785142],[-46.8323229,-11.6786465],[-46.8323818,-11.6787796],[-46.8323823,-11.6787805],[-46.8324608,-11.6789139],[-46.8324621,-11.6789156],[-46.8324637,-11.6789169],[-46.8325806,-11.6789927],[-46.8325825,-11.6789936],[-46.8325845,-11.6789941],[-46.8327399,-11.6790122],[-46.832741,-11.6790123],[-46.8328963,-11.6790113],[-46.8328974,-11.6790112],[-46.8330526,-11.6789911],[-46.833055,-11.6789904],[-46.8331905,-11.6789322],[-46.8331919,-11.6789314],[-46.8333079,-11.6788541],[-46.8333086,-11.6788535],[-46.8334245,-11.6787571],[-46.8334251,-11.6787566],[-46.83354,-11.6786419],[-46.8336743,-11.6785651],[-46.8336756,-11.6785642],[-46.8337911,-11.6784681],[-46.8339066,-11.6783911],[-46.8340226,-11.6783138],[-46.8341383,-11.6782367],[-46.834273,-11.6781597],[-46.834408,-11.6781017],[-46.834543,-11.6780436],[-46.8346781,-11.6780046],[-46.834813,-11.6779657],[-46.834967,-11.6779457],[-46.8351217,-11.6779447],[-46.835277,-11.6779437],[-46.8354226,-11.6779428],[-46.835568,-11.6779419],[-46.8358105,-11.6779499],[-46.8360517,-11.6779579],[-46.8362255,-11.6780232],[-46.8363989,-11.6780884],[-46.8365917,-11.6782759],[-46.8366599,-11.678427],[-46.8367287,-11.6785793],[-46.8367879,-11.6787413],[-46.8368472,-11.6789035],[-46.8368481,-11.6789053],[-46.8369265,-11.6790291],[-46.837005,-11.679153],[-46.8370059,-11.6791541],[-46.8370069,-11.6791551],[-46.8371338,-11.6792595],[-46.8372606,-11.679364],[-46.8372619,-11.6793648],[-46.8372633,-11.6793655],[-46.8374482,-11.6794313],[-46.837632,-11.6794967],[-46.837787,-11.6796003],[-46.83794,-11.6797025],[-46.8379791,-11.6798706],[-46.8379995,-11.6800231],[-46.8380002,-11.6800256],[-46.8380593,-11.6801591],[-46.8380597,-11.68016],[-46.8381383,-11.6802935],[-46.8382168,-11.6804269],[-46.8382171,-11.6804274],[-46.8382955,-11.6805417],[-46.8382967,-11.6805431],[-46.8382981,-11.6805442],[-46.838414,-11.6806193],[-46.8385109,-11.6807324],[-46.8385121,-11.6807336],[-46.8386292,-11.6808285],[-46.83863,-11.6808291],[-46.8387469,-11.6809048],[-46.8387484,-11.6809056],[-46.8388842,-11.6809619],[-46.8390201,-11.6810373],[-46.839021,-11.6810378],[-46.839157,-11.6810942],[-46.8391958,-11.681113],[-46.8391969,-11.6811135],[-46.8393707,-11.6811693],[-46.8394438,-11.6812206],[-46.8393349,-11.6812257],[-46.8393333,-11.6812259],[-46.8393317,-11.6812264],[-46.8393303,-11.6812272],[-46.8391275,-11.6813614],[-46.8391261,-11.6813626],[-46.8389811,-11.6815092],[-46.8389799,-11.6815107],[-46.8389791,-11.6815124],[-46.8389786,-11.6815142],[-46.8389785,-11.6815161],[-46.8389788,-11.681518],[-46.8389795,-11.6815197],[-46.8390826,-11.6817181],[-46.8390749,-11.6819167],[-46.8388957,-11.6819146],[-46.8388939,-11.6819148],[-46.8388922,-11.6819153],[-46.8388906,-11.6819161],[-46.8386948,-11.6820451],[-46.8386302,-11.6820446],[-46.838495,-11.6818088],[-46.8384939,-11.6818072],[-46.8384924,-11.6818059],[-46.8384906,-11.681805],[-46.8384887,-11.6818044],[-46.8382451,-11.6817633],[-46.8382437,-11.6817632],[-46.8382423,-11.6817633],[-46.8380206,-11.6817967],[-46.8380189,-11.6817971],[-46.8380173,-11.6817979],[-46.8380158,-11.6817989],[-46.8380147,-11.6818003],[-46.8380138,-11.6818018],[-46.8380132,-11.6818035],[-46.8380129,-11.6818053],[-46.8380131,-11.681807],[-46.8380135,-11.6818088],[-46.8380757,-11.6819726],[-46.8380764,-11.681974],[-46.8380773,-11.6819753],[-46.8380784,-11.6819764],[-46.8382315,-11.6821033],[-46.8381395,-11.682132],[-46.838138,-11.6821326],[-46.8381365,-11.6821336],[-46.8381353,-11.6821348],[-46.8381344,-11.6821362],[-46.8381337,-11.6821377],[-46.8381333,-11.6821394],[-46.8381332,-11.6821411],[-46.8381335,-11.6821428],[-46.8381341,-11.6821444],[-46.8382488,-11.682389],[-46.8380463,-11.6826151],[-46.8377619,-11.6826335],[-46.8377606,-11.6826337],[-46.837506,-11.682689],[-46.8371994,-11.6827487],[-46.8371977,-11.6827491],[-46.8371962,-11.6827499],[-46.8371949,-11.682751],[-46.8371937,-11.6827523],[-46.8371929,-11.6827538],[-46.8370886,-11.6829852],[-46.8369204,-11.6830782],[-46.8369189,-11.6830792],[-46.8369177,-11.6830805],[-46.8369167,-11.683082],[-46.8369161,-11.6830837],[-46.8369157,-11.6830854],[-46.8369158,-11.6830872],[-46.8369162,-11.6830889],[-46.8369169,-11.6830905],[-46.8369179,-11.683092],[-46.8369192,-11.6830932],[-46.8370869,-11.6832242],[-46.8368245,-11.6832639],[-46.8368226,-11.6832644],[-46.8368209,-11.6832652],[-46.8368194,-11.6832665],[-46.8368182,-11.683268],[-46.8368173,-11.6832697],[-46.8368079,-11.6832961],[-46.8368075,-11.6832977],[-46.8368074,-11.6832993],[-46.8368076,-11.6833009],[-46.8368384,-11.6834543],[-46.8368388,-11.6834556],[-46.8368393,-11.6834568],[-46.8368914,-11.6835519],[-46.8368706,-11.6836239],[-46.8366181,-11.6836396],[-46.8366163,-11.6836399],[-46.8366147,-11.6836405],[-46.8366133,-11.6836414],[-46.836612,-11.6836425],[-46.8366109,-11.6836439],[-46.8366102,-11.6836454],[-46.8366097,-11.6836471],[-46.8366096,-11.6836488],[-46.8366124,-11.6837691],[-46.8366126,-11.6837709],[-46.8366132,-11.6837727],[-46.8366141,-11.6837742],[-46.8366154,-11.6837756],[-46.8366169,-11.6837767],[-46.8367759,-11.6838687],[-46.8367676,-11.6839357],[-46.8366849,-11.6838779],[-46.8366834,-11.6838771],[-46.8366818,-11.6838765],[-46.8366801,-11.6838763],[-46.8366784,-11.6838764],[-46.8366767,-11.6838768],[-46.8366751,-11.6838775],[-46.8366738,-11.6838785],[-46.8366726,-11.6838798],[-46.8366717,-11.6838812],[-46.8366711,-11.6838828],[-46.8366707,-11.6838845],[-46.8366434,-11.6842044],[-46.8365263,-11.6842495],[-46.8363395,-11.6840991],[-46.836338,-11.6840981],[-46.8363363,-11.6840974],[-46.8363344,-11.6840971],[-46.8363326,-11.6840972],[-46.8363308,-11.6840976],[-46.8363291,-11.6840985],[-46.8361828,-11.6841893],[-46.8359419,-11.6840549],[-46.8359407,-11.6840543],[-46.8356628,-11.6839497],[-46.8354069,-11.6838434],[-46.835382,-11.6836374],[-46.8355838,-11.6834539],[-46.835585,-11.6834526],[-46.8355859,-11.6834511],[-46.8355865,-11.6834494],[-46.8355868,-11.6834477],[-46.8355867,-11.6834459],[-46.8355599,-11.6832647],[-46.8357453,-11.6832933],[-46.8357472,-11.6832934],[-46.8360364,-11.6832754],[-46.8360382,-11.6832751],[-46.8360399,-11.6832744],[-46.8360414,-11.6832734],[-46.8360428,-11.6832722],[-46.8360438,-11.6832706],[-46.8360445,-11.6832689],[-46.8360922,-11.6831076],[-46.8360926,-11.6831057],[-46.8360925,-11.6831039],[-46.8360921,-11.6831021],[-46.8360914,-11.6831004],[-46.8360902,-11.6830989],[-46.8360889,-11.6830977],[-46.8360872,-11.6830968],[-46.8360855,-11.6830962],[-46.8357369,-11.6830223],[-46.8357362,-11.6830222],[-46.8354718,-11.6829873],[-46.8354642,-11.6828826],[-46.8355747,-11.6828997],[-46.8355763,-11.6828998],[-46.835578,-11.6828996],[-46.8355795,-11.6828992],[-46.8355809,-11.6828984],[-46.8355822,-11.6828974],[-46.8356845,-11.6828027],[-46.8356856,-11.6828014],[-46.8356865,-11.6828],[-46.8356871,-11.6827983],[-46.8356873,-11.6827966],[-46.8356873,-11.6827949],[-46.8356869,-11.6827932],[-46.8356862,-11.6827917],[-46.8356852,-11.6827903],[-46.8356839,-11.6827891],[-46.8356825,-11.6827881],[-46.8354256,-11.682654],[-46.8354239,-11.6826533],[-46.8354221,-11.682653],[-46.8351202,-11.6826275],[-46.8348825,-11.6825759],[-46.8348803,-11.6825757],[-46.8348782,-11.682576],[-46.8347123,-11.6826217],[-46.8345095,-11.6826391],[-46.8345079,-11.6826394],[-46.8345063,-11.68264],[-46.8345049,-11.6826409],[-46.8345036,-11.682642],[-46.8345026,-11.6826433],[-46.8345019,-11.6826449],[-46.8345014,-11.6826465],[-46.8344825,-11.6827523],[-46.8344824,-11.6827537],[-46.8344773,-11.6829681],[-46.8344592,-11.6829658],[-46.8344577,-11.6829657],[-46.8343497,-11.6829695],[-46.8343523,-11.6828341],[-46.8343522,-11.6828323],[-46.8343517,-11.6828306],[-46.8343509,-11.682829],[-46.8343498,-11.6828276],[-46.8343485,-11.6828265],[-46.8341385,-11.6826809],[-46.8341369,-11.6826801],[-46.8341352,-11.6826795],[-46.8341335,-11.6826793],[-46.8341317,-11.6826795],[-46.83413,-11.68268],[-46.8341284,-11.6826808],[-46.834127,-11.6826819],[-46.8339744,-11.6828305],[-46.833984,-11.6826015],[-46.833984,-11.6826004],[-46.833962,-11.6823329],[-46.8339618,-11.6823313],[-46.8339612,-11.6823297],[-46.8339603,-11.6823283],[-46.8339593,-11.6823271],[-46.833958,-11.6823261],[-46.8339565,-11.6823253],[-46.8339549,-11.6823248],[-46.8338063,-11.6822931],[-46.8338046,-11.6822929],[-46.833803,-11.6822931],[-46.8338013,-11.6822935],[-46.8337998,-11.6822942],[-46.8337984,-11.6822952],[-46.8337973,-11.6822965],[-46.8337964,-11.6822979],[-46.8337958,-11.6822995],[-46.8337491,-11.6824626],[-46.8335253,-11.6824275],[-46.8335234,-11.6824274],[-46.8335216,-11.6824277],[-46.8335199,-11.6824283],[-46.8335183,-11.6824293],[-46.833517,-11.6824306],[-46.8334542,-11.6825053],[-46.8334532,-11.6825068],[-46.8334525,-11.6825084],[-46.8334522,-11.6825101],[-46.8334521,-11.6825119],[-46.8334525,-11.6825136],[-46.8334531,-11.6825153],[-46.8334541,-11.6825168],[-46.8335856,-11.6826803],[-46.8334089,-11.6826793],[-46.8334072,-11.6826795],[-46.8332263,-11.6827148],[-46.8332247,-11.6827153],[-46.8332232,-11.682716],[-46.8332218,-11.6827171],[-46.8332207,-11.6827184],[-46.8332199,-11.6827199],[-46.8332193,-11.6827215],[-46.8332191,-11.6827232],[-46.8332191,-11.6827249],[-46.833255,-11.6829698],[-46.833178,-11.6829147],[-46.8328187,-11.6825743],[-46.8328173,-11.6825732],[-46.8328157,-11.6825724],[-46.832814,-11.682572],[-46.8326356,-11.682541],[-46.8325472,-11.6822548],[-46.8325466,-11.6822533],[-46.8325457,-11.6822519],[-46.8325445,-11.6822507],[-46.8323209,-11.6820554],[-46.8323196,-11.6820545],[-46.832318,-11.6820537],[-46.8323164,-11.6820533],[-46.8323147,-11.6820532],[-46.8323131,-11.6820534],[-46.8323115,-11.6820539],[-46.83231,-11.6820547],[-46.8321503,-11.6821614],[-46.8321488,-11.6821626],[-46.8321477,-11.682164],[-46.8321469,-11.6821657],[-46.8320519,-11.6824149],[-46.8319133,-11.6825191],[-46.8318366,-11.6824492],[-46.8318353,-11.6824481],[-46.8318337,-11.6824474],[-46.831832,-11.6824469],[-46.8318303,-11.6824468],[-46.8318286,-11.682447],[-46.831827,-11.6824476],[-46.8315603,-11.6825628],[-46.831484,-11.6825801],[-46.8312901,-11.6824661],[-46.8312886,-11.6824654],[-46.8312869,-11.682465],[-46.8312852,-11.6824649],[-46.8312835,-11.6824651],[-46.8312818,-11.6824657],[-46.8312803,-11.6824665],[-46.831279,-11.6824677],[-46.831278,-11.682469],[-46.8312772,-11.6824706],[-46.8312387,-11.6825676],[-46.8311042,-11.6826146],[-46.8311026,-11.6826153],[-46.8311012,-11.6826164],[-46.8311,-11.6826177],[-46.831099,-11.6826193],[-46.8310985,-11.682621],[-46.8310982,-11.6826228],[-46.8310983,-11.6826246],[-46.8310988,-11.6826263],[-46.8311523,-11.6827647],[-46.8307575,-11.682715],[-46.8307557,-11.6827149],[-46.830754,-11.6827152],[-46.8307523,-11.6827158],[-46.8307508,-11.6827168],[-46.8307496,-11.682718],[-46.830601,-11.682891],[-46.8304132,-11.6829472],[-46.8304117,-11.6829478],[-46.8304104,-11.6829487],[-46.8304092,-11.6829498],[-46.8304082,-11.6829511],[-46.8304074,-11.6829525],[-46.830407,-11.6829541],[-46.8303822,-11.6830814],[-46.8302395,-11.6831213],[-46.830238,-11.6831219],[-46.8302366,-11.6831227],[-46.8302354,-11.6831238],[-46.8302344,-11.6831251],[-46.8302336,-11.6831266],[-46.8302331,-11.6831281],[-46.8301834,-11.6833602],[-46.8301434,-11.6833221],[-46.830142,-11.683321],[-46.8301403,-11.6833202],[-46.8301385,-11.6833197],[-46.8301367,-11.6833196],[-46.8301349,-11.6833199],[-46.8301332,-11.6833206],[-46.8301316,-11.6833215],[-46.8301303,-11.6833228],[-46.8301293,-11.6833243],[-46.8301286,-11.683326],[-46.8301282,-11.6833278],[-46.8301283,-11.6833297],[-46.8301411,-11.6834372],[-46.829887,-11.6833234],[-46.8298854,-11.6833229],[-46.8298836,-11.6833227],[-46.8298819,-11.6833228],[-46.8298802,-11.6833232],[-46.8298787,-11.683324],[-46.8298773,-11.683325],[-46.8298761,-11.6833263],[-46.8298752,-11.6833278],[-46.8298746,-11.6833294],[-46.8298334,-11.6834861],[-46.8296772,-11.6836193],[-46.8296765,-11.6836199],[-46.8295133,-11.6837926],[-46.8293888,-11.6837656],[-46.829387,-11.6837654],[-46.8293851,-11.6837656],[-46.8293833,-11.6837662],[-46.8293817,-11.6837671],[-46.8293803,-11.6837683],[-46.8293792,-11.6837699],[-46.8292987,-11.6839058],[-46.8290562,-11.6839817],[-46.8290545,-11.6839824],[-46.8290529,-11.6839835],[-46.8290517,-11.6839849],[-46.8290507,-11.6839865],[-46.8290501,-11.6839883],[-46.8290001,-11.6842091],[-46.8289999,-11.6842109],[-46.829,-11.6842127],[-46.8290005,-11.6842145],[-46.8290014,-11.6842161],[-46.8290025,-11.6842175],[-46.8290039,-11.6842186],[-46.8290055,-11.6842195],[-46.8290072,-11.68422],[-46.829009,-11.6842201],[-46.8291574,-11.6842178],[-46.8291296,-11.6843322],[-46.8289957,-11.6842952],[-46.8289939,-11.6842949],[-46.828992,-11.684295],[-46.8289902,-11.6842954],[-46.8289885,-11.6842963],[-46.8289871,-11.6842974],[-46.8289859,-11.6842989],[-46.828985,-11.6843005],[-46.8288928,-11.6845286],[-46.8288923,-11.6845302],[-46.8288921,-11.684532],[-46.8288923,-11.6845337],[-46.8288928,-11.6845354],[-46.8288936,-11.6845369],[-46.8288947,-11.6845382],[-46.828896,-11.6845394],[-46.8290452,-11.684642],[-46.828907,-11.6849344],[-46.8287906,-11.6850849],[-46.8286304,-11.6851576],[-46.8286287,-11.6851587],[-46.8285619,-11.6852096],[-46.8282404,-11.6852368],[-46.8279375,-11.6852377],[-46.8279356,-11.6852379],[-46.8279338,-11.6852385],[-46.8279321,-11.6852394],[-46.8279307,-11.6852407],[-46.8278083,-11.6853806],[-46.8275275,-11.6854349],[-46.827274,-11.6854471],[-46.8272723,-11.6854474],[-46.8272706,-11.685448],[-46.8272691,-11.6854489],[-46.8272678,-11.6854501],[-46.8272667,-11.6854515],[-46.8272666,-11.6854517],[-46.8271369,-11.6853786],[-46.827018,-11.6853366],[-46.8270442,-11.6852932],[-46.8270452,-11.6852918],[-46.827081,-11.6852524],[-46.8270823,-11.6852512],[-46.8271256,-11.6852192],[-46.8271271,-11.6852183],[-46.8271763,-11.6851951],[-46.827178,-11.6851945],[-46.8272313,-11.6851812],[-46.827233,-11.6851809],[-46.8272605,-11.6851783],[-46.8274939,-11.685167],[-46.8276613,-11.6851347],[-46.8277217,-11.6850657],[-46.8277418,-11.685045],[-46.8277432,-11.6850437],[-46.8277899,-11.685009],[-46.8277915,-11.6850081],[-46.8278451,-11.6849836],[-46.827847,-11.684983],[-46.827905,-11.6849704],[-46.8279069,-11.6849702],[-46.8279367,-11.6849685],[-46.8282281,-11.6849677],[-46.828457,-11.6849483],[-46.8284596,-11.6849463],[-46.8284853,-11.684929],[-46.828487,-11.6849279],[-46.8285146,-11.6849135],[-46.8286126,-11.684869],[-46.8286697,-11.6847952],[-46.8287014,-11.6847281],[-46.8286786,-11.6847049],[-46.8286776,-11.6847036],[-46.8286491,-11.6846603],[-46.8286482,-11.6846588],[-46.8286288,-11.6846113],[-46.8286283,-11.6846096],[-46.8286184,-11.6845597],[-46.8286182,-11.6845579],[-46.8286181,-11.6845071],[-46.8286183,-11.6845054],[-46.828628,-11.6844554],[-46.8286284,-11.6844537],[-46.8286369,-11.6844295],[-46.828726,-11.6842091],[-46.8287267,-11.6841788],[-46.8287269,-11.684177],[-46.8287315,-11.6841509],[-46.8287815,-11.6839301],[-46.828789,-11.6839035],[-46.8287896,-11.6839017],[-46.8288128,-11.6838512],[-46.8288138,-11.6838496],[-46.8288474,-11.6838046],[-46.8288486,-11.6838032],[-46.8288914,-11.6837656],[-46.828893,-11.6837645],[-46.8289433,-11.6837362],[-46.828945,-11.6837355],[-46.8289723,-11.6837253],[-46.8291138,-11.683681],[-46.8291411,-11.683635],[-46.8291565,-11.6836117],[-46.8291577,-11.6836102],[-46.8291958,-11.6835686],[-46.8291972,-11.6835674],[-46.8292438,-11.6835342],[-46.8292454,-11.6835333],[-46.8292984,-11.6835102],[-46.8293002,-11.6835096],[-46.8293573,-11.6834978],[-46.8293592,-11.6834976],[-46.8294171,-11.6834979],[-46.8294744,-11.6834372],[-46.8294848,-11.6834268],[-46.8294855,-11.6834262],[-46.8294964,-11.6834163],[-46.8295882,-11.6833381],[-46.8296081,-11.6832623],[-46.8296158,-11.683238],[-46.8296164,-11.6832363],[-46.8296387,-11.6831901],[-46.8296396,-11.6831887],[-46.8296707,-11.6831471],[-46.8296719,-11.6831459],[-46.8297108,-11.6831106],[-46.8297122,-11.6831096],[-46.8297578,-11.6830822],[-46.8297593,-11.6830814],[-46.8298098,-11.683063],[-46.8298114,-11.6830626],[-46.8298648,-11.6830541],[-46.8298665,-11.683054],[-46.8299206,-11.6830559],[-46.8299223,-11.6830562],[-46.8299656,-11.6830662],[-46.8299699,-11.6830498],[-46.8299704,-11.6830482],[-46.8299888,-11.6830037],[-46.8299895,-11.6830023],[-46.8300159,-11.6829615],[-46.8300169,-11.6829602],[-46.8300505,-11.6829244],[-46.8300518,-11.6829234],[-46.8300918,-11.6828939],[-46.8300932,-11.682893],[-46.8301383,-11.682871],[-46.8301399,-11.6828704],[-46.830147,-11.6828681],[-46.8301603,-11.6828342],[-46.830161,-11.6828327],[-46.8301866,-11.6827914],[-46.8301876,-11.6827901],[-46.8302206,-11.6827538],[-46.8302218,-11.6827527],[-46.8302612,-11.6827225],[-46.8302626,-11.6827216],[-46.8303073,-11.6826988],[-46.8303089,-11.6826982],[-46.8303327,-11.6826898],[-46.8304427,-11.6826569],[-46.8305389,-11.6825449],[-46.8305573,-11.6825255],[-46.8305586,-11.6825242],[-46.8306011,-11.6824909],[-46.8306026,-11.68249],[-46.8306515,-11.6824654],[-46.8306531,-11.6824648],[-46.8307063,-11.6824501],[-46.830708,-11.6824498],[-46.8307633,-11.6824458],[-46.830765,-11.6824459],[-46.8307927,-11.682448],[-46.8308794,-11.6824589],[-46.8308936,-11.6824397],[-46.8308948,-11.6824384],[-46.8309352,-11.6824017],[-46.8309367,-11.6824006],[-46.8309842,-11.6823723],[-46.8309858,-11.6823716],[-46.8310117,-11.6823611],[-46.8310289,-11.6823551],[-46.8310312,-11.6823499],[-46.831032,-11.6823484],[-46.8310597,-11.6823052],[-46.8310607,-11.6823038],[-46.8310966,-11.6822662],[-46.8310979,-11.6822651],[-46.8311408,-11.6822346],[-46.8311423,-11.6822337],[-46.8311907,-11.6822117],[-46.8311923,-11.6822112],[-46.8312445,-11.6821987],[-46.8312462,-11.6821984],[-46.8312999,-11.6821961],[-46.8313016,-11.6821962],[-46.8313548,-11.6822041],[-46.8313565,-11.6822046],[-46.8314068,-11.6822224],[-46.8314084,-11.6822231],[-46.8314319,-11.6822354],[-46.8315187,-11.6822865],[-46.8317158,-11.6822013],[-46.8317408,-11.6821919],[-46.8317424,-11.6821914],[-46.8317947,-11.6821799],[-46.8317964,-11.6821797],[-46.8318484,-11.6821784],[-46.831889,-11.6820717],[-46.8319001,-11.6820466],[-46.8319009,-11.682045],[-46.8319307,-11.6819985],[-46.8319318,-11.6819971],[-46.831971,-11.6819572],[-46.8319724,-11.681956],[-46.8319951,-11.6819391],[-46.8321548,-11.6818324],[-46.8321769,-11.6818191],[-46.8321784,-11.6818183],[-46.8322261,-11.681798],[-46.8322277,-11.6817975],[-46.8322788,-11.6817863],[-46.8322805,-11.6817861],[-46.8323329,-11.6817846],[-46.8323345,-11.6817847],[-46.8323862,-11.681793],[-46.8323878,-11.6817934],[-46.8324368,-11.6818109],[-46.8324383,-11.6818117],[-46.8324828,-11.6818378],[-46.8324841,-11.6818387],[-46.8325042,-11.6818546],[-46.8327278,-11.6820499],[-46.8327459,-11.6820673],[-46.8327471,-11.6820685],[-46.8327779,-11.6821075],[-46.8327788,-11.6821089],[-46.8328017,-11.6821525],[-46.8328023,-11.682154],[-46.8328106,-11.682177],[-46.8328501,-11.6823048],[-46.8328621,-11.6823069],[-46.8328889,-11.6823129],[-46.8328906,-11.6823134],[-46.8329413,-11.6823329],[-46.8329429,-11.6823337],[-46.8329885,-11.6823625],[-46.8329899,-11.6823636],[-46.8330101,-11.682381],[-46.8331071,-11.6824729],[-46.833145,-11.6824576],[-46.8331466,-11.6824571],[-46.8331725,-11.6824508],[-46.8331848,-11.6824484],[-46.8331987,-11.6824045],[-46.8331994,-11.6824029],[-46.8332246,-11.6823569],[-46.8332256,-11.6823555],[-46.8332416,-11.6823344],[-46.8333044,-11.6822597],[-46.8333234,-11.6822393],[-46.8333248,-11.682238],[-46.833369,-11.6822032],[-46.8333705,-11.6822022],[-46.8334216,-11.6821769],[-46.8334233,-11.6821763],[-46.8334789,-11.6821618],[-46.8334807,-11.6821615],[-46.8335383,-11.6821586],[-46.8335402,-11.6821587],[-46.83356,-11.6821608],[-46.8335619,-11.6821571],[-46.8335628,-11.6821557],[-46.8335936,-11.6821155],[-46.8335947,-11.6821143],[-46.8336329,-11.6820802],[-46.8336343,-11.6820792],[-46.8336787,-11.6820525],[-46.8336802,-11.6820518],[-46.8337293,-11.6820337],[-46.8337309,-11.6820333],[-46.8337828,-11.6820246],[-46.8337845,-11.6820245],[-46.8338372,-11.6820257],[-46.8338389,-11.6820259],[-46.8338649,-11.6820301],[-46.8340135,-11.6820618],[-46.8340382,-11.6820683],[-46.8340398,-11.6820688],[-46.8340868,-11.6820882],[-46.8340882,-11.682089],[-46.8341304,-11.6821163],[-46.8341317,-11.6821173],[-46.8341678,-11.6821515],[-46.8341689,-11.6821528],[-46.8341979,-11.6821925],[-46.8341987,-11.6821939],[-46.8342198,-11.6822377],[-46.8342203,-11.6822393],[-46.834233,-11.6822859],[-46.8342333,-11.6822875],[-46.8342363,-11.6823114],[-46.8342464,-11.6824346],[-46.8342729,-11.6824461],[-46.8342745,-11.6824469],[-46.8342975,-11.6824613],[-46.8342998,-11.6824629],[-46.8343159,-11.6824452],[-46.8343171,-11.6824441],[-46.834358,-11.6824132],[-46.8343594,-11.6824123],[-46.8344059,-11.6823894],[-46.8344074,-11.6823888],[-46.8344577,-11.6823747],[-46.8344594,-11.6823744],[-46.8344854,-11.6823709],[-46.8346626,-11.6823557],[-46.8348037,-11.6823169],[-46.8348367,-11.6823099],[-46.8348389,-11.6823096],[-46.8349064,-11.6823078],[-46.8349086,-11.682308],[-46.834942,-11.6823131],[-46.835162,-11.6823608],[-46.8354458,-11.6823848],[-46.8354734,-11.6823885],[-46.8354752,-11.6823888],[-46.8355284,-11.6824043],[-46.8355301,-11.682405],[-46.8355551,-11.6824165],[-46.8358121,-11.6825507],[-46.8358349,-11.682564],[-46.8358363,-11.682565],[-46.8358773,-11.6825976],[-46.8358785,-11.6825988],[-46.8359121,-11.6826381],[-46.8359131,-11.6826395],[-46.8359383,-11.6826839],[-46.835939,-11.6826855],[-46.8359552,-11.6827335],[-46.8359555,-11.6827352],[-46.8359622,-11.6827851],[-46.8359623,-11.6827868],[-46.8359618,-11.6827946],[-46.8361437,-11.6828331],[-46.8361716,-11.6828406],[-46.8361734,-11.6828411],[-46.8362258,-11.6828642],[-46.8362274,-11.6828651],[-46.8362734,-11.6828981],[-46.8362748,-11.6828993],[-46.8363126,-11.6829404],[-46.8363137,-11.6829419],[-46.836342,-11.6829893],[-46.8363427,-11.682991],[-46.8363605,-11.6830426],[-46.8363609,-11.6830444],[-46.8363676,-11.6830982],[-46.8363677,-11.6831001],[-46.8363633,-11.6831541],[-46.8363629,-11.683156],[-46.8363565,-11.6831824],[-46.8363088,-11.6833438],[-46.8362998,-11.6833693],[-46.8362991,-11.683371],[-46.8362735,-11.6834188],[-46.8362725,-11.6834203],[-46.8362373,-11.6834625],[-46.836236,-11.6834638],[-46.8361925,-11.6834984],[-46.8361909,-11.6834994],[-46.8361407,-11.6835249],[-46.836139,-11.6835256],[-46.8360841,-11.6835405],[-46.8360823,-11.6835408],[-46.8360539,-11.683544],[-46.8358373,-11.6835575],[-46.8358234,-11.683587],[-46.8358225,-11.6835885],[-46.8357912,-11.6836309],[-46.83579,-11.6836322],[-46.8357712,-11.683651],[-46.8357325,-11.6836862],[-46.835766,-11.6837001],[-46.8360395,-11.6838032],[-46.8360586,-11.6838112],[-46.8360598,-11.6838117],[-46.8360781,-11.6838211],[-46.8361752,-11.6838752],[-46.8361817,-11.6838712],[-46.8362066,-11.6838574],[-46.8362083,-11.6838566],[-46.8362621,-11.683837],[-46.8362639,-11.6838366],[-46.8363209,-11.6838283],[-46.8363227,-11.6838282],[-46.8363455,-11.6838296],[-46.8363395,-11.6838039],[-46.8363393,-11.683802],[-46.8363373,-11.6837752],[-46.8363345,-11.6836549],[-46.8363351,-11.6836297],[-46.8363353,-11.683628],[-46.8363437,-11.6835783],[-46.8363442,-11.6835766],[-46.836362,-11.6835291],[-46.8363628,-11.6835275],[-46.8363897,-11.6834839],[-46.8363907,-11.6834825],[-46.8364258,-11.6834443],[-46.8364271,-11.6834432],[-46.8364693,-11.683412],[-46.8364708,-11.6834111],[-46.8365187,-11.6833882],[-46.8365203,-11.6833876],[-46.8365434,-11.6833817],[-46.8365376,-11.6833529],[-46.8365339,-11.6833293],[-46.8365338,-11.6833277],[-46.8365329,-11.6832802],[-46.836533,-11.6832786],[-46.8365408,-11.6832316],[-46.8365412,-11.6832301],[-46.8365482,-11.6832072],[-46.8365576,-11.6831808],[-46.8365687,-11.6831544],[-46.8365696,-11.6831527],[-46.8366001,-11.6831038],[-46.8366013,-11.6831023],[-46.8366422,-11.6830605],[-46.8366431,-11.6830598],[-46.8366447,-11.6830388],[-46.836645,-11.683037],[-46.8366593,-11.6829869],[-46.8366599,-11.6829852],[-46.8366839,-11.6829384],[-46.8366849,-11.682937],[-46.836718,-11.6828953],[-46.8367192,-11.682894],[-46.8367604,-11.6828592],[-46.8367618,-11.6828582],[-46.836785,-11.6828439],[-46.8368737,-11.6827949],[-46.8369411,-11.6826452],[-46.8369527,-11.6826225],[-46.8369535,-11.682621],[-46.8369831,-11.6825791],[-46.8369843,-11.6825778],[-46.8370217,-11.6825418],[-46.8370231,-11.6825407],[-46.8370672,-11.6825122],[-46.8370687,-11.6825114],[-46.837118,-11.6824915],[-46.8371197,-11.682491],[-46.8371457,-11.6824847],[-46.8374493,-11.6824255],[-46.837701,-11.6823709],[-46.8377216,-11.6823672],[-46.8377229,-11.6823671],[-46.8377438,-11.6823649],[-46.8379144,-11.6823539],[-46.8379244,-11.6823428],[-46.837884,-11.6822566],[-46.8378744,-11.6822333],[-46.8378738,-11.6822317],[-46.8378614,-11.6821832],[-46.8378612,-11.6821815],[-46.8378586,-11.6821374],[-46.8378518,-11.6821296],[-46.8378509,-11.6821283],[-46.8378275,-11.6820887],[-46.8378268,-11.6820873],[-46.8378178,-11.6820664],[-46.8377556,-11.6819025],[-46.8377475,-11.6818775],[-46.837747,-11.6818758],[-46.8377385,-11.6818243],[-46.8377383,-11.6818225],[-46.8377401,-11.6817704],[-46.8377403,-11.6817686],[-46.8377524,-11.6817177],[-46.8377529,-11.681716],[-46.8377749,-11.6816681],[-46.8377758,-11.6816666],[-46.8378072,-11.6816234],[-46.8378084,-11.6816221],[-46.8378481,-11.6815856],[-46.8378495,-11.6815845],[-46.8378963,-11.6815561],[-46.8378979,-11.6815553],[-46.8379498,-11.6815365],[-46.8379515,-11.6815361],[-46.8379788,-11.6815306],[-46.8382004,-11.6814973],[-46.8382225,-11.6814948],[-46.838224,-11.6814947],[-46.8382684,-11.6814951],[-46.8382698,-11.6814953],[-46.8382919,-11.6814981],[-46.8385355,-11.6815392],[-46.8385656,-11.681546],[-46.8385676,-11.6815466],[-46.8386244,-11.6815698],[-46.8386261,-11.6815707],[-46.8386758,-11.6816054],[-46.8386773,-11.6816067],[-46.8387177,-11.6816507],[-46.8387189,-11.6816523],[-46.838735,-11.6816772],[-46.8387422,-11.6816897],[-46.8387552,-11.681682],[-46.8387342,-11.6816416],[-46.8387226,-11.6816162],[-46.838722,-11.6816145],[-46.8387072,-11.6815611],[-46.8387069,-11.6815592],[-46.8387036,-11.6815041],[-46.8387037,-11.6815022],[-46.838712,-11.6814476],[-46.8387125,-11.6814458],[-46.8387321,-11.6813938],[-46.8387329,-11.6813921],[-46.8387632,-11.6813448],[-46.8387644,-11.6813433],[-46.8387833,-11.6813221],[-46.8388514,-11.6812532],[-46.8387622,-11.6812037],[-46.838641,-11.6811534],[-46.8386181,-11.6811427],[-46.8386167,-11.6811419],[-46.838595,-11.6811293],[-46.838478,-11.6810535],[-46.838466,-11.6810452],[-46.8384652,-11.6810446],[-46.8384536,-11.6810358],[-46.8383365,-11.6809408],[-46.838318,-11.6809244],[-46.8383169,-11.6809233],[-46.8383,-11.6809053],[-46.8382287,-11.6808221],[-46.8381462,-11.6807686],[-46.8381241,-11.6807528],[-46.8381228,-11.6807516],[-46.8380843,-11.6807142],[-46.8380832,-11.6807129],[-46.8380671,-11.6806917],[-46.8379887,-11.6805774],[-46.8379835,-11.6805696],[-46.8379832,-11.6805691],[-46.8379783,-11.6805612],[-46.8378998,-11.6804278],[-46.8378213,-11.6802943],[-46.8378139,-11.6802808],[-46.8378134,-11.6802799],[-46.8378068,-11.6802661],[-46.8377477,-11.6801325],[-46.8377349,-11.6800971],[-46.8377342,-11.6800946],[-46.8377266,-11.680058],[-46.8377079,-11.679918],[-46.8376957,-11.6798652],[-46.8376318,-11.6798226],[-46.8375054,-11.6797381],[-46.8373541,-11.6796842],[-46.8371693,-11.6796184],[-46.8371469,-11.6796094],[-46.8371455,-11.6796087],[-46.8371038,-11.6795851],[-46.8371025,-11.6795842],[-46.8370835,-11.6795699],[-46.8369566,-11.6794655],[-46.8368297,-11.6793611],[-46.8368136,-11.6793467],[-46.8368125,-11.6793457],[-46.8367841,-11.6793135],[-46.8367832,-11.6793123],[-46.8367711,-11.6792948],[-46.8366927,-11.6791709],[-46.8366142,-11.679047],[-46.8366002,-11.6790221],[-46.8365993,-11.6790203],[-46.8365881,-11.6789941],[-46.8365288,-11.6788319],[-46.836473,-11.6786792],[-46.8364082,-11.6785358],[-46.8363609,-11.6784311],[-46.836246,-11.6783192],[-46.8361268,-11.6782744],[-46.8359962,-11.6782253],[-46.8358012,-11.6782189],[-46.8355643,-11.6782111],[-46.8354244,-11.678212],[-46.8352788,-11.6782129],[-46.8351235,-11.6782139],[-46.834986,-11.6782148],[-46.8348704,-11.6782298],[-46.8347559,-11.6782628],[-46.8346377,-11.6782969],[-46.8345187,-11.6783481],[-46.8343982,-11.6783999],[-46.8342853,-11.6784644],[-46.8341775,-11.6785363],[-46.8340615,-11.6786135],[-46.8339581,-11.6786824],[-46.8338539,-11.6787692],[-46.8338348,-11.6787837],[-46.8338335,-11.6787846],[-46.8338131,-11.6787975],[-46.8337107,-11.6788561],[-46.8336216,-11.678945],[-46.8336127,-11.6789535],[-46.8336121,-11.678954],[-46.8336028,-11.6789622],[-46.8334869,-11.6790586],[-46.8334755,-11.6790676],[-46.8334747,-11.6790681],[-46.8334628,-11.6790766],[-46.8333468,-11.6791538],[-46.8333253,-11.6791668],[-46.8333239,-11.6791676],[-46.8333012,-11.6791786],[-46.8331657,-11.6792368],[-46.8331292,-11.6792496],[-46.8331268,-11.6792503],[-46.8330888,-11.6792579],[-46.8329336,-11.679278],[-46.8329164,-11.6792797],[-46.8329153,-11.6792798],[-46.8328981,-11.6792804],[-46.8327428,-11.6792814],[-46.8327256,-11.679281],[-46.8327245,-11.679281],[-46.8327073,-11.6792795],[-46.8325519,-11.6792613],[-46.8325202,-11.6792558],[-46.8325182,-11.6792553],[-46.8324581,-11.6792337],[-46.8324563,-11.6792328],[-46.8324287,-11.6792171],[-46.8323117,-11.6791413],[-46.8322861,-11.6791225],[-46.8322845,-11.6791211],[-46.8322409,-11.6790757],[-46.8322397,-11.6790741],[-46.8322223,-11.6790482],[-46.8321438,-11.6789148],[-46.8321364,-11.6789013],[-46.8321359,-11.6789003],[-46.8321293,-11.6788865],[-46.8320766,-11.6787675],[-46.8320186,-11.6786689],[-46.8319634,-11.6786044],[-46.8319026,-11.6785651],[-46.8317905,-11.6785185],[-46.8317761,-11.6785121],[-46.8317752,-11.6785117],[-46.8317613,-11.6785044],[-46.8316249,-11.6784288],[-46.8316129,-11.6784217],[-46.8316121,-11.6784213],[-46.8316006,-11.6784136],[-46.8314641,-11.6783189],[-46.8314367,-11.6782971],[-46.831435,-11.6782956],[-46.8314107,-11.6782707],[-46.8313129,-11.6781565],[-46.8312912,-11.6781274],[-46.8312899,-11.6781254],[-46.8312724,-11.6780939],[-46.831186,-11.6779096],[-46.8310463,-11.6777228],[-46.8310377,-11.6777107],[-46.8310372,-11.6777099],[-46.8310293,-11.6776973],[-46.8309633,-11.6775851],[-46.8308981,-11.677509],[-46.8308202,-11.6774459],[-46.8307056,-11.6773823],[-46.8306975,-11.6773776],[-46.8306969,-11.6773773],[-46.8306889,-11.6773723],[-46.8305719,-11.6772965],[-46.8305599,-11.6772882],[-46.8305591,-11.6772876],[-46.8305475,-11.6772788],[-46.8304304,-11.6771838],[-46.8304119,-11.6771674],[-46.8304108,-11.6771663],[-46.8303939,-11.6771483],[-46.8302961,-11.6770342],[-46.830282,-11.6770162],[-46.8302811,-11.677015],[-46.8302579,-11.6769761],[-46.8302572,-11.6769748],[-46.8302482,-11.6769542],[-46.8301991,-11.6768274],[-46.8301183,-11.676702],[-46.8300652,-11.6766245],[-46.8299916,-11.6765648],[-46.8298908,-11.6764995],[-46.8297432,-11.6764099],[-46.8296259,-11.6763448],[-46.8295213,-11.6763014],[-46.8294026,-11.6762688],[-46.8292665,-11.6762314],[-46.8291304,-11.676194],[-46.8291137,-11.6761889],[-46.8291126,-11.6761885],[-46.8290963,-11.6761823],[-46.82896,-11.6761258],[-46.8289372,-11.6761151],[-46.8289357,-11.6761143],[-46.8289141,-11.6761016],[-46.8288053,-11.6760312],[-46.8286775,-11.6759602],[-46.8286693,-11.6759555],[-46.8286687,-11.6759552],[-46.8286607,-11.6759502],[-46.8285809,-11.6758985],[-46.8285136,-11.67588],[-46.8283268,-11.6758644],[-46.8283028,-11.6758614],[-46.8283012,-11.6758611],[-46.8282546,-11.675849],[-46.8282532,-11.6758485],[-46.828226,-11.6758361],[-46.8281422,-11.6758263],[-46.8281257,-11.6758239],[-46.8281246,-11.6758237],[-46.8281083,-11.6758203],[-46.8279695,-11.675787],[-46.8278313,-11.6757709],[-46.8278102,-11.6757676],[-46.8278088,-11.6757674],[-46.8277881,-11.6757625],[-46.827652,-11.6757251],[-46.8275159,-11.6756877],[-46.8274991,-11.6756826],[-46.8274981,-11.6756822],[-46.8274818,-11.675676],[-46.8274208,-11.6756507],[-46.8273831,-11.6757842],[-46.8273767,-11.6758039],[-46.8273762,-11.6758052],[-46.8273588,-11.675843],[-46.8273581,-11.6758442],[-46.8273472,-11.6758621],[-46.8272703,-11.6759773],[-46.8271934,-11.6760926],[-46.8271775,-11.6761141],[-46.8271764,-11.6761154],[-46.8271584,-11.6761353],[-46.8270426,-11.6762508],[-46.8270227,-11.6762688],[-46.8270214,-11.67627],[-46.8269996,-11.676286],[-46.8268837,-11.6763633],[-46.8268692,-11.6763723],[-46.8268682,-11.6763729],[-46.8268532,-11.676381],[-46.8267142,-11.6764506],[-46.8266129,-11.6765181],[-46.8265914,-11.6765311],[-46.82659,-11.6765318],[-46.8265673,-11.6765428],[-46.8264318,-11.6766011],[-46.8262963,-11.6766594],[-46.8262801,-11.6766657],[-46.826279,-11.6766661],[-46.8262623,-11.6766715],[-46.8261267,-11.6767106],[-46.8260999,-11.6767169],[-46.8260982,-11.6767173],[-46.8260433,-11.6767219],[-46.8260415,-11.6767219],[-46.8259868,-11.6767157],[-46.8259851,-11.6767154],[-46.8259329,-11.6766988],[-46.8259312,-11.6766981],[-46.8258837,-11.6766718],[-46.8258823,-11.6766708],[-46.8258413,-11.6766363],[-46.82584,-11.676635],[-46.825807,-11.6765936],[-46.825806,-11.6765921],[-46.825782,-11.6765456],[-46.8257813,-11.676544],[-46.8257669,-11.6764941],[-46.8257666,-11.6764924],[-46.8257623,-11.6764409],[-46.8257623,-11.6764392],[-46.8257681,-11.6763878],[-46.8257684,-11.6763861],[-46.8257842,-11.6763366],[-46.8257849,-11.676335],[-46.8258102,-11.6762891],[-46.8258112,-11.6762877],[-46.8258454,-11.6762471],[-46.8258467,-11.6762459],[-46.8258887,-11.6762124],[-46.8258902,-11.6762115],[-46.8259385,-11.6761865],[-46.8259401,-11.6761858],[-46.825966,-11.676177],[-46.8260843,-11.6761429],[-46.8262032,-11.6760917],[-46.8263147,-11.6760438],[-46.8264091,-11.6759809],[-46.8264235,-11.6759719],[-46.8264245,-11.6759713],[-46.8264395,-11.6759632],[-46.8265785,-11.6758936],[-46.8266565,-11.6758416],[-46.8267329,-11.6757654],[-46.8267944,-11.6756732],[-46.8268472,-11.6755941],[-46.8268733,-11.6755016],[-46.8269113,-11.6753674],[-46.8269186,-11.6753451],[-46.8269192,-11.6753437],[-46.8269398,-11.6753013],[-46.8269406,-11.6752999],[-46.8269686,-11.6752615],[-46.8269697,-11.6752603],[-46.8270044,-11.675227],[-46.8270056,-11.675226],[-46.8270252,-11.6752117],[-46.8271412,-11.6751344],[-46.8271642,-11.6751206],[-46.8271657,-11.6751198],[-46.8272154,-11.6750991],[-46.8272171,-11.6750986],[-46.8272703,-11.6750879],[-46.827272,-11.6750877],[-46.8272992,-11.6750862],[-46.8274545,-11.6750852],[-46.8274826,-11.6750864],[-46.8274844,-11.6750866],[-46.8275393,-11.6750973],[-46.827541,-11.6750979],[-46.8275673,-11.6751072],[-46.8276868,-11.6751569],[-46.8278055,-11.6751895],[-46.8279204,-11.675221],[-46.8280539,-11.6752366],[-46.8280705,-11.6752391],[-46.8280715,-11.6752392],[-46.8280879,-11.6752426],[-46.8282266,-11.6752759],[-46.8283649,-11.675292],[-46.8283951,-11.6752973],[-46.828397,-11.6752977],[-46.8284509,-11.6753164],[-46.8285885,-11.6753279],[-46.8286143,-11.6753312],[-46.8286159,-11.6753315],[-46.8286412,-11.6753372],[-46.8287773,-11.6753746],[-46.8287978,-11.6753811],[-46.8287991,-11.6753815],[-46.828838,-11.675399],[-46.8288392,-11.6753996],[-46.8288574,-11.6754105],[-46.8289662,-11.675481],[-46.829094,-11.6755519],[-46.8291022,-11.6755566],[-46.8291027,-11.6755569],[-46.8291108,-11.6755619],[-46.8292059,-11.6756236],[-46.8293014,-11.6756632],[-46.8294201,-11.6756958],[-46.8295562,-11.6757332],[-46.8296923,-11.6757706],[-46.829709,-11.6757757],[-46.8297101,-11.6757761],[-46.8297264,-11.6757823],[-46.8298627,-11.6758388],[-46.829877,-11.6758453],[-46.829878,-11.6758457],[-46.8298919,-11.6758529],[-46.8300283,-11.6759286],[-46.830033,-11.6759313],[-46.8300333,-11.6759314],[-46.830038,-11.6759342],[-46.8301939,-11.6760289],[-46.8301973,-11.676031],[-46.8301975,-11.6760311],[-46.8302009,-11.6760333],[-46.8303179,-11.6761091],[-46.83033,-11.6761174],[-46.8303307,-11.6761179],[-46.8303423,-11.6761268],[-46.8304594,-11.6762217],[-46.830488,-11.6762486],[-46.8304898,-11.6762505],[-46.8305141,-11.6762809],[-46.8305925,-11.6763952],[-46.8305947,-11.6763985],[-46.8305948,-11.6763987],[-46.830597,-11.6764021],[-46.8306951,-11.6765545],[-46.8307085,-11.6765779],[-46.8307093,-11.6765795],[-46.8307203,-11.676604],[-46.8307625,-11.6767127],[-46.8308128,-11.6767715],[-46.8308983,-11.6768408],[-46.8309944,-11.676903],[-46.8311222,-11.676974],[-46.8311428,-11.6769866],[-46.8311441,-11.6769874],[-46.8311633,-11.6770017],[-46.8312804,-11.6770966],[-46.8312989,-11.6771131],[-46.8313001,-11.6771142],[-46.8313169,-11.6771321],[-46.8314148,-11.6772463],[-46.8314294,-11.6772651],[-46.8314304,-11.6772664],[-46.8314432,-11.6772862],[-46.831514,-11.6774064],[-46.8316615,-11.6776036],[-46.8316767,-11.6776263],[-46.8316777,-11.6776279],[-46.8316905,-11.6776519],[-46.8317729,-11.6778277],[-46.8318227,-11.6778858],[-46.8319176,-11.6779517],[-46.8320273,-11.6780125],[-46.8321485,-11.6780628],[-46.8321713,-11.6780736],[-46.8321728,-11.6780743],[-46.8321944,-11.678087],[-46.8323114,-11.6781628],[-46.8323218,-11.6781698],[-46.8323225,-11.6781703],[-46.8323436,-11.678187],[-46.8323443,-11.6781876],[-46.8323635,-11.6782062],[-46.8323641,-11.6782068],[-46.8323723,-11.678216],[-46.8324701,-11.6783302],[-46.8324848,-11.6783489],[-46.8324857,-11.6783502],[-46.8324986,-11.6783701],[-46.8325772,-11.6785035],[-46.8325846,-11.678517],[-46.8325851,-11.6785179],[-46.8325917,-11.6785318],[-46.8326443,-11.6786508],[-46.8326813,-11.6787136],[-46.8326861,-11.6787167],[-46.8327569,-11.678725],[-46.8328766,-11.6787242],[-46.8329741,-11.6787116],[-46.8330487,-11.6786795],[-46.8331304,-11.678625],[-46.8332248,-11.6785464],[-46.8333315,-11.6784399],[-46.8333588,-11.6784161],[-46.8333607,-11.6784146],[-46.8333911,-11.6783945],[-46.8335049,-11.6783294],[-46.8336016,-11.6782489],[-46.833613,-11.6782399],[-46.8336138,-11.6782393],[-46.8336257,-11.6782309],[-46.8337417,-11.6781536],[-46.8338577,-11.6780764],[-46.8339736,-11.6779991],[-46.8339816,-11.677994],[-46.8339821,-11.6779937],[-46.8339902,-11.6779888],[-46.8341256,-11.6779114],[-46.8341394,-11.677904],[-46.8341404,-11.6779036],[-46.8341546,-11.677897],[-46.8342901,-11.6778387],[-46.8344256,-11.6777804],[-46.8344419,-11.677774],[-46.8344429,-11.6777737],[-46.8344596,-11.6777683],[-46.8345952,-11.6777292],[-46.8347308,-11.67769],[-46.8347515,-11.6776849],[-46.8347528,-11.6776846],[-46.8347738,-11.6776811],[-46.834929,-11.677661],[-46.8349462,-11.6776593],[-46.8349473,-11.6776592],[-46.8349645,-11.6776586],[-46.8351198,-11.6776576],[-46.8352751,-11.6776566],[-46.8354206,-11.6776556],[-46.8355662,-11.6776547],[-46.8355718,-11.6776547],[-46.8355721,-11.6776547],[-46.8355777,-11.6776549],[-46.8358204,-11.6776629],[-46.8360631,-11.6776709],[-46.836086,-11.6776726],[-46.8360874,-11.6776727],[-46.8361323,-11.6776817],[-46.8361337,-11.6776821],[-46.8361554,-11.6776892],[-46.8363305,-11.6777551],[-46.8365057,-11.6778209],[-46.8365082,-11.6778219],[-46.8365084,-11.6778219],[-46.8365333,-11.677833],[-46.8365347,-11.6778337],[-46.8365583,-11.6778472],[-46.8365585,-11.6778472],[-46.8365805,-11.6778628],[-46.8365818,-11.6778638],[-46.8366021,-11.6778813],[-46.8366022,-11.6778815],[-46.8366041,-11.6778833],[-46.8367995,-11.6780734],[-46.8368169,-11.6780919],[-46.836818,-11.6780932],[-46.8368469,-11.6781344],[-46.8368477,-11.6781359],[-46.8368591,-11.6781582],[-46.836928,-11.6783108],[-46.836997,-11.6784634],[-46.8370008,-11.6784725],[-46.8370011,-11.6784731],[-46.8370046,-11.6784822],[-46.8370639,-11.6786445],[-46.8371131,-11.6787789],[-46.8371756,-11.6788777],[-46.8372302,-11.6789638],[-46.8373223,-11.6790397],[-46.8374107,-11.6791124],[-46.8375483,-11.6791613],[-46.8377331,-11.6792271],[-46.8377647,-11.6792406],[-46.8377667,-11.6792416],[-46.8377962,-11.6792588],[-46.8379522,-11.6793631],[-46.8381082,-11.6794673],[-46.838129,-11.6794826],[-46.8381303,-11.6794837],[-46.8381668,-11.6795196],[-46.8381679,-11.6795209],[-46.8381967,-11.6795625],[-46.8381975,-11.679564],[-46.8382178,-11.6796098],[-46.8382183,-11.6796114],[-46.8382251,-11.6796353],[-46.8382651,-11.6798073],[-46.8382676,-11.6798196],[-46.8382678,-11.6798205],[-46.8382697,-11.6798329],[-46.838285,-11.6799472],[-46.8383218,-11.6800303],[-46.8383923,-11.68015],[-46.8384659,-11.6802752],[-46.8385072,-11.6803354],[-46.8385768,-11.6803804],[-46.8386082,-11.6804042],[-46.8386102,-11.6804059],[-46.8386377,-11.6804337],[-46.8387189,-11.6805285],[-46.8388044,-11.6805977],[-46.8388868,-11.6806512],[-46.838999,-11.6806977],[-46.8390133,-11.6807041],[-46.8390142,-11.6807046],[-46.8390282,-11.6807118],[-46.8391504,-11.6807796],[-46.8392716,-11.6808299],[-46.839279,-11.6808331],[-46.8392795,-11.6808333],[-46.8392868,-11.6808367],[-46.8393076,-11.6808468],[-46.8394634,-11.6808969],[-46.8394831,-11.680904],[-46.8394844,-11.6809045],[-46.8395217,-11.6809231],[-46.8395228,-11.6809238],[-46.8395402,-11.680935],[-46.839636,-11.6810022],[-46.8396442,-11.6810081],[-46.8396447,-11.6810085],[-46.8396526,-11.6810147],[-46.8397123,-11.6810635],[-46.8397085,-11.6810381],[-46.8397072,-11.6810282],[-46.8397072,-11.6810275],[-46.8397063,-11.6810176],[-46.8396852,-11.6807248],[-46.8396846,-11.680699],[-46.8396846,-11.6806972],[-46.839691,-11.6806459],[-46.8396914,-11.6806442],[-46.8397078,-11.6805948],[-46.8397086,-11.6805932],[-46.8397346,-11.6805476],[-46.8397356,-11.6805461],[-46.8397704,-11.680506],[-46.8397717,-11.6805048],[-46.839792,-11.6804873],[-46.8398926,-11.6804092],[-46.8399166,-11.6803926],[-46.8399182,-11.6803916],[-46.8399712,-11.6803661],[-46.839973,-11.6803655],[-46.8400307,-11.6803516],[-46.8400326,-11.6803514],[-46.8400623,-11.6803491],[-46.8402385,-11.680345],[-46.8403351,-11.6803002],[-46.8403526,-11.6802933],[-46.8403859,-11.6801835],[-46.8403953,-11.6801576],[-46.840396,-11.6801559],[-46.8404226,-11.6801075],[-46.8404237,-11.6801059],[-46.8404602,-11.6800634],[-46.8404615,-11.6800622],[-46.8405066,-11.6800276],[-46.8405082,-11.6800267],[-46.84056,-11.6800018],[-46.8405617,-11.6800012],[-46.840618,-11.6799875],[-46.8406199,-11.6799872],[-46.8406489,-11.6799848],[-46.8407065,-11.6799829],[-46.8407585,-11.6799196],[-46.8408434,-11.6797683],[-46.8408599,-11.6797426],[-46.840861,-11.6797409],[-46.8409025,-11.6796954],[-46.8409041,-11.679694],[-46.8409555,-11.6796585],[-46.8409573,-11.6796576],[-46.840986,-11.6796443],[-46.8411475,-11.6795804],[-46.8412341,-11.6794256],[-46.8412394,-11.6794165],[-46.8412398,-11.6794159],[-46.8412454,-11.679407],[-46.8412834,-11.6793501],[-46.8412708,-11.6793175],[-46.8412704,-11.6793159],[-46.8412615,-11.6792679],[-46.8412614,-11.6792663],[-46.8412615,-11.6792176],[-46.8412616,-11.679216],[-46.8412707,-11.679168],[-46.8412711,-11.6791664],[-46.841289,-11.6791207],[-46.8412897,-11.6791192],[-46.8413018,-11.6790977],[-46.8413952,-11.6789478],[-46.8414955,-11.6787385],[-46.8415079,-11.6787157],[-46.8415088,-11.6787142],[-46.84154,-11.6786724],[-46.8415412,-11.6786711],[-46.8415803,-11.6786356],[-46.8415817,-11.6786346],[-46.8416276,-11.678607],[-46.8416292,-11.6786062],[-46.8416799,-11.6785878],[-46.8416816,-11.6785874],[-46.8417354,-11.6785791],[-46.8417371,-11.678579],[-46.8417915,-11.6785811],[-46.8417932,-11.6785814],[-46.84182,-11.6785864],[-46.8419879,-11.6786264],[-46.8422692,-11.6785304],[-46.8422733,-11.678529],[-46.8422735,-11.6785289],[-46.8422776,-11.6785277],[-46.8426029,-11.6784277],[-46.8426279,-11.6784212],[-46.8426295,-11.6784209],[-46.8426551,-11.6784168],[-46.8429806,-11.6783795],[-46.8430178,-11.6783778],[-46.8430201,-11.6783778],[-46.8430572,-11.6783809],[-46.8433379,-11.6784236],[-46.8433978,-11.6783651],[-46.8434415,-11.6781839],[-46.843452,-11.6781504],[-46.8434528,-11.6781481],[-46.8434677,-11.6781161],[-46.8435297,-11.6780032],[-46.8434415,-11.6778481],[-46.8434295,-11.6778245],[-46.8434288,-11.6778229],[-46.8434123,-11.677773],[-46.843412,-11.6777713],[-46.8434057,-11.6777194],[-46.8434056,-11.6777176],[-46.8434064,-11.6776915],[-46.8434334,-11.6773457],[-46.8433454,-11.677237],[-46.8433274,-11.6772119],[-46.8433263,-11.6772102],[-46.8432996,-11.6771553],[-46.843299,-11.6771533],[-46.8432906,-11.6771242],[-46.8432414,-11.6769064],[-46.843237,-11.6768814],[-46.8432368,-11.6768796],[-46.8432353,-11.6768289],[-46.8432354,-11.6768272],[-46.8432384,-11.676802],[-46.8432474,-11.6767472],[-46.843112,-11.676669],[-46.8430902,-11.676655],[-46.8430888,-11.676654],[-46.8430499,-11.6766205],[-46.8430487,-11.6766193],[-46.8430172,-11.6765795],[-46.8430163,-11.6765781],[-46.8430035,-11.6765564],[-46.8428905,-11.6763405],[-46.8428754,-11.676306],[-46.8428745,-11.6763036],[-46.8428645,-11.6762675],[-46.8428153,-11.6760234],[-46.8428053,-11.6759983],[-46.8426255,-11.6759425],[-46.8424496,-11.6758879],[-46.8423246,-11.6758681],[-46.8421788,-11.6758452],[-46.8420331,-11.6758222],[-46.8418874,-11.6757992],[-46.8417416,-11.6757762],[-46.8417203,-11.675772],[-46.841719,-11.6757717],[-46.8416982,-11.6757659],[-46.8415523,-11.675719],[-46.8414064,-11.6756721],[-46.8413782,-11.6756613],[-46.8413764,-11.6756605],[-46.8413497,-11.6756468],[-46.8412548,-11.6755915],[-46.8411387,-11.6755542],[-46.8410141,-11.6755142],[-46.8408905,-11.6754947],[-46.8408692,-11.6754905],[-46.8408679,-11.6754901],[-46.840847,-11.6754843],[-46.8407011,-11.6754374],[-46.8406827,-11.6754308],[-46.8406815,-11.6754303],[-46.8406637,-11.6754224],[-46.8405176,-11.6753516],[-46.8405082,-11.6753468],[-46.8405076,-11.6753465],[-46.8404984,-11.6753414],[-46.8403766,-11.6752704],[-46.8402548,-11.6751994],[-46.840133,-11.6751285],[-46.8401124,-11.6751152],[-46.8401111,-11.6751143],[-46.8400742,-11.6750829],[-46.8400731,-11.6750817],[-46.840057,-11.6750639],[-46.839969,-11.6749569],[-46.8398581,-11.674849],[-46.839736,-11.6747302],[-46.8397255,-11.6747194],[-46.8397248,-11.6747186],[-46.8397149,-11.6747073],[-46.8396171,-11.6745883],[-46.8396171,-11.6745884],[-46.8395193,-11.6744694],[-46.8394313,-11.6743624],[-46.8393203,-11.6742545],[-46.8393098,-11.6742437],[-46.8393092,-11.674243],[-46.8392993,-11.6742316],[-46.8392015,-11.6741127],[-46.8391234,-11.6740178],[-46.8390412,-11.6739538],[-46.8389453,-11.6738979],[-46.838809,-11.6738319],[-46.838663,-11.6737611],[-46.8386536,-11.6737563],[-46.838653,-11.673756],[-46.8386438,-11.6737508],[-46.838522,-11.6736799],[-46.8384002,-11.6736089],[-46.8382784,-11.6735379],[-46.8382628,-11.6735281],[-46.8382618,-11.6735274],[-46.8382469,-11.6735167],[-46.83814,-11.6734334],[-46.8380346,-11.6733721],[-46.8380067,-11.6733534],[-46.8380049,-11.6733521],[-46.8379797,-11.6733303],[-46.8378824,-11.6732357],[-46.8377907,-11.6731823],[-46.8376856,-11.673121],[-46.8375331,-11.6730578],[-46.8375161,-11.67305],[-46.837515,-11.6730495],[-46.8374986,-11.6730407],[-46.8374235,-11.6729969],[-46.8373313,-11.6729823],[-46.8372988,-11.6729752],[-46.8372968,-11.6729746],[-46.8372656,-11.6729638],[-46.8371062,-11.6728977],[-46.8369775,-11.6728563],[-46.8368133,-11.6728112],[-46.8366431,-11.6727645],[-46.8364886,-11.672722],[-46.8363588,-11.6727015],[-46.8362131,-11.6726785],[-46.8360706,-11.6726561],[-46.8359039,-11.6726337],[-46.8359007,-11.6726332],[-46.8359005,-11.6726332],[-46.8358973,-11.6726327],[-46.8357516,-11.6726097],[-46.8356059,-11.6725868],[-46.8354634,-11.6725643],[-46.8352967,-11.6725419],[-46.8352935,-11.6725415],[-46.8352933,-11.6725414],[-46.8352901,-11.6725409],[-46.8351678,-11.6725216],[-46.8350216,-11.6725226],[-46.8349973,-11.6725227],[-46.8349697,-11.6725216],[-46.834968,-11.6725214],[-46.834914,-11.672511],[-46.8349123,-11.6725105],[-46.8348617,-11.6724899],[-46.8348601,-11.6724891],[-46.834815,-11.6724594],[-46.8348136,-11.6724583],[-46.8347757,-11.6724208],[-46.8347745,-11.6724195],[-46.834745,-11.6723758],[-46.8347441,-11.6723743],[-46.8347239,-11.6723262],[-46.8347233,-11.6723246],[-46.8347129,-11.6722739],[-46.8347127,-11.6722721],[-46.8347124,-11.6722205],[-46.8347126,-11.6722187],[-46.8347223,-11.6721679],[-46.8347228,-11.6721662],[-46.8347425,-11.6721179],[-46.8347433,-11.6721164],[-46.8347723,-11.6720724],[-46.8347734,-11.6720711],[-46.8348108,-11.6720331],[-46.8348122,-11.672032],[-46.8348569,-11.6720017],[-46.8348584,-11.6720009],[-46.8349087,-11.6719797],[-46.8349104,-11.6719792],[-46.8349643,-11.6719681],[-46.834966,-11.6719679],[-46.8349936,-11.6719664],[-46.8350178,-11.6719662],[-46.8351877,-11.6719652],[-46.8352106,-11.6719659],[-46.835212,-11.6719661],[-46.8352347,-11.6719687],[-46.8353772,-11.6719912],[-46.8355439,-11.6720135],[-46.8355471,-11.672014],[-46.8355473,-11.672014],[-46.8355505,-11.6720145],[-46.8356962,-11.6720375],[-46.835842,-11.6720605],[-46.8359844,-11.6720829],[-46.8361511,-11.6721053],[-46.8361543,-11.6721058],[-46.8361545,-11.6721058],[-46.8361577,-11.6721063],[-46.8363034,-11.6721293],[-46.8364492,-11.6721523],[-46.8365949,-11.6721752],[-46.8366103,-11.6721781],[-46.8366113,-11.6721783],[-46.8366265,-11.672182],[-46.8367967,-11.6722288],[-46.8369668,-11.6722755],[-46.837137,-11.6723223],[-46.8371428,-11.6723239],[-46.8371431,-11.672324],[-46.8371489,-11.6723258],[-46.8372948,-11.6723727],[-46.8373056,-11.6723765],[-46.8373063,-11.6723767],[-46.837317,-11.6723809],[-46.8374556,-11.6724384],[-46.8375674,-11.672456],[-46.8375928,-11.6724613],[-46.8375945,-11.6724617],[-46.8376432,-11.672479],[-46.8376447,-11.6724797],[-46.8376675,-11.6724916],[-46.8377727,-11.6725529],[-46.8379252,-11.6726162],[-46.8379422,-11.6726239],[-46.8379432,-11.6726244],[-46.8379596,-11.6726333],[-46.8380814,-11.6727042],[-46.8382032,-11.6727752],[-46.8382312,-11.6727939],[-46.8382329,-11.6727952],[-46.8382582,-11.6728169],[-46.8383554,-11.6729115],[-46.8384471,-11.672965],[-46.8384627,-11.6729748],[-46.8384637,-11.6729754],[-46.8384786,-11.6729862],[-46.8385855,-11.6730694],[-46.8386908,-11.6731308],[-46.8388126,-11.6732018],[-46.838925,-11.6732673],[-46.8390612,-11.6733333],[-46.8392073,-11.6734041],[-46.8392167,-11.6734089],[-46.8392173,-11.6734093],[-46.8392265,-11.6734144],[-46.8393483,-11.6734854],[-46.8393639,-11.6734952],[-46.8393649,-11.6734958],[-46.8393798,-11.6735066],[-46.8395017,-11.6736015],[-46.8395245,-11.6736214],[-46.839526,-11.6736227],[-46.8395463,-11.6736448],[-46.8396441,-11.6737638],[-46.8397321,-11.6738707],[-46.839843,-11.6739787],[-46.8398535,-11.6739895],[-46.8398542,-11.6739902],[-46.8398641,-11.6740015],[-46.8399619,-11.6741205],[-46.8400597,-11.6742394],[-46.8401477,-11.6743464],[-46.8402587,-11.6744544],[-46.8403808,-11.6745732],[-46.8403913,-11.6745839],[-46.840392,-11.6745847],[-46.8404018,-11.674596],[-46.8404676,-11.674676],[-46.8405455,-11.6747213],[-46.8406672,-11.6747923],[-46.8407796,-11.6748578],[-46.8408977,-11.674915],[-46.841003,-11.6749489],[-46.8411266,-11.6749684],[-46.8411478,-11.6749726],[-46.8411492,-11.6749729],[-46.84117,-11.6749787],[-46.8413159,-11.6750256],[-46.8414618,-11.6750725],[-46.84149,-11.6750833],[-46.8414918,-11.6750841],[-46.8415185,-11.6750978],[-46.8416134,-11.675153],[-46.8417295,-11.6751904],[-46.8418541,-11.6752304],[-46.8419777,-11.6752499],[-46.8421235,-11.6752729],[-46.8422692,-11.6752959],[-46.8424149,-11.6753189],[-46.8425607,-11.6753418],[-46.8425806,-11.6753457],[-46.8425819,-11.675346],[-46.8426014,-11.6753513],[-46.8427497,-11.6753974],[-46.8429573,-11.6751793],[-46.8431072,-11.6749811],[-46.8427547,-11.6747154],[-46.842734,-11.6746981],[-46.8427327,-11.6746969],[-46.8426972,-11.6746571],[-46.8426962,-11.6746557],[-46.8426695,-11.6746102],[-46.8426687,-11.6746086],[-46.8426516,-11.6745593],[-46.8426512,-11.6745576],[-46.8426442,-11.6745062],[-46.8426441,-11.6745044],[-46.8426473,-11.6744527],[-46.8426475,-11.6744509],[-46.8426608,-11.6744006],[-46.8426614,-11.6743989],[-46.8426714,-11.6743786],[-46.8426548,-11.67434],[-46.8426542,-11.6743382],[-46.8426435,-11.6742861],[-46.8426433,-11.6742843],[-46.8426433,-11.6742313],[-46.8426434,-11.6742294],[-46.8426541,-11.6741773],[-46.8426546,-11.6741756],[-46.8426756,-11.6741263],[-46.8426765,-11.6741247],[-46.8427073,-11.6740801],[-46.8427084,-11.6740787],[-46.8427481,-11.6740407],[-46.8427495,-11.6740396],[-46.8427965,-11.67401],[-46.8427981,-11.6740092],[-46.8428239,-11.6739979],[-46.8430786,-11.6739018],[-46.8431542,-11.6738304],[-46.8431257,-11.6737125],[-46.8430091,-11.6733742],[-46.843001,-11.6733454],[-46.8430005,-11.6733434],[-46.8429942,-11.6732843],[-46.8429942,-11.6732822],[-46.8429961,-11.6732525],[-46.8430282,-11.6729876],[-46.8430268,-11.6727867],[-46.8430082,-11.6727716],[-46.8429887,-11.6727541],[-46.8429875,-11.6727529],[-46.8429543,-11.6727131],[-46.8429533,-11.6727117],[-46.8429286,-11.6726668],[-46.8429279,-11.6726652],[-46.8429124,-11.6726169],[-46.842912,-11.6726152],[-46.842906,-11.6725651],[-46.8429059,-11.6725634],[-46.8429096,-11.672513],[-46.8429099,-11.6725113],[-46.8429153,-11.6724866],[-46.8429542,-11.6723427],[-46.842963,-11.6723159],[-46.8429637,-11.6723141],[-46.8429897,-11.6722637],[-46.8429908,-11.6722621],[-46.8430274,-11.6722178],[-46.8430288,-11.6722165],[-46.8430745,-11.6721804],[-46.8430762,-11.6721794],[-46.8431019,-11.672165],[-46.8432791,-11.6720784],[-46.8434096,-11.671866],[-46.8434255,-11.6718429],[-46.8434267,-11.6718414],[-46.8434476,-11.6718194],[-46.8431143,-11.671569],[-46.8430954,-11.6715535],[-46.8430942,-11.6715524],[-46.8430611,-11.6715168],[-46.8430602,-11.6715155],[-46.8430343,-11.6714751],[-46.8430336,-11.6714736],[-46.8430155,-11.6714297],[-46.843015,-11.6714281],[-46.8430091,-11.6714052],[-46.8429571,-11.6711619],[-46.8429523,-11.6711296],[-46.8429521,-11.6711274],[-46.8429513,-11.6710948],[-46.8429531,-11.6710483],[-46.8429287,-11.6710322],[-46.8429086,-11.6710176],[-46.8429074,-11.6710165],[-46.8428719,-11.6709825],[-46.8428708,-11.6709812],[-46.8428424,-11.6709418],[-46.8428415,-11.6709404],[-46.8428208,-11.6708969],[-46.8428203,-11.6708954],[-46.8428079,-11.6708493],[-46.8428076,-11.6708477],[-46.8428037,-11.6708002],[-46.8428037,-11.6707986],[-46.8428049,-11.6707748],[-46.8428443,-11.6703769],[-46.8427522,-11.6701762],[-46.8427421,-11.6701509],[-46.8427415,-11.6701492],[-46.8427294,-11.6700965],[-46.8427292,-11.6700946],[-46.8427281,-11.6700407],[-46.8427283,-11.6700389],[-46.8427382,-11.6699858],[-46.8427387,-11.669984],[-46.8427594,-11.6699337],[-46.8427603,-11.6699321],[-46.8427911,-11.6698865],[-46.8427923,-11.6698851],[-46.8428319,-11.6698467],[-46.8428347,-11.6698192],[-46.842835,-11.6698175],[-46.8428501,-11.6697682],[-46.8428508,-11.6697666],[-46.8428753,-11.6697207],[-46.8428763,-11.6697193],[-46.8429097,-11.6696786],[-46.8429109,-11.6696773],[-46.8429283,-11.6696615],[-46.8428801,-11.6696102],[-46.8424496,-11.6691716],[-46.8424313,-11.669151],[-46.8424301,-11.6691496],[-46.8424005,-11.6691037],[-46.8423997,-11.669102],[-46.8423802,-11.6690516],[-46.8423797,-11.6690499],[-46.8423709,-11.6689969],[-46.8423708,-11.6689951],[-46.8423729,-11.6689415],[-46.8423732,-11.6689397],[-46.8423783,-11.6689133],[-46.8424516,-11.6686172],[-46.8424585,-11.6685941],[-46.842459,-11.6685926],[-46.842479,-11.6685484],[-46.8424798,-11.668547],[-46.8425077,-11.6685068],[-46.8425088,-11.6685056],[-46.8425439,-11.6684707],[-46.8425452,-11.6684697],[-46.8425652,-11.6684547],[-46.8427502,-11.6683283],[-46.8427746,-11.6683133],[-46.8427763,-11.6683125],[-46.8428297,-11.6682904],[-46.8428314,-11.6682899],[-46.8428886,-11.6682793],[-46.8428905,-11.6682791],[-46.8429488,-11.6682805],[-46.8429506,-11.6682807],[-46.8430072,-11.6682941],[-46.843009,-11.6682947],[-46.8430357,-11.6683056],[-46.8430937,-11.6683329],[-46.8431314,-11.6683085],[-46.8431585,-11.6682021],[-46.8431595,-11.6681917],[-46.8431582,-11.6681915],[-46.8431291,-11.6681863],[-46.8429537,-11.668145],[-46.8427653,-11.6682068],[-46.842735,-11.6682149],[-46.842733,-11.6682153],[-46.8426703,-11.6682211],[-46.8426682,-11.6682211],[-46.8426298,-11.668216],[-46.8425314,-11.6682961],[-46.8425096,-11.6683121],[-46.8425082,-11.6683131],[-46.8424601,-11.6683385],[-46.8424585,-11.6683392],[-46.8424059,-11.6683549],[-46.8424041,-11.6683552],[-46.8423492,-11.6683604],[-46.8423475,-11.6683604],[-46.8422926,-11.6683547],[-46.8422909,-11.6683543],[-46.8422385,-11.6683381],[-46.8422368,-11.6683375],[-46.842189,-11.6683116],[-46.8421876,-11.6683106],[-46.8421462,-11.6682763],[-46.842145,-11.6682751],[-46.8421116,-11.6682339],[-46.8421106,-11.6682324],[-46.8420861,-11.668186],[-46.8420855,-11.6681844],[-46.8420769,-11.6681598],[-46.8420739,-11.6681497],[-46.8420683,-11.6681544],[-46.8420669,-11.6681554],[-46.8420193,-11.6681842],[-46.8420176,-11.6681849],[-46.8419647,-11.6682037],[-46.8419629,-11.6682042],[-46.8419069,-11.668212],[-46.8419051,-11.6682121],[-46.8418486,-11.6682086],[-46.8418469,-11.6682083],[-46.8417925,-11.6681937],[-46.8417908,-11.668193],[-46.8417651,-11.6681817],[-46.8416179,-11.6681078],[-46.8415926,-11.6680934],[-46.841591,-11.6680924],[-46.8415461,-11.6680564],[-46.8415447,-11.6680551],[-46.8415088,-11.6680111],[-46.8415078,-11.6680096],[-46.8415018,-11.6679993],[-46.8413231,-11.668061],[-46.8412968,-11.6680686],[-46.8412951,-11.668069],[-46.8412407,-11.6680765],[-46.8412389,-11.6680766],[-46.8411841,-11.6680733],[-46.8411823,-11.668073],[-46.8411301,-11.6680594],[-46.8411032,-11.6680839],[-46.8411018,-11.6680849],[-46.84108,-11.6680997],[-46.8408278,-11.6682536],[-46.8408026,-11.6682672],[-46.840801,-11.668268],[-46.8407467,-11.6682873],[-46.8407449,-11.6682877],[-46.8407164,-11.6682931],[-46.8404822,-11.6683247],[-46.8404555,-11.6683271],[-46.8404538,-11.6683271],[-46.8404003,-11.6683241],[-46.8403986,-11.6683238],[-46.8403468,-11.6683108],[-46.8403452,-11.6683102],[-46.8402973,-11.6682877],[-46.8402958,-11.6682869],[-46.8402629,-11.6682629],[-46.8402185,-11.6682889],[-46.8402168,-11.6682896],[-46.840191,-11.6682999],[-46.8400495,-11.6683482],[-46.839831,-11.6684336],[-46.8398063,-11.6684419],[-46.8398047,-11.6684424],[-46.8397534,-11.6684521],[-46.8397517,-11.6684522],[-46.8396994,-11.6684522],[-46.8396977,-11.6684521],[-46.8396464,-11.6684424],[-46.8396448,-11.6684419],[-46.8395965,-11.668423],[-46.839595,-11.6684223],[-46.8395514,-11.668395],[-46.8395501,-11.668394],[-46.8395128,-11.6683596],[-46.8395117,-11.6683583],[-46.839498,-11.6683399],[-46.839474,-11.6683499],[-46.8394493,-11.6683589],[-46.8394477,-11.6683594],[-46.8393961,-11.6683703],[-46.8393944,-11.6683705],[-46.8393415,-11.6683716],[-46.8393398,-11.6683714],[-46.8392877,-11.6683626],[-46.8392861,-11.6683621],[-46.8392369,-11.6683438],[-46.8392354,-11.6683431],[-46.839191,-11.6683161],[-46.8391896,-11.6683151],[-46.8391515,-11.6682807],[-46.8391503,-11.6682794],[-46.8391197,-11.668239],[-46.8391188,-11.6682375],[-46.8390965,-11.6681926],[-46.8390959,-11.668191],[-46.8390825,-11.668143],[-46.8390822,-11.6681414],[-46.839079,-11.6681167],[-46.8390749,-11.6680678],[-46.8390122,-11.6680085],[-46.8389951,-11.6679909],[-46.838994,-11.6679897],[-46.8389652,-11.6679505],[-46.8389644,-11.6679491],[-46.8389447,-11.6679086],[-46.838929,-11.6679207],[-46.8389275,-11.6679216],[-46.8388791,-11.6679455],[-46.8388774,-11.6679461],[-46.8388248,-11.6679604],[-46.8388231,-11.6679607],[-46.8387685,-11.6679644],[-46.8387667,-11.6679644],[-46.8387125,-11.6679575],[-46.8387107,-11.6679571],[-46.8386591,-11.66794],[-46.8386575,-11.6679393],[-46.8386107,-11.6679127],[-46.8386092,-11.6679117],[-46.8385881,-11.6678952],[-46.8385172,-11.6678341],[-46.8385001,-11.6678348],[-46.8384982,-11.6678347],[-46.8384413,-11.6678251],[-46.8384395,-11.6678246],[-46.8383861,-11.6678037],[-46.8383844,-11.6678028],[-46.838337,-11.6677717],[-46.8383355,-11.6677706],[-46.838296,-11.667731],[-46.8382948,-11.6677295],[-46.8382784,-11.6677071],[-46.8382606,-11.6676798],[-46.8381858,-11.6676758],[-46.8381593,-11.6676732],[-46.8381576,-11.6676729],[-46.8381061,-11.6676602],[-46.8381045,-11.6676596],[-46.83808,-11.6676497],[-46.8378693,-11.6675525],[-46.8377413,-11.6675567],[-46.8377244,-11.6675621],[-46.8377228,-11.6675625],[-46.8376711,-11.6675691],[-46.8376695,-11.6675691],[-46.8376174,-11.667566],[-46.8376158,-11.6675658],[-46.8375654,-11.6675532],[-46.8375638,-11.6675526],[-46.837517,-11.6675311],[-46.8375155,-11.6675303],[-46.837494,-11.6675165],[-46.8374532,-11.6674876],[-46.8374187,-11.6675219],[-46.8374173,-11.6675231],[-46.8373713,-11.6675534],[-46.8373697,-11.6675542],[-46.8373181,-11.667575],[-46.8373164,-11.6675755],[-46.8372613,-11.6675857],[-46.8372595,-11.6675858],[-46.8372033,-11.6675848],[-46.8372015,-11.6675846],[-46.8371468,-11.6675726],[-46.8371451,-11.667572],[-46.8370943,-11.6675495],[-46.8370928,-11.6675486],[-46.8370826,-11.6675421],[-46.8370216,-11.6675199],[-46.8370098,-11.6675153],[-46.8370091,-11.667515],[-46.8369975,-11.6675099],[-46.8368936,-11.667461],[-46.8368888,-11.6674587],[-46.8368885,-11.6674586],[-46.8368838,-11.6674562],[-46.8367352,-11.6673792],[-46.8367117,-11.6673656],[-46.8367103,-11.6673646],[-46.8366683,-11.6673311],[-46.836667,-11.6673298],[-46.8366328,-11.6672893],[-46.8366318,-11.6672878],[-46.8366065,-11.6672419],[-46.8366058,-11.6672403],[-46.8365901,-11.6671907],[-46.8365897,-11.667189],[-46.836584,-11.6671376],[-46.836584,-11.6671359],[-46.8365884,-11.6670844],[-46.8365887,-11.6670826],[-46.8365992,-11.6670464],[-46.8365934,-11.667021],[-46.8365932,-11.6670193],[-46.8365929,-11.6670085],[-46.8365667,-11.6669974],[-46.8365651,-11.6669965],[-46.8365184,-11.666964],[-46.836517,-11.6669627],[-46.8364785,-11.6669219],[-46.8364774,-11.6669204],[-46.8364485,-11.6668731],[-46.8364477,-11.6668714],[-46.8364293,-11.6668197],[-46.8364289,-11.6668179],[-46.8364216,-11.6667639],[-46.8364216,-11.666762],[-46.8364216,-11.6667609],[-46.8362663,-11.6666874],[-46.8362414,-11.666674],[-46.8362398,-11.666673],[-46.8362203,-11.6666583],[-46.83601,-11.6667051],[-46.8359827,-11.6667098],[-46.8359809,-11.66671],[-46.8359256,-11.6667112],[-46.8359238,-11.6667111],[-46.8358694,-11.6667015],[-46.8358677,-11.666701],[-46.8358165,-11.666681],[-46.835815,-11.6666802],[-46.8357692,-11.6666509],[-46.8357678,-11.6666498],[-46.8357475,-11.6666321],[-46.8355965,-11.6664864],[-46.8352354,-11.6665919],[-46.8352302,-11.6665933],[-46.8352298,-11.6665934],[-46.8352245,-11.6665948],[-46.8348337,-11.6666926],[-46.8348333,-11.6666927],[-46.8348332,-11.6666927],[-46.8348328,-11.6666928],[-46.8345953,-11.6667514],[-46.8345683,-11.6667567],[-46.8345665,-11.6667569],[-46.8345115,-11.6667594],[-46.8345097,-11.6667594],[-46.8344553,-11.6667511],[-46.8344536,-11.6667507],[-46.8344022,-11.6667321],[-46.8344006,-11.6667313],[-46.8343542,-11.6667033],[-46.8343528,-11.6667023],[-46.8343133,-11.6666663],[-46.8343121,-11.6666649],[-46.8342808,-11.6666224],[-46.8342799,-11.6666209],[-46.8342577,-11.6665736],[-46.8342571,-11.666572],[-46.8342497,-11.6665471],[-46.8342486,-11.6665428],[-46.834183,-11.6665299],[-46.8341039,-11.666593],[-46.8341197,-11.6666087],[-46.8341208,-11.6666101],[-46.8341508,-11.6666555],[-46.8341516,-11.6666571],[-46.8341716,-11.666707],[-46.8341721,-11.6667087],[-46.8341816,-11.6667613],[-46.8341817,-11.6667631],[-46.8341804,-11.6668164],[-46.8341802,-11.6668182],[-46.8341681,-11.6668703],[-46.8341675,-11.666872],[-46.834145,-11.666921],[-46.8341441,-11.6669226],[-46.8341119,-11.6669665],[-46.8341106,-11.6669679],[-46.8340912,-11.6669874],[-46.8339923,-11.6670768],[-46.8339694,-11.6670953],[-46.8339679,-11.6670965],[-46.8339164,-11.667126],[-46.8339147,-11.6671267],[-46.8338575,-11.6671448],[-46.8338556,-11.6671451],[-46.8337956,-11.6671506],[-46.8337937,-11.6671506],[-46.833734,-11.6671431],[-46.8337321,-11.6671427],[-46.8337033,-11.6671343],[-46.8335266,-11.667072],[-46.833503,-11.6670625],[-46.8335015,-11.6670618],[-46.8334878,-11.6670539],[-46.8334519,-11.6670817],[-46.8334477,-11.667085],[-46.8334474,-11.6670852],[-46.8334431,-11.6670883],[-46.8332642,-11.6672161],[-46.8332619,-11.6672177],[-46.8332617,-11.6672178],[-46.8332594,-11.6672194],[-46.8330441,-11.6673667],[-46.8330208,-11.6673809],[-46.8330193,-11.6673818],[-46.8329687,-11.6674033],[-46.832967,-11.6674038],[-46.8329127,-11.667415],[-46.8329109,-11.6674152],[-46.8328554,-11.6674156],[-46.8328536,-11.6674154],[-46.8327992,-11.6674049],[-46.8327975,-11.6674043],[-46.8327466,-11.6673834],[-46.832745,-11.6673826],[-46.8326997,-11.6673524],[-46.8326983,-11.6673513],[-46.8326603,-11.6673133],[-46.8326592,-11.6673119],[-46.8326433,-11.6672905],[-46.8325096,-11.6670896],[-46.8324778,-11.6670553],[-46.8324472,-11.6670557],[-46.8324453,-11.6670557],[-46.8324452,-11.6670557],[-46.8324433,-11.6670557],[-46.8323194,-11.6670553],[-46.8322723,-11.6670739],[-46.8322487,-11.667082],[-46.8322471,-11.6670824],[-46.832198,-11.6670922],[-46.8321964,-11.6670924],[-46.8321462,-11.6670933],[-46.8321445,-11.6670932],[-46.832095,-11.6670851],[-46.8320935,-11.6670847],[-46.8320695,-11.6670774],[-46.8319573,-11.6670377],[-46.8317949,-11.6670732],[-46.8317793,-11.6670761],[-46.8317783,-11.6670763],[-46.8317626,-11.6670783],[-46.8317246,-11.6670822],[-46.8317416,-11.6671413],[-46.8317477,-11.6671677],[-46.831748,-11.6671695],[-46.8317521,-11.6672233],[-46.831752,-11.6672251],[-46.831745,-11.6672787],[-46.8317446,-11.6672805],[-46.8317267,-11.6673317],[-46.8317259,-11.6673334],[-46.8317131,-11.6673576],[-46.8316556,-11.6674534],[-46.8316398,-11.6674768],[-46.8316387,-11.6674783],[-46.8315999,-11.6675199],[-46.8315984,-11.6675211],[-46.8315512,-11.6675542],[-46.8315495,-11.6675551],[-46.8314958,-11.6675778],[-46.831494,-11.6675784],[-46.8314363,-11.6675895],[-46.8314344,-11.6675896],[-46.8313755,-11.6675885],[-46.8313736,-11.6675883],[-46.8313446,-11.6675831],[-46.8310796,-11.6675211],[-46.831054,-11.6675138],[-46.8310523,-11.6675133],[-46.8310041,-11.6674917],[-46.8310026,-11.6674909],[-46.8309597,-11.6674609],[-46.8309584,-11.6674598],[-46.8309224,-11.6674227],[-46.8309213,-11.6674214],[-46.8308934,-11.6673786],[-46.8308926,-11.6673771],[-46.8308803,-11.6673472],[-46.8308377,-11.6673582],[-46.8308102,-11.6673638],[-46.8308084,-11.6673641],[-46.8307523,-11.667367],[-46.8307505,-11.6673669],[-46.830695,-11.6673586],[-46.8306932,-11.6673582],[-46.8306408,-11.6673392],[-46.8306392,-11.6673384],[-46.8305921,-11.6673096],[-46.8305907,-11.6673085],[-46.8305507,-11.6672715],[-46.8305495,-11.6672701],[-46.8305182,-11.6672264],[-46.8305173,-11.6672248],[-46.8305051,-11.667201],[-46.8304465,-11.6670703],[-46.8304128,-11.6670503],[-46.8303953,-11.667039],[-46.8303942,-11.6670382],[-46.8303623,-11.667012],[-46.8303614,-11.6670111],[-46.8303471,-11.6669964],[-46.8303196,-11.6669658],[-46.8303008,-11.6669822],[-46.8302993,-11.6669833],[-46.8302509,-11.6670107],[-46.8302492,-11.6670114],[-46.8302196,-11.6670211],[-46.8302203,-11.6670411],[-46.8302202,-11.6670428],[-46.8302121,-11.6670931],[-46.8302116,-11.6670948],[-46.8301939,-11.6671428],[-46.8301931,-11.6671444],[-46.8301663,-11.6671886],[-46.8301652,-11.66719],[-46.8301299,-11.6672286],[-46.8301286,-11.6672298],[-46.830086,-11.6672613],[-46.8300846,-11.6672622],[-46.8300753,-11.6672666],[-46.8300588,-11.6673927],[-46.8300531,-11.6674226],[-46.8300526,-11.6674246],[-46.830031,-11.6674817],[-46.83003,-11.6674835],[-46.8300143,-11.6675101],[-46.8299998,-11.6675318],[-46.8299128,-11.6676965],[-46.8299139,-11.6676993],[-46.8299317,-11.6677046],[-46.8299561,-11.6677131],[-46.8299577,-11.6677137],[-46.8300033,-11.667737],[-46.8300047,-11.6677379],[-46.8300448,-11.6677689],[-46.830046,-11.66777],[-46.8300793,-11.6678074],[-46.8300803,-11.6678087],[-46.8301059,-11.6678511],[-46.8301066,-11.6678526],[-46.8301238,-11.6678985],[-46.8301242,-11.6679001],[-46.8301326,-11.6679481],[-46.8301327,-11.6679498],[-46.8301322,-11.6679984],[-46.830132,-11.6680001],[-46.8301283,-11.6680242],[-46.8300936,-11.668198],[-46.8301061,-11.668214],[-46.8301072,-11.6682156],[-46.8301341,-11.6682642],[-46.8301349,-11.668266],[-46.8301375,-11.6682746],[-46.830138,-11.668275],[-46.830173,-11.6683124],[-46.8301741,-11.6683138],[-46.8302011,-11.6683566],[-46.8302019,-11.6683581],[-46.8302202,-11.6684048],[-46.8302207,-11.6684064],[-46.8302299,-11.6684554],[-46.83023,-11.6684571],[-46.8302298,-11.6685068],[-46.8302296,-11.6685085],[-46.830226,-11.6685331],[-46.8301774,-11.6687818],[-46.8301718,-11.6688049],[-46.8301713,-11.6688065],[-46.8301538,-11.6688511],[-46.8301531,-11.6688525],[-46.8301277,-11.6688936],[-46.8301267,-11.6688949],[-46.8300939,-11.6689312],[-46.8300927,-11.6689323],[-46.8300739,-11.6689482],[-46.8300106,-11.6689968],[-46.8300304,-11.6690389],[-46.830031,-11.6690406],[-46.8300434,-11.6690911],[-46.8300437,-11.6690929],[-46.830046,-11.6691447],[-46.8300459,-11.6691465],[-46.830038,-11.6691978],[-46.8300375,-11.6691995],[-46.8300196,-11.6692486],[-46.8300188,-11.6692502],[-46.8300062,-11.6692734],[-46.8299469,-11.6693707],[-46.8299019,-11.6695297],[-46.829893,-11.6695558],[-46.8298923,-11.6695576],[-46.8298664,-11.6696067],[-46.8298653,-11.6696083],[-46.8298294,-11.6696516],[-46.829828,-11.6696529],[-46.8297833,-11.6696882],[-46.8297817,-11.6696892],[-46.82973,-11.6697149],[-46.8297282,-11.6697156],[-46.8296718,-11.6697301],[-46.82967,-11.6697304],[-46.8296699,-11.6697312],[-46.8296695,-11.6697328],[-46.8296543,-11.6697797],[-46.8296536,-11.6697813],[-46.8296297,-11.6698249],[-46.8296288,-11.6698263],[-46.8295969,-11.6698652],[-46.8295957,-11.6698664],[-46.8295566,-11.6698991],[-46.8295553,-11.6699],[-46.8295103,-11.6699252],[-46.8295088,-11.6699259],[-46.8294595,-11.6699424],[-46.8294579,-11.6699428],[-46.8294322,-11.6699476],[-46.8292922,-11.6699671],[-46.8292912,-11.6699682],[-46.82927,-11.6699909],[-46.8292685,-11.6699923],[-46.8292183,-11.67003],[-46.8292166,-11.670031],[-46.8291584,-11.6700567],[-46.8291564,-11.6700573],[-46.8291253,-11.6700651],[-46.8290798,-11.6700737],[-46.8290556,-11.6700772],[-46.8290541,-11.6700773],[-46.8290297,-11.6700787],[-46.8289204,-11.6700801],[-46.828904,-11.6701155],[-46.8289031,-11.670117],[-46.8288716,-11.6701601],[-46.8288704,-11.6701614],[-46.8288305,-11.6701978],[-46.8288291,-11.6701989],[-46.8287823,-11.6702271],[-46.8287806,-11.6702279],[-46.8287286,-11.6702465],[-46.8287269,-11.6702469],[-46.8286996,-11.6702523],[-46.8285746,-11.6702707],[-46.8285481,-11.6703435],[-46.8284828,-11.670586],[-46.8284748,-11.6706109],[-46.8284741,-11.6706126],[-46.8284506,-11.6706598],[-46.8284497,-11.6706613],[-46.828417,-11.6707035],[-46.8284158,-11.6707048],[-46.8283749,-11.6707401],[-46.8283735,-11.6707411],[-46.8283259,-11.6707681],[-46.8283243,-11.6707688],[-46.8282718,-11.670786],[-46.8282701,-11.6707864],[-46.8282149,-11.670793],[-46.8282131,-11.6707931],[-46.8281853,-11.6707923],[-46.8280832,-11.6707842],[-46.8280372,-11.6708419],[-46.8280201,-11.6708613],[-46.8280189,-11.6708625],[-46.8279793,-11.6708963],[-46.8279779,-11.6708973],[-46.8279321,-11.6709233],[-46.8279305,-11.670924],[-46.8278801,-11.6709409],[-46.8278784,-11.6709413],[-46.8278254,-11.6709484],[-46.8278237,-11.6709485],[-46.8277969,-11.6709483],[-46.8277408,-11.6709451],[-46.8277264,-11.6709883],[-46.8277257,-11.67099],[-46.8276978,-11.6710379],[-46.8276968,-11.6710394],[-46.8276592,-11.671081],[-46.8276578,-11.6710822],[-46.8276119,-11.6711156],[-46.8276103,-11.6711166],[-46.8275848,-11.6711297],[-46.8275384,-11.6711506],[-46.8274814,-11.6712208],[-46.8274635,-11.6712407],[-46.8274623,-11.671242],[-46.8274207,-11.6712764],[-46.8274193,-11.6712774],[-46.8273712,-11.6713033],[-46.8273696,-11.6713039],[-46.8273169,-11.6713201],[-46.8273151,-11.6713204],[-46.8272877,-11.6713245],[-46.8272165,-11.6713316],[-46.827156,-11.6714027],[-46.8271366,-11.6714231],[-46.8271353,-11.6714244],[-46.8270903,-11.6714591],[-46.8270887,-11.6714601],[-46.8270635,-11.6714739],[-46.8268604,-11.671572],[-46.826835,-11.6715828],[-46.8268333,-11.6715834],[-46.8267794,-11.6715972],[-46.8267776,-11.6715974],[-46.8267219,-11.6716003],[-46.8267201,-11.6716003],[-46.8266649,-11.6715921],[-46.8266632,-11.6715917],[-46.8266366,-11.6715836],[-46.8265866,-11.6715655],[-46.8265767,-11.6715696],[-46.8264728,-11.6716613],[-46.8264509,-11.6716788],[-46.8264494,-11.6716798],[-46.8264003,-11.6717078],[-46.8263986,-11.6717086],[-46.8263443,-11.6717262],[-46.8263425,-11.6717266],[-46.8263141,-11.6717312],[-46.8261915,-11.6717446],[-46.8259473,-11.6718576],[-46.8259219,-11.6718679],[-46.8259203,-11.6718684],[-46.8258669,-11.6718813],[-46.8258651,-11.6718816],[-46.8258101,-11.6718838],[-46.8258083,-11.6718837],[-46.8257539,-11.6718752],[-46.8257522,-11.6718747],[-46.8257009,-11.6718559],[-46.8256993,-11.6718551]]]},{"type":"LineString","coordinates":[[-46.8272744,-11.6854561],[-46.8272666,-11.6854517]]}]}}]}