{"type":"FeatureCollection","features":[{"type":"Feature","properties":{"cod_tema":"AREA_IMOVEL","nom_tema":"Area do Imovel","cod_imovel":"TO-1707009-BF20515DB6844BDDBB637E0D3425393E","mod_fiscal":1.887,"num_area":150.9617,"ind_status":"AT","ind_tipo":"IRU","des_condic":"Aguardando analise","municipio":"Dianopolis","cod_estado":"TO","dat_criaca":"18/09/2025","dat_atuali":"18/09/2025","NOME":"Área da Propriedade Rural","OS":"OS 04.03","IMOVEL":"Fazenda Lavrinha - Lote 18"},"geometry":{"type":"Polygon","coordinates":[[[-46.8433436,-11.6787244],[-46.8434556,-11.6788753],[-46.8436547,-11.6790183],[-46.8437669,-11.6793356],[-46.8440308,-11.6793342],[-46.8441925,-11.6797167],[-46.8445053,-11.6796589],[-46.8447439,-11.6794936],[-46.8448511,-11.6792458],[-46.8449369,-11.6788992],[-46.8451572,-11.6788269],[-46.8452453,-11.678925],[-46.8453897,-11.6790169],[-46.8456906,-11.6791669],[-46.8459806,-11.6793889],[-46.8458531,-11.6795986],[-46.8458819,-11.679755],[-46.8458861,-11.6798606],[-46.8457347,-11.6801586],[-46.84545,-11.6804275],[-46.8453936,-11.6807606],[-46.8454097,-11.6810825],[-46.8453742,-11.6813942],[-46.8453644,-11.6817942],[-46.8457331,-11.6818714],[-46.8458858,-11.6819314],[-46.8460144,-11.6820486],[-46.8460989,-11.6821808],[-46.8461594,-11.6823017],[-46.8462394,-11.6826908],[-46.8463792,-11.6827786],[-46.8463522,-11.6830503],[-46.8462142,-11.6832114],[-46.8459944,-11.6831064],[-46.8459956,-11.6831258],[-46.8457328,-11.6833314],[-46.8455856,-11.6835753],[-46.8455067,-11.6838889],[-46.8453525,-11.6839522],[-46.8451053,-11.6839944],[-46.8449848,-11.684144],[-46.8448797,-11.6843015],[-46.8448164,-11.6845114],[-46.8448153,-11.6845243],[-46.8447383,-11.6846387],[-46.8446272,-11.6846497],[-46.8444331,-11.6846573],[-46.844154,-11.6846423],[-46.8438042,-11.6845518],[-46.843466,-11.68443],[-46.8434515,-11.68443],[-46.8432736,-11.684326],[-46.8429635,-11.6843161],[-46.8425108,-11.6843559],[-46.8422727,-11.6845628],[-46.842,-11.6849295],[-46.8416521,-11.6852404],[-46.8412417,-11.6856263],[-46.8412151,-11.6856444],[-46.8407255,-11.6859574],[-46.840717,-11.6859663],[-46.8405035,-11.6861331],[-46.8402259,-11.6864946],[-46.8399536,-11.6870277],[-46.8398132,-11.6872034],[-46.8398028,-11.6872192],[-46.8396281,-11.6873951],[-46.8394022,-11.6875317],[-46.8393831,-11.6875517],[-46.8391298,-11.6876802],[-46.8391205,-11.6876899],[-46.8390003,-11.6877338],[-46.8389542,-11.6877531],[-46.8387904,-11.6878444],[-46.8386171,-11.688105],[-46.8385487,-11.688305],[-46.8384873,-11.6885758],[-46.8384565,-11.6888243],[-46.8382958,-11.6890167],[-46.8380502,-11.6891865],[-46.8380225,-11.6892096],[-46.8378319,-11.6893465],[-46.8378265,-11.6893521],[-46.83781,-11.6893746],[-46.8376188,-11.6895081],[-46.8375874,-11.6895246],[-46.8375612,-11.6895411],[-46.8375403,-11.6895575],[-46.8373033,-11.689698],[-46.8368365,-11.6900004],[-46.8365866,-11.6903323],[-46.8364434,-11.6905071],[-46.8364241,-11.6905286],[-46.8362651,-11.6906635],[-46.836095,-11.6909661],[-46.8360952,-11.6909728],[-46.8359682,-11.6911906],[-46.8357558,-11.691335],[-46.8355541,-11.6914513],[-46.8354108,-11.6915591],[-46.8352979,-11.6916999],[-46.8352018,-11.6919069],[-46.8351214,-11.6921248],[-46.8350193,-11.692281],[-46.8349265,-11.6924637],[-46.8348168,-11.6926417],[-46.8348131,-11.6926458],[-46.8347061,-11.6927718],[-46.8346985,-11.6927758],[-46.8344472,-11.6929811],[-46.8343389,-11.6930555],[-46.8340916,-11.6931317],[-46.8339817,-11.6933745],[-46.8309925,-11.6912178],[-46.8309458,-11.6911683],[-46.8278956,-11.6898158],[-46.8277667,-11.6897106],[-46.8273542,-11.6891406],[-46.8274044,-11.6883367],[-46.8277056,-11.6877033],[-46.8287417,-11.6853331],[-46.8288108,-11.6851031],[-46.8289303,-11.6849483],[-46.82908,-11.6846328],[-46.8289236,-11.6845253],[-46.8290044,-11.6843258],[-46.8291494,-11.6843658],[-46.8291922,-11.68419],[-46.8290317,-11.6841928],[-46.8290744,-11.6840044],[-46.8293169,-11.6839283],[-46.8293958,-11.6837947],[-46.8295228,-11.6838225],[-46.8296958,-11.6836392],[-46.8298578,-11.6835011],[-46.8298956,-11.6833569],[-46.8301739,-11.6834817],[-46.8301614,-11.6833769],[-46.8302,-11.6834136],[-46.8302575,-11.6831444],[-46.8304058,-11.6831028],[-46.8304317,-11.68297],[-46.8306164,-11.6829147],[-46.8307639,-11.6827431],[-46.8311942,-11.6827972],[-46.8311311,-11.6826342],[-46.8312594,-11.6825892],[-46.8312947,-11.6825003],[-46.8314792,-11.6826089],[-46.8315686,-11.6825886],[-46.8318269,-11.6824769],[-46.8319117,-11.6825544],[-46.8320747,-11.6824317],[-46.8321706,-11.6821806],[-46.8323136,-11.6820853],[-46.8325225,-11.6822675],[-46.8326144,-11.6825647],[-46.8328039,-11.6825978],[-46.8331603,-11.6829356],[-46.8332914,-11.6830294],[-46.8332486,-11.6827381],[-46.8334106,-11.6827064],[-46.8336425,-11.6827078],[-46.8334847,-11.6825114],[-46.8335314,-11.6824558],[-46.8337686,-11.6824931],[-46.8338175,-11.6823231],[-46.8339358,-11.6823483],[-46.8339567,-11.6826014],[-46.8339442,-11.6828981],[-46.8341353,-11.6827117],[-46.8343247,-11.6828431],[-46.8343219,-11.6829975],[-46.8344572,-11.6829928],[-46.8345039,-11.6829986],[-46.8345097,-11.6827558],[-46.8345258,-11.6826647],[-46.8347172,-11.6826483],[-46.8348811,-11.6826033],[-46.8351164,-11.6826544],[-46.8354161,-11.6826794],[-46.8356472,-11.6828003],[-46.8355703,-11.6828717],[-46.8354347,-11.6828506],[-46.8354461,-11.6830111],[-46.8357317,-11.6830489],[-46.8360603,-11.6831186],[-46.8360219,-11.6832492],[-46.8357475,-11.6832664],[-46.8355272,-11.6832322],[-46.8355581,-11.6834403],[-46.8353531,-11.6836269],[-46.8353817,-11.6838625],[-46.8356525,-11.6839747],[-46.8359297,-11.6840792],[-46.8361836,-11.6842208],[-46.8363325,-11.6841283],[-46.8365214,-11.6842806],[-46.8366694,-11.6842236],[-46.8366953,-11.6839183],[-46.8367892,-11.6839839],[-46.8368053,-11.6838542],[-46.8366394,-11.6837583],[-46.8366372,-11.6836656],[-46.8368914,-11.6836497],[-46.8369208,-11.6835486],[-46.8368647,-11.6834464],[-46.8368356,-11.6833006],[-46.8368394,-11.6832889],[-46.8371533,-11.6832417],[-46.8369575,-11.6830886],[-46.83711,-11.6830044],[-46.8372142,-11.6827733],[-46.8375117,-11.6827156],[-46.8377653,-11.6826606],[-46.8380592,-11.6826414],[-46.8382811,-11.6823936],[-46.8381675,-11.6821517],[-46.8382872,-11.6821142],[-46.8380997,-11.6819589],[-46.8380472,-11.68182],[-46.8382436,-11.6817906],[-46.8384756,-11.6818297],[-46.8386144,-11.6820717],[-46.8387028,-11.6820725],[-46.8389008,-11.6819417],[-46.8391014,-11.6819442],[-46.8391103,-11.6817122],[-46.83901,-11.6815189],[-46.8391444,-11.6813831],[-46.8393411,-11.6812525],[-46.8394642,-11.6812467],[-46.8396533,-11.6814008],[-46.8398211,-11.6814703],[-46.8399739,-11.6812917],[-46.8400389,-11.6812047],[-46.8400078,-11.6809961],[-46.8399875,-11.6807136],[-46.8400756,-11.680645],[-46.84031,-11.6806397],[-46.8404606,-11.68057],[-46.8407186,-11.6805783],[-46.8408736,-11.6804236],[-46.8406394,-11.6803886],[-46.8406722,-11.6802806],[-46.8408553,-11.6802747],[-46.8410108,-11.680085],[-46.8411053,-11.6799167],[-46.8413611,-11.6798156],[-46.8414992,-11.6795683],[-46.8416542,-11.6793361],[-46.8415672,-11.6792403],[-46.8416619,-11.6790883],[-46.8417631,-11.6788778],[-46.8420031,-11.678935],[-46.8423683,-11.67881],[-46.8426917,-11.6787108],[-46.8430133,-11.6786739],[-46.8433436,-11.6787244]]]}},{"type":"Feature","properties":{"cod_tema":"VEGETACAO_NATIVA","nom_tema":"Remanescente de Vegetacao Nativa","cod_imovel":"TO-1707009-BF20515DB6844BDDBB637E0D3425393E","num_area":20.5113,"ind_status":"AT","des_condic":"Aguardando analise","NOME":"Área de Vegetação Nativa","OS":"OS 04.03","IMOVEL":"Fazenda Lavrinha - Lote 18"},"geometry":{"type":"MultiPolygon","coordinates":[[[[-46.8309925,-11.6912178],[-46.8309458,-11.6911683],[-46.8278956,-11.6898158],[-46.8277667,-11.6897106],[-46.8273542,-11.6891406],[-46.8274044,-11.6883367],[-46.8277056,-11.6877033],[-46.8278217,-11.6876136],[-46.8278804,-11.687632],[-46.827957,-11.6877253],[-46.828829,-11.6873074],[-46.8290588,-11.6872961],[-46.8290239,-11.6875858],[-46.8290293,-11.6876982],[-46.8290986,-11.6879587],[-46.8290923,-11.6880601],[-46.8289729,-11.6882232],[-46.8287196,-11.6882623],[-46.8285899,-11.6887755],[-46.8284198,-11.6889452],[-46.8280924,-11.6887974],[-46.8277655,-11.6887276],[-46.827537,-11.6890491],[-46.8276268,-11.6893189],[-46.8277726,-11.6895678],[-46.828066,-11.6896003],[-46.8284788,-11.6897133],[-46.8288103,-11.6895237],[-46.8289188,-11.6896324],[-46.8290431,-11.6897409],[-46.8291663,-11.6901587],[-46.8292086,-11.6903271],[-46.8293929,-11.6904103],[-46.8299339,-11.6905638],[-46.8301592,-11.6906029],[-46.8305053,-11.6906976],[-46.8307137,-11.6908259],[-46.8309426,-11.6909337],[-46.8310863,-11.6911015],[-46.8312065,-11.691057],[-46.8316541,-11.6906918],[-46.8319301,-11.6902527],[-46.8320234,-11.689971],[-46.8321859,-11.6896201],[-46.832273,-11.6893821],[-46.8322835,-11.6890385],[-46.8322828,-11.6889448],[-46.832237,-11.6887202],[-46.8322549,-11.6885451],[-46.8322853,-11.6883575],[-46.8323089,-11.688095],[-46.8322636,-11.6879516],[-46.8321228,-11.6877463],[-46.8319443,-11.6875913],[-46.8307492,-11.6879222],[-46.8307478,-11.6879138],[-46.8306818,-11.6877883],[-46.8305797,-11.6876889],[-46.8304557,-11.6876276],[-46.8306961,-11.6870643],[-46.8308586,-11.686715],[-46.831191,-11.6861756],[-46.8316913,-11.6856133],[-46.8319922,-11.6851084],[-46.8321745,-11.6848855],[-46.8324174,-11.684709],[-46.8326004,-11.6845829],[-46.8327175,-11.6845509],[-46.8328354,-11.6846501],[-46.83282,-11.6847252],[-46.832846,-11.684825],[-46.8329063,-11.6848371],[-46.8329923,-11.6848928],[-46.8330151,-11.6849926],[-46.8329745,-11.6850772],[-46.8330261,-11.6852205],[-46.8331053,-11.68522],[-46.8332291,-11.6852505],[-46.8332107,-11.6853318],[-46.8332906,-11.6854344],[-46.8333008,-11.6855468],[-46.8332442,-11.6856127],[-46.8332414,-11.6856627],[-46.8333056,-11.6857966],[-46.8334774,-11.6858861],[-46.8336494,-11.6860287],[-46.8337632,-11.685978],[-46.8338446,-11.6860064],[-46.8338215,-11.6861344],[-46.8337552,-11.6861682],[-46.8336544,-11.6862688],[-46.8335901,-11.6863953],[-46.8335686,-11.6865351],[-46.8335919,-11.6866746],[-46.8336579,-11.6868001],[-46.83376,-11.6868995],[-46.8338882,-11.6869629],[-46.8340301,-11.6869841],[-46.8341716,-11.686961],[-46.8342991,-11.686896],[-46.8343998,-11.6867954],[-46.8344641,-11.686669],[-46.8344857,-11.6865292],[-46.8344682,-11.6864249],[-46.8347399,-11.6865496],[-46.8347484,-11.6865706],[-46.8346514,-11.686648],[-46.8346289,-11.6866682],[-46.834519,-11.6867778],[-46.8344246,-11.6868533],[-46.8343195,-11.6869164],[-46.8342893,-11.6869373],[-46.8341686,-11.6870338],[-46.8341461,-11.6870539],[-46.8340256,-11.6871743],[-46.833905,-11.6872946],[-46.8337845,-11.687415],[-46.8337435,-11.6874675],[-46.8336714,-11.6875875],[-46.8336467,-11.6876414],[-46.8335991,-11.6877852],[-46.833589,-11.6878265],[-46.8335682,-11.687955],[-46.8335265,-11.6881022],[-46.8334808,-11.6882404],[-46.8334707,-11.6882817],[-46.8334474,-11.6884253],[-46.8334275,-11.6885479],[-46.8334018,-11.6886255],[-46.8333359,-11.6887078],[-46.833315,-11.6887378],[-46.833243,-11.6888578],[-46.8332183,-11.6889118],[-46.8331707,-11.6890556],[-46.8331571,-11.6891414],[-46.8331581,-11.6892849],[-46.8331589,-11.6894031],[-46.8330877,-11.6894741],[-46.8330234,-11.6896005],[-46.8330019,-11.6897403],[-46.8330253,-11.6898798],[-46.8330818,-11.6899875],[-46.8328934,-11.6899811],[-46.832681,-11.6899762],[-46.8326561,-11.6900357],[-46.832622,-11.6901515],[-46.8325815,-11.6902579],[-46.832541,-11.6903706],[-46.8325037,-11.6904802],[-46.8324757,-11.6905647],[-46.8324197,-11.690715],[-46.8323791,-11.6908059],[-46.8323733,-11.6908965],[-46.8323929,-11.6909744],[-46.8323393,-11.6910279],[-46.8322703,-11.6911408],[-46.8322296,-11.691216],[-46.8321946,-11.691317],[-46.8321116,-11.6914628],[-46.8320962,-11.6915347],[-46.8320022,-11.6916946],[-46.8319653,-11.6918635],[-46.8328756,-11.6924512],[-46.8330147,-11.6924003],[-46.8331156,-11.6923247],[-46.833319,-11.6923984],[-46.8335595,-11.6923531],[-46.8336488,-11.6924275],[-46.8337373,-11.6923957],[-46.8338697,-11.6922887],[-46.8339323,-11.6921696],[-46.8339379,-11.6920508],[-46.8342162,-11.6919678],[-46.8344189,-11.6919478],[-46.8350912,-11.6910439],[-46.8358707,-11.6900581],[-46.8365713,-11.6891724],[-46.8370802,-11.6895048],[-46.8370682,-11.6895135],[-46.8369461,-11.6895904],[-46.8369446,-11.6895913],[-46.8368267,-11.6896668],[-46.8366793,-11.6897563],[-46.8366096,-11.6898168],[-46.836509,-11.6899396],[-46.8364985,-11.6899533],[-46.8364203,-11.6900621],[-46.8364196,-11.6900631],[-46.8363371,-11.690179],[-46.8362508,-11.6902804],[-46.8361735,-11.6903689],[-46.8360729,-11.6904484],[-46.8360067,-11.6905244],[-46.8359119,-11.6906861],[-46.8359076,-11.6906937],[-46.835838,-11.6908219],[-46.8358337,-11.6908301],[-46.8357794,-11.690939],[-46.8357447,-11.6909924],[-46.8356649,-11.6910473],[-46.8355774,-11.6911056],[-46.8354517,-11.6911841],[-46.8353172,-11.6912596],[-46.8352501,-11.6913123],[-46.8351438,-11.6914268],[-46.8351118,-11.6914689],[-46.8350421,-11.6915818],[-46.8350335,-11.6915968],[-46.8349542,-11.6917458],[-46.8349374,-11.6917844],[-46.8348941,-11.6919099],[-46.8348585,-11.6919976],[-46.8347818,-11.6921127],[-46.8347688,-11.6921343],[-46.8347034,-11.6922555],[-46.8346956,-11.6922711],[-46.8346509,-11.6923684],[-46.8345858,-11.6924718],[-46.8345033,-11.6925706],[-46.8344323,-11.6926319],[-46.8343175,-11.6927214],[-46.834237,-11.692783],[-46.8341501,-11.6928159],[-46.8339982,-11.6928638],[-46.8339225,-11.6929012],[-46.8338619,-11.6929594],[-46.8338221,-11.6930331],[-46.8338069,-11.6930762],[-46.8337917,-11.6931597],[-46.8338035,-11.6932438],[-46.8338051,-11.6932471],[-46.8309925,-11.6912178]]],[[[-46.8344041,-11.6859403],[-46.8343967,-11.6859118],[-46.8344159,-11.6859582],[-46.8345445,-11.6857419],[-46.8345747,-11.6855168],[-46.8345708,-11.6853401],[-46.8346065,-11.6852806],[-46.8346127,-11.6852458],[-46.834636,-11.6852102],[-46.8348226,-11.6851528],[-46.8350439,-11.6850671],[-46.8352439,-11.6851064],[-46.8353147,-11.6852746],[-46.8352712,-11.6854092],[-46.8351705,-11.6855254],[-46.8350161,-11.6856545],[-46.8348966,-11.6857927],[-46.8347615,-11.6859685],[-46.8345665,-11.6862009],[-46.8344316,-11.6863311],[-46.8343963,-11.6862641],[-46.8343629,-11.6862316],[-46.8344015,-11.686017],[-46.8344041,-11.6859403]]],[[[-46.8350985,-11.6839092],[-46.8351279,-11.6840004],[-46.8351877,-11.6840758],[-46.8352702,-11.6841261],[-46.8358089,-11.6843357],[-46.8359046,-11.6843855],[-46.8358718,-11.6844264],[-46.8357684,-11.6845555],[-46.8356483,-11.6844479],[-46.83548,-11.6843927],[-46.835372,-11.6843465],[-46.8352516,-11.6843536],[-46.8350733,-11.6842266],[-46.8349959,-11.6840366],[-46.8349474,-11.6838807],[-46.8350638,-11.6837488],[-46.835025,-11.6836366],[-46.835075,-11.6835238],[-46.8350877,-11.6835179],[-46.8350673,-11.6835752],[-46.8350652,-11.6836595],[-46.8350985,-11.6839092]]],[[[-46.8344619,-11.6833044],[-46.8344484,-11.6832753],[-46.8345286,-11.6832833],[-46.8346099,-11.6832669],[-46.8346825,-11.6832274],[-46.8347399,-11.6831682],[-46.8347475,-11.683153],[-46.8347494,-11.6831667],[-46.8347258,-11.6831949],[-46.8347135,-11.6832512],[-46.8347141,-11.6833527],[-46.834756,-11.6834524],[-46.8347214,-11.6834979],[-46.8346323,-11.6834392],[-46.8345653,-11.6833709],[-46.8344619,-11.6833044]]],[[[-46.834929,-11.6829029],[-46.8349283,-11.6829031],[-46.8349354,-11.683028],[-46.8348149,-11.6830163],[-46.83479,-11.682976],[-46.8347904,-11.6829169],[-46.8348855,-11.6828935],[-46.834929,-11.6829029]]]]}},{"type":"Feature","properties":{"cod_imovel":"TO-1707009-BF20515DB6844BDDBB637E0D3425393E","uf":"TO","municipio":"Dianópolis","bioma":"2","temas_ambi":"Remanescente de Vegetação Nativa","modulos_ru":1.887,"sobreposic":0.0,"sobreposi0":0.0,"sobreposi1":0.0,"sobreposi2":0.0,"sobreposi3":0.0,"tipo_imove":"IRU","situacao_a":"Aguardando análise","status_imo":"AT","nu_retific":0,"dt_atualiz":"2025-09-18","dt_criacao":"2025-09-18","nu_area_im":20.5113,"NOME":"Área de Vegetação Nativa","OS":"OS 04.03","IMOVEL":"Fazenda Lavrinha - Lote 18"},"geometry":{"type":"MultiPolygon","coordinates":[[[[-46.8309925,-11.6912178],[-46.8309458,-11.6911683],[-46.8278956,-11.6898158],[-46.8277667,-11.6897106],[-46.8273542,-11.6891406],[-46.8274044,-11.6883367],[-46.8277056,-11.6877033],[-46.8278217,-11.6876136],[-46.8278804,-11.687632],[-46.827957,-11.6877253],[-46.828829,-11.6873074],[-46.8290588,-11.6872961],[-46.8290239,-11.6875858],[-46.8290293,-11.6876982],[-46.8290986,-11.6879587],[-46.8290923,-11.6880601],[-46.8289729,-11.6882232],[-46.8287196,-11.6882623],[-46.8285899,-11.6887755],[-46.8284198,-11.6889452],[-46.8280924,-11.6887974],[-46.8277655,-11.6887276],[-46.827537,-11.6890491],[-46.8276268,-11.6893189],[-46.8277726,-11.6895678],[-46.828066,-11.6896003],[-46.8284788,-11.6897133],[-46.8288103,-11.6895237],[-46.8289188,-11.6896324],[-46.8290431,-11.6897409],[-46.8291663,-11.6901587],[-46.8292086,-11.6903271],[-46.8293929,-11.6904103],[-46.8299339,-11.6905638],[-46.8301592,-11.6906029],[-46.8305053,-11.6906976],[-46.8307137,-11.6908259],[-46.8309426,-11.6909337],[-46.8310863,-11.6911015],[-46.8312065,-11.691057],[-46.8316541,-11.6906918],[-46.8319301,-11.6902527],[-46.8320234,-11.689971],[-46.8321859,-11.6896201],[-46.832273,-11.6893821],[-46.8322835,-11.6890385],[-46.8322828,-11.6889448],[-46.832237,-11.6887202],[-46.8322549,-11.6885451],[-46.8322853,-11.6883575],[-46.8323089,-11.688095],[-46.8322636,-11.6879516],[-46.8321228,-11.6877463],[-46.8319443,-11.6875913],[-46.8307492,-11.6879222],[-46.8307478,-11.6879138],[-46.8306818,-11.6877883],[-46.8305797,-11.6876889],[-46.8304557,-11.6876276],[-46.8306961,-11.6870643],[-46.8308586,-11.686715],[-46.831191,-11.6861756],[-46.8316913,-11.6856133],[-46.8319922,-11.6851084],[-46.8321745,-11.6848855],[-46.8324174,-11.684709],[-46.8326004,-11.6845829],[-46.8327175,-11.6845509],[-46.8328354,-11.6846501],[-46.83282,-11.6847252],[-46.832846,-11.684825],[-46.8329063,-11.6848371],[-46.8329923,-11.6848928],[-46.8330151,-11.6849926],[-46.8329745,-11.6850772],[-46.8330261,-11.6852205],[-46.8331053,-11.68522],[-46.8332291,-11.6852505],[-46.8332107,-11.6853318],[-46.8332906,-11.6854344],[-46.8333008,-11.6855468],[-46.8332442,-11.6856127],[-46.8332414,-11.6856627],[-46.8333056,-11.6857966],[-46.8334774,-11.6858861],[-46.8336494,-11.6860287],[-46.8337632,-11.685978],[-46.8338446,-11.6860064],[-46.8338215,-11.6861344],[-46.8337552,-11.6861682],[-46.8336544,-11.6862688],[-46.8335901,-11.6863953],[-46.8335686,-11.6865351],[-46.8335919,-11.6866746],[-46.8336579,-11.6868001],[-46.83376,-11.6868995],[-46.8338882,-11.6869629],[-46.8340301,-11.6869841],[-46.8341716,-11.686961],[-46.8342991,-11.686896],[-46.8343998,-11.6867954],[-46.8344641,-11.686669],[-46.8344857,-11.6865292],[-46.8344682,-11.6864249],[-46.8347399,-11.6865496],[-46.8347484,-11.6865706],[-46.8346514,-11.686648],[-46.8346289,-11.6866682],[-46.834519,-11.6867778],[-46.8344246,-11.6868533],[-46.8343195,-11.6869164],[-46.8342893,-11.6869373],[-46.8341686,-11.6870338],[-46.8341461,-11.6870539],[-46.8340256,-11.6871743],[-46.833905,-11.6872946],[-46.8337845,-11.687415],[-46.8337435,-11.6874675],[-46.8336714,-11.6875875],[-46.8336467,-11.6876414],[-46.8335991,-11.6877852],[-46.833589,-11.6878265],[-46.8335682,-11.687955],[-46.8335265,-11.6881022],[-46.8334808,-11.6882404],[-46.8334707,-11.6882817],[-46.8334474,-11.6884253],[-46.8334275,-11.6885479],[-46.8334018,-11.6886255],[-46.8333359,-11.6887078],[-46.833315,-11.6887378],[-46.833243,-11.6888578],[-46.8332183,-11.6889118],[-46.8331707,-11.6890556],[-46.8331571,-11.6891414],[-46.8331581,-11.6892849],[-46.8331589,-11.6894031],[-46.8330877,-11.6894741],[-46.8330234,-11.6896005],[-46.8330019,-11.6897403],[-46.8330253,-11.6898798],[-46.8330818,-11.6899875],[-46.8328934,-11.6899811],[-46.832681,-11.6899762],[-46.8326561,-11.6900357],[-46.832622,-11.6901515],[-46.8325815,-11.6902579],[-46.832541,-11.6903706],[-46.8325037,-11.6904802],[-46.8324757,-11.6905647],[-46.8324197,-11.690715],[-46.8323791,-11.6908059],[-46.8323733,-11.6908965],[-46.8323929,-11.6909744],[-46.8323393,-11.6910279],[-46.8322703,-11.6911408],[-46.8322296,-11.691216],[-46.8321946,-11.691317],[-46.8321116,-11.6914628],[-46.8320962,-11.6915347],[-46.8320022,-11.6916946],[-46.8319653,-11.6918635],[-46.8328756,-11.6924512],[-46.8330147,-11.6924003],[-46.8331156,-11.6923247],[-46.833319,-11.6923984],[-46.8335595,-11.6923531],[-46.8336488,-11.6924275],[-46.8337373,-11.6923957],[-46.8338697,-11.6922887],[-46.8339323,-11.6921696],[-46.8339379,-11.6920508],[-46.8342162,-11.6919678],[-46.8344189,-11.6919478],[-46.8350912,-11.6910439],[-46.8358707,-11.6900581],[-46.8365713,-11.6891724],[-46.8370802,-11.6895048],[-46.8370682,-11.6895135],[-46.8369461,-11.6895904],[-46.8369446,-11.6895913],[-46.8368267,-11.6896668],[-46.8366793,-11.6897563],[-46.8366096,-11.6898168],[-46.836509,-11.6899396],[-46.8364985,-11.6899533],[-46.8364203,-11.6900621],[-46.8364196,-11.6900631],[-46.8363371,-11.690179],[-46.8362508,-11.6902804],[-46.8361735,-11.6903689],[-46.8360729,-11.6904484],[-46.8360067,-11.6905244],[-46.8359119,-11.6906861],[-46.8359076,-11.6906937],[-46.835838,-11.6908219],[-46.8358337,-11.6908301],[-46.8357794,-11.690939],[-46.8357447,-11.6909924],[-46.8356649,-11.6910473],[-46.8355774,-11.6911056],[-46.8354517,-11.6911841],[-46.8353172,-11.6912596],[-46.8352501,-11.6913123],[-46.8351438,-11.6914268],[-46.8351118,-11.6914689],[-46.8350421,-11.6915818],[-46.8350335,-11.6915968],[-46.8349542,-11.6917458],[-46.8349374,-11.6917844],[-46.8348941,-11.6919099],[-46.8348585,-11.6919976],[-46.8347818,-11.6921127],[-46.8347688,-11.6921343],[-46.8347034,-11.6922555],[-46.8346956,-11.6922711],[-46.8346509,-11.6923684],[-46.8345858,-11.6924718],[-46.8345033,-11.6925706],[-46.8344323,-11.6926319],[-46.8343175,-11.6927214],[-46.834237,-11.692783],[-46.8341501,-11.6928159],[-46.8339982,-11.6928638],[-46.8339225,-11.6929012],[-46.8338619,-11.6929594],[-46.8338221,-11.6930331],[-46.8338069,-11.6930762],[-46.8337917,-11.6931597],[-46.8338035,-11.6932438],[-46.8338051,-11.6932471],[-46.8309925,-11.6912178]]],[[[-46.8344041,-11.6859403],[-46.8343967,-11.6859118],[-46.8344159,-11.6859582],[-46.8345445,-11.6857419],[-46.8345747,-11.6855168],[-46.8345708,-11.6853401],[-46.8346065,-11.6852806],[-46.8346127,-11.6852458],[-46.834636,-11.6852102],[-46.8348226,-11.6851528],[-46.8350439,-11.6850671],[-46.8352439,-11.6851064],[-46.8353147,-11.6852746],[-46.8352712,-11.6854092],[-46.8351705,-11.6855254],[-46.8350161,-11.6856545],[-46.8348966,-11.6857927],[-46.8347615,-11.6859685],[-46.8345665,-11.6862009],[-46.8344316,-11.6863311],[-46.8343963,-11.6862641],[-46.8343629,-11.6862316],[-46.8344015,-11.686017],[-46.8344041,-11.6859403]]],[[[-46.8350985,-11.6839092],[-46.8351279,-11.6840004],[-46.8351877,-11.6840758],[-46.8352702,-11.6841261],[-46.8358089,-11.6843357],[-46.8359046,-11.6843855],[-46.8358718,-11.6844264],[-46.8357684,-11.6845555],[-46.8356483,-11.6844479],[-46.83548,-11.6843927],[-46.835372,-11.6843465],[-46.8352516,-11.6843536],[-46.8350733,-11.6842266],[-46.8349959,-11.6840366],[-46.8349474,-11.6838807],[-46.8350638,-11.6837488],[-46.835025,-11.6836366],[-46.835075,-11.6835238],[-46.8350877,-11.6835179],[-46.8350673,-11.6835752],[-46.8350652,-11.6836595],[-46.8350985,-11.6839092]]],[[[-46.8344619,-11.6833044],[-46.8344484,-11.6832753],[-46.8345286,-11.6832833],[-46.8346099,-11.6832669],[-46.8346825,-11.6832274],[-46.8347399,-11.6831682],[-46.8347475,-11.683153],[-46.8347494,-11.6831667],[-46.8347258,-11.6831949],[-46.8347135,-11.6832512],[-46.8347141,-11.6833527],[-46.834756,-11.6834524],[-46.8347214,-11.6834979],[-46.8346323,-11.6834392],[-46.8345653,-11.6833709],[-46.8344619,-11.6833044]]],[[[-46.834929,-11.6829029],[-46.8349283,-11.6829031],[-46.8349354,-11.683028],[-46.8348149,-11.6830163],[-46.83479,-11.682976],[-46.8347904,-11.6829169],[-46.8348855,-11.6828935],[-46.834929,-11.6829029]]]]}},{"type":"Feature","properties":{"cod_tema":"AREA_CONSOLIDADA","nom_tema":"Area Consolidada","cod_imovel":"TO-1707009-BF20515DB6844BDDBB637E0D3425393E","num_area":43.1154,"ind_status":"AT","des_condic":"Aguardando analise","NOME":"Área Consolidada","OS":"OS 04.03","IMOVEL":"Fazenda Lavrinha - Lote 18"},"geometry":{"type":"MultiPolygon","coordinates":[[[[-46.8307492,-11.6879222],[-46.8319443,-11.6875913],[-46.8321228,-11.6877463],[-46.8322636,-11.6879516],[-46.8323089,-11.688095],[-46.8322853,-11.6883575],[-46.8322549,-11.6885451],[-46.832237,-11.6887202],[-46.8322828,-11.6889448],[-46.8322835,-11.6890385],[-46.832273,-11.6893821],[-46.8321859,-11.6896201],[-46.8320234,-11.689971],[-46.8319301,-11.6902527],[-46.8316541,-11.6906918],[-46.8312065,-11.691057],[-46.8310863,-11.6911015],[-46.8309426,-11.6909337],[-46.8307137,-11.6908259],[-46.8305053,-11.6906976],[-46.8301592,-11.6906029],[-46.8299339,-11.6905638],[-46.8293929,-11.6904103],[-46.8292086,-11.6903271],[-46.8291663,-11.6901587],[-46.8290431,-11.6897409],[-46.8289188,-11.6896324],[-46.8288103,-11.6895237],[-46.8284788,-11.6897133],[-46.828066,-11.6896003],[-46.8277726,-11.6895678],[-46.8276268,-11.6893189],[-46.8275876,-11.6891504],[-46.8275835,-11.6890036],[-46.8275976,-11.6889639],[-46.8277655,-11.6887276],[-46.8280924,-11.6887974],[-46.8282864,-11.6889023],[-46.8284198,-11.6889452],[-46.8285899,-11.6887755],[-46.8286781,-11.6884263],[-46.8286826,-11.6884125],[-46.8287196,-11.6882623],[-46.8289729,-11.6882232],[-46.8290923,-11.6880601],[-46.829135,-11.6880386],[-46.8291922,-11.6881011],[-46.8292678,-11.6881437],[-46.8297536,-11.6883239],[-46.829859,-11.6883411],[-46.8299576,-11.6883381],[-46.8300455,-11.6884236],[-46.8301737,-11.688487],[-46.8303156,-11.6885082],[-46.8304571,-11.6884852],[-46.8305845,-11.6884202],[-46.8306853,-11.6883196],[-46.8307496,-11.6881932],[-46.8307712,-11.6880534],[-46.8307492,-11.6879222]]],[[[-46.8282173,-11.6868177],[-46.8286836,-11.6856694],[-46.8287148,-11.6857519],[-46.8287452,-11.6858099],[-46.8287888,-11.6858591],[-46.8289385,-11.6859914],[-46.8290297,-11.686165],[-46.8290289,-11.6863705],[-46.8290304,-11.6863995],[-46.8290827,-11.6868962],[-46.8290749,-11.6872767],[-46.8290737,-11.6872842],[-46.828829,-11.6873074],[-46.827957,-11.6877253],[-46.8278804,-11.687632],[-46.8279044,-11.6874382],[-46.8279668,-11.6872754],[-46.8280291,-11.6871126],[-46.8281039,-11.6869247],[-46.8282173,-11.6868177]]],[[[-46.8337399,-11.6853237],[-46.833735,-11.6853549],[-46.8337296,-11.685367],[-46.8337215,-11.6854556],[-46.8337416,-11.6857169],[-46.8337617,-11.6858001],[-46.8338457,-11.6860002],[-46.8338446,-11.6860064],[-46.8337632,-11.685978],[-46.8336494,-11.6860287],[-46.8334774,-11.6858861],[-46.8333056,-11.6857966],[-46.8332414,-11.6856627],[-46.8332442,-11.6856127],[-46.8333008,-11.6855468],[-46.8332906,-11.6854344],[-46.8332107,-11.6853318],[-46.8332291,-11.6852505],[-46.8331053,-11.68522],[-46.8330261,-11.6852205],[-46.8329745,-11.6850772],[-46.8330151,-11.6849926],[-46.8329923,-11.6848928],[-46.8329063,-11.6848371],[-46.832846,-11.684825],[-46.83282,-11.6847252],[-46.8328354,-11.6846501],[-46.8327175,-11.6845509],[-46.8326004,-11.6845829],[-46.8324174,-11.684709],[-46.8321745,-11.6848855],[-46.8319922,-11.6851084],[-46.8316913,-11.6856133],[-46.831191,-11.6861756],[-46.8308586,-11.686715],[-46.8306961,-11.6870643],[-46.8304557,-11.6876276],[-46.8304515,-11.6876255],[-46.8303096,-11.6876043],[-46.8301681,-11.6876274],[-46.8300407,-11.6876924],[-46.8299399,-11.687793],[-46.8299383,-11.6877961],[-46.8298964,-11.6877974],[-46.8295948,-11.6876855],[-46.8295764,-11.6876162],[-46.8296212,-11.687345],[-46.8296247,-11.6873069],[-46.8296332,-11.6868903],[-46.8296318,-11.6868568],[-46.8295793,-11.686358],[-46.8295802,-11.6861004],[-46.8295725,-11.6860357],[-46.8295494,-11.6859746],[-46.8294039,-11.6856979],[-46.8293434,-11.6856209],[-46.8292068,-11.6855001],[-46.8291252,-11.6852841],[-46.8291839,-11.6851473],[-46.8293712,-11.6847413],[-46.8293935,-11.6846651],[-46.8293924,-11.6845858],[-46.8293754,-11.6845329],[-46.8293932,-11.6845121],[-46.8294257,-11.6844297],[-46.8294664,-11.6842389],[-46.829471,-11.6841629],[-46.8294941,-11.6841508],[-46.8295357,-11.6841016],[-46.8295561,-11.6841028],[-46.8296494,-11.6840747],[-46.8297269,-11.6840163],[-46.8298881,-11.6838423],[-46.8300348,-11.6837238],[-46.8300704,-11.6837397],[-46.8301515,-11.683762],[-46.8302357,-11.683759],[-46.8303151,-11.683731],[-46.8303821,-11.6836807],[-46.8304305,-11.6836128],[-46.8304558,-11.6835336],[-46.8304558,-11.6835236],[-46.8304738,-11.6834791],[-46.8304987,-11.6833647],[-46.8305558,-11.68334],[-46.8306148,-11.6832917],[-46.8306579,-11.6832292],[-46.8306715,-11.6831884],[-46.8307041,-11.6831779],[-46.8307728,-11.6831446],[-46.8308296,-11.6830939],[-46.8308801,-11.6830342],[-46.8311625,-11.6830706],[-46.8312433,-11.6830693],[-46.8313201,-11.6830449],[-46.8313865,-11.6829995],[-46.8314366,-11.6829372],[-46.8314576,-11.6828846],[-46.8314631,-11.6828803],[-46.8315376,-11.6828782],[-46.831631,-11.6828573],[-46.8316778,-11.6828423],[-46.8317751,-11.6828015],[-46.8318082,-11.6828223],[-46.8319026,-11.6828425],[-46.8319982,-11.6828293],[-46.8320833,-11.6827845],[-46.8322536,-11.6826522],[-46.8323055,-11.6825991],[-46.8323197,-11.6825731],[-46.8323444,-11.682651],[-46.8323906,-11.6827376],[-46.832465,-11.6828024],[-46.8325578,-11.682837],[-46.8326671,-11.6828566],[-46.8329493,-11.6831337],[-46.8329769,-11.6831574],[-46.8330534,-11.6832147],[-46.8330949,-11.6832404],[-46.8331807,-11.6832836],[-46.8331846,-11.6832849],[-46.8331851,-11.6832854],[-46.833257,-11.6833231],[-46.8333874,-11.6833686],[-46.8333792,-11.6834833],[-46.8333849,-11.6835601],[-46.8334123,-11.6836323],[-46.8334591,-11.6836939],[-46.8335217,-11.6837401],[-46.8336165,-11.6837913],[-46.833616,-11.6837986],[-46.8335572,-11.6838793],[-46.8335197,-11.6839516],[-46.8335056,-11.6840316],[-46.8335013,-11.6842291],[-46.8335198,-11.6843329],[-46.833577,-11.6844219],[-46.833701,-11.6845503],[-46.8336762,-11.6846734],[-46.833673,-11.6847594],[-46.8336973,-11.6848421],[-46.8337467,-11.6849131],[-46.8338161,-11.6849652],[-46.833957,-11.6850396],[-46.8340309,-11.6851337],[-46.8340268,-11.6851382],[-46.8339072,-11.6851784],[-46.8338277,-11.6852205],[-46.8337663,-11.6852857],[-46.8337509,-11.6853198],[-46.8337399,-11.6853237]]],[[[-46.8341999,-11.6877722],[-46.8342966,-11.6876756],[-46.83429,-11.6876822],[-46.8365713,-11.6891724],[-46.8358707,-11.6900581],[-46.8350912,-11.6910439],[-46.8344189,-11.6919478],[-46.8342162,-11.6919678],[-46.8339379,-11.6920508],[-46.8339323,-11.6921696],[-46.8338697,-11.6922887],[-46.8337373,-11.6923957],[-46.8336488,-11.6924275],[-46.8335595,-11.6923531],[-46.833319,-11.6923984],[-46.8331156,-11.6923247],[-46.8330147,-11.6924003],[-46.8328756,-11.6924512],[-46.8319653,-11.6918635],[-46.8320022,-11.6916946],[-46.8320962,-11.6915347],[-46.8321116,-11.6914628],[-46.8321946,-11.691317],[-46.8322296,-11.691216],[-46.8322703,-11.6911408],[-46.8323393,-11.6910279],[-46.8323929,-11.6909744],[-46.8323733,-11.6908965],[-46.8323791,-11.6908059],[-46.8324197,-11.690715],[-46.8324757,-11.6905647],[-46.8325037,-11.6904802],[-46.832541,-11.6903706],[-46.8325815,-11.6902579],[-46.832622,-11.6901515],[-46.8326561,-11.6900357],[-46.832681,-11.6899762],[-46.8328934,-11.6899811],[-46.8330818,-11.6899875],[-46.8330912,-11.6900054],[-46.8331933,-11.6901047],[-46.8333216,-11.6901681],[-46.8334634,-11.6901893],[-46.833605,-11.6901663],[-46.8337324,-11.6901013],[-46.8338332,-11.6900006],[-46.8338975,-11.6898742],[-46.833919,-11.6897344],[-46.8338957,-11.6895949],[-46.8338297,-11.6894694],[-46.8337276,-11.68937],[-46.8337089,-11.6893608],[-46.8337083,-11.6892814],[-46.8337077,-11.6891819],[-46.8337321,-11.6891082],[-46.8337793,-11.6890295],[-46.8338641,-11.6889236],[-46.8339097,-11.6888397],[-46.8339573,-11.6886959],[-46.8339674,-11.6886546],[-46.8339907,-11.688511],[-46.8340106,-11.6883884],[-46.8340515,-11.6882648],[-46.834055,-11.6882535],[-46.8341024,-11.6880858],[-46.8341091,-11.6880558],[-46.834129,-11.6879332],[-46.8341605,-11.6878379],[-46.8341999,-11.6877722]]],[[[-46.834636,-11.6852102],[-46.8346127,-11.6852458],[-46.8346235,-11.6851847],[-46.8346051,-11.685089],[-46.8345333,-11.6849059],[-46.8344942,-11.6848376],[-46.8343562,-11.6846619],[-46.8342686,-11.6845888],[-46.8342556,-11.684582],[-46.8342597,-11.6845617],[-46.8342637,-11.6844838],[-46.8342451,-11.684408],[-46.8342078,-11.6843164],[-46.8341518,-11.6842305],[-46.8340539,-11.6841291],[-46.8340539,-11.6841274],[-46.834109,-11.6840518],[-46.8341446,-11.6839849],[-46.8341601,-11.6839109],[-46.8341694,-11.6837674],[-46.8342089,-11.6836491],[-46.8342227,-11.6835634],[-46.8342083,-11.6834777],[-46.8341672,-11.6834009],[-46.8341036,-11.6833409],[-46.8340239,-11.6833038],[-46.8339442,-11.6832943],[-46.8339518,-11.6831873],[-46.8339893,-11.6831859],[-46.8340659,-11.6831599],[-46.83408,-11.6831497],[-46.8341223,-11.6832007],[-46.8341909,-11.6832456],[-46.8342698,-11.6832685],[-46.834281,-11.68327],[-46.8343229,-11.6832724],[-46.8344282,-11.6832706],[-46.834446,-11.6832751],[-46.8344484,-11.6832753],[-46.8344619,-11.6833044],[-46.8345653,-11.6833709],[-46.8346323,-11.6834392],[-46.8347214,-11.6834979],[-46.834756,-11.6834524],[-46.8347141,-11.6833527],[-46.8347135,-11.6832512],[-46.8347258,-11.6831949],[-46.8347494,-11.6831667],[-46.8347475,-11.683153],[-46.8347768,-11.683095],[-46.8347898,-11.6830142],[-46.83479,-11.682976],[-46.8348149,-11.6830163],[-46.8349354,-11.683028],[-46.8349283,-11.6829031],[-46.834929,-11.6829029],[-46.8350479,-11.6829285],[-46.8350816,-11.6829336],[-46.8351559,-11.6829403],[-46.8351703,-11.6830529],[-46.8351963,-11.6831384],[-46.8352428,-11.6832026],[-46.8352418,-11.6832648],[-46.835251,-11.6833307],[-46.8351476,-11.6834284],[-46.8350957,-11.6834956],[-46.8350877,-11.6835179],[-46.835075,-11.6835238],[-46.835025,-11.6836366],[-46.8350638,-11.6837488],[-46.8349474,-11.6838807],[-46.8349959,-11.6840366],[-46.8350733,-11.6842266],[-46.8352516,-11.6843536],[-46.835372,-11.6843465],[-46.83548,-11.6843927],[-46.8356483,-11.6844479],[-46.8357684,-11.6845555],[-46.8357114,-11.6846268],[-46.8356905,-11.6846568],[-46.8356185,-11.6847768],[-46.8355836,-11.684872],[-46.8355603,-11.6850156],[-46.835537,-11.6851593],[-46.8355171,-11.6852819],[-46.8354762,-11.6854055],[-46.8354286,-11.6855493],[-46.8353904,-11.6856648],[-46.8353338,-11.6857592],[-46.8352618,-11.6858793],[-46.8351992,-11.6859836],[-46.8351144,-11.6860895],[-46.8350834,-11.6861378],[-46.8350244,-11.686256],[-46.8350148,-11.686268],[-46.8349603,-11.6863296],[-46.8347399,-11.6865496],[-46.8344682,-11.6864249],[-46.8344623,-11.6863897],[-46.8344316,-11.6863311],[-46.8345665,-11.6862009],[-46.8347615,-11.6859685],[-46.8348966,-11.6857927],[-46.8350161,-11.6856545],[-46.8351705,-11.6855254],[-46.8352712,-11.6854092],[-46.8353147,-11.6852746],[-46.8352439,-11.6851064],[-46.8350439,-11.6850671],[-46.8348226,-11.6851528],[-46.834636,-11.6852102]]],[[[-46.8344159,-11.6859582],[-46.8343967,-11.6859118],[-46.8343849,-11.685866],[-46.834287,-11.6856328],[-46.8342862,-11.6856224],[-46.8343395,-11.6855963],[-46.8343938,-11.685549],[-46.8345562,-11.6853644],[-46.8345708,-11.6853401],[-46.8345747,-11.6855168],[-46.8345445,-11.6857419],[-46.8344159,-11.6859582]]]]}},{"type":"Feature","properties":{"cod_imovel":"TO-1707009-BF20515DB6844BDDBB637E0D3425393E","uf":"TO","municipio":"Dianópolis","bioma":"2","temas_ambi":"Área Consolidada","modulos_ru":1.887,"sobreposic":0.0,"sobreposi0":0.0,"sobreposi1":0.0,"sobreposi2":0.0,"sobreposi3":0.0,"tipo_imove":"IRU","situacao_a":"Aguardando análise","status_imo":"AT","nu_retific":0,"dt_atualiz":"2025-09-18","dt_criacao":"2025-09-18","nu_area_im":43.1154,"NOME":"Área Consolidada","OS":"OS 04.03","IMOVEL":"Fazenda Lavrinha - Lote 18"},"geometry":{"type":"MultiPolygon","coordinates":[[[[-46.8307492,-11.6879222],[-46.8319443,-11.6875913],[-46.8321228,-11.6877463],[-46.8322636,-11.6879516],[-46.8323089,-11.688095],[-46.8322853,-11.6883575],[-46.8322549,-11.6885451],[-46.832237,-11.6887202],[-46.8322828,-11.6889448],[-46.8322835,-11.6890385],[-46.832273,-11.6893821],[-46.8321859,-11.6896201],[-46.8320234,-11.689971],[-46.8319301,-11.6902527],[-46.8316541,-11.6906918],[-46.8312065,-11.691057],[-46.8310863,-11.6911015],[-46.8309426,-11.6909337],[-46.8307137,-11.6908259],[-46.8305053,-11.6906976],[-46.8301592,-11.6906029],[-46.8299339,-11.6905638],[-46.8293929,-11.6904103],[-46.8292086,-11.6903271],[-46.8291663,-11.6901587],[-46.8290431,-11.6897409],[-46.8289188,-11.6896324],[-46.8288103,-11.6895237],[-46.8284788,-11.6897133],[-46.828066,-11.6896003],[-46.8277726,-11.6895678],[-46.8276268,-11.6893189],[-46.8275876,-11.6891504],[-46.8275835,-11.6890036],[-46.8275976,-11.6889639],[-46.8277655,-11.6887276],[-46.8280924,-11.6887974],[-46.8282864,-11.6889023],[-46.8284198,-11.6889452],[-46.8285899,-11.6887755],[-46.8286781,-11.6884263],[-46.8286826,-11.6884125],[-46.8287196,-11.6882623],[-46.8289729,-11.6882232],[-46.8290923,-11.6880601],[-46.829135,-11.6880386],[-46.8291922,-11.6881011],[-46.8292678,-11.6881437],[-46.8297536,-11.6883239],[-46.829859,-11.6883411],[-46.8299576,-11.6883381],[-46.8300455,-11.6884236],[-46.8301737,-11.688487],[-46.8303156,-11.6885082],[-46.8304571,-11.6884852],[-46.8305845,-11.6884202],[-46.8306853,-11.6883196],[-46.8307496,-11.6881932],[-46.8307712,-11.6880534],[-46.8307492,-11.6879222]]],[[[-46.8282173,-11.6868177],[-46.8286836,-11.6856694],[-46.8287148,-11.6857519],[-46.8287452,-11.6858099],[-46.8287888,-11.6858591],[-46.8289385,-11.6859914],[-46.8290297,-11.686165],[-46.8290289,-11.6863705],[-46.8290304,-11.6863995],[-46.8290827,-11.6868962],[-46.8290749,-11.6872767],[-46.8290737,-11.6872842],[-46.828829,-11.6873074],[-46.827957,-11.6877253],[-46.8278804,-11.687632],[-46.8279044,-11.6874382],[-46.8279668,-11.6872754],[-46.8280291,-11.6871126],[-46.8281039,-11.6869247],[-46.8282173,-11.6868177]]],[[[-46.8337399,-11.6853237],[-46.833735,-11.6853549],[-46.8337296,-11.685367],[-46.8337215,-11.6854556],[-46.8337416,-11.6857169],[-46.8337617,-11.6858001],[-46.8338457,-11.6860002],[-46.8338446,-11.6860064],[-46.8337632,-11.685978],[-46.8336494,-11.6860287],[-46.8334774,-11.6858861],[-46.8333056,-11.6857966],[-46.8332414,-11.6856627],[-46.8332442,-11.6856127],[-46.8333008,-11.6855468],[-46.8332906,-11.6854344],[-46.8332107,-11.6853318],[-46.8332291,-11.6852505],[-46.8331053,-11.68522],[-46.8330261,-11.6852205],[-46.8329745,-11.6850772],[-46.8330151,-11.6849926],[-46.8329923,-11.6848928],[-46.8329063,-11.6848371],[-46.832846,-11.684825],[-46.83282,-11.6847252],[-46.8328354,-11.6846501],[-46.8327175,-11.6845509],[-46.8326004,-11.6845829],[-46.8324174,-11.684709],[-46.8321745,-11.6848855],[-46.8319922,-11.6851084],[-46.8316913,-11.6856133],[-46.831191,-11.6861756],[-46.8308586,-11.686715],[-46.8306961,-11.6870643],[-46.8304557,-11.6876276],[-46.8304515,-11.6876255],[-46.8303096,-11.6876043],[-46.8301681,-11.6876274],[-46.8300407,-11.6876924],[-46.8299399,-11.687793],[-46.8299383,-11.6877961],[-46.8298964,-11.6877974],[-46.8295948,-11.6876855],[-46.8295764,-11.6876162],[-46.8296212,-11.687345],[-46.8296247,-11.6873069],[-46.8296332,-11.6868903],[-46.8296318,-11.6868568],[-46.8295793,-11.686358],[-46.8295802,-11.6861004],[-46.8295725,-11.6860357],[-46.8295494,-11.6859746],[-46.8294039,-11.6856979],[-46.8293434,-11.6856209],[-46.8292068,-11.6855001],[-46.8291252,-11.6852841],[-46.8291839,-11.6851473],[-46.8293712,-11.6847413],[-46.8293935,-11.6846651],[-46.8293924,-11.6845858],[-46.8293754,-11.6845329],[-46.8293932,-11.6845121],[-46.8294257,-11.6844297],[-46.8294664,-11.6842389],[-46.829471,-11.6841629],[-46.8294941,-11.6841508],[-46.8295357,-11.6841016],[-46.8295561,-11.6841028],[-46.8296494,-11.6840747],[-46.8297269,-11.6840163],[-46.8298881,-11.6838423],[-46.8300348,-11.6837238],[-46.8300704,-11.6837397],[-46.8301515,-11.683762],[-46.8302357,-11.683759],[-46.8303151,-11.683731],[-46.8303821,-11.6836807],[-46.8304305,-11.6836128],[-46.8304558,-11.6835336],[-46.8304558,-11.6835236],[-46.8304738,-11.6834791],[-46.8304987,-11.6833647],[-46.8305558,-11.68334],[-46.8306148,-11.6832917],[-46.8306579,-11.6832292],[-46.8306715,-11.6831884],[-46.8307041,-11.6831779],[-46.8307728,-11.6831446],[-46.8308296,-11.6830939],[-46.8308801,-11.6830342],[-46.8311625,-11.6830706],[-46.8312433,-11.6830693],[-46.8313201,-11.6830449],[-46.8313865,-11.6829995],[-46.8314366,-11.6829372],[-46.8314576,-11.6828846],[-46.8314631,-11.6828803],[-46.8315376,-11.6828782],[-46.831631,-11.6828573],[-46.8316778,-11.6828423],[-46.8317751,-11.6828015],[-46.8318082,-11.6828223],[-46.8319026,-11.6828425],[-46.8319982,-11.6828293],[-46.8320833,-11.6827845],[-46.8322536,-11.6826522],[-46.8323055,-11.6825991],[-46.8323197,-11.6825731],[-46.8323444,-11.682651],[-46.8323906,-11.6827376],[-46.832465,-11.6828024],[-46.8325578,-11.682837],[-46.8326671,-11.6828566],[-46.8329493,-11.6831337],[-46.8329769,-11.6831574],[-46.8330534,-11.6832147],[-46.8330949,-11.6832404],[-46.8331807,-11.6832836],[-46.8331846,-11.6832849],[-46.8331851,-11.6832854],[-46.833257,-11.6833231],[-46.8333874,-11.6833686],[-46.8333792,-11.6834833],[-46.8333849,-11.6835601],[-46.8334123,-11.6836323],[-46.8334591,-11.6836939],[-46.8335217,-11.6837401],[-46.8336165,-11.6837913],[-46.833616,-11.6837986],[-46.8335572,-11.6838793],[-46.8335197,-11.6839516],[-46.8335056,-11.6840316],[-46.8335013,-11.6842291],[-46.8335198,-11.6843329],[-46.833577,-11.6844219],[-46.833701,-11.6845503],[-46.8336762,-11.6846734],[-46.833673,-11.6847594],[-46.8336973,-11.6848421],[-46.8337467,-11.6849131],[-46.8338161,-11.6849652],[-46.833957,-11.6850396],[-46.8340309,-11.6851337],[-46.8340268,-11.6851382],[-46.8339072,-11.6851784],[-46.8338277,-11.6852205],[-46.8337663,-11.6852857],[-46.8337509,-11.6853198],[-46.8337399,-11.6853237]]],[[[-46.8341999,-11.6877722],[-46.8342966,-11.6876756],[-46.83429,-11.6876822],[-46.8365713,-11.6891724],[-46.8358707,-11.6900581],[-46.8350912,-11.6910439],[-46.8344189,-11.6919478],[-46.8342162,-11.6919678],[-46.8339379,-11.6920508],[-46.8339323,-11.6921696],[-46.8338697,-11.6922887],[-46.8337373,-11.6923957],[-46.8336488,-11.6924275],[-46.8335595,-11.6923531],[-46.833319,-11.6923984],[-46.8331156,-11.6923247],[-46.8330147,-11.6924003],[-46.8328756,-11.6924512],[-46.8319653,-11.6918635],[-46.8320022,-11.6916946],[-46.8320962,-11.6915347],[-46.8321116,-11.6914628],[-46.8321946,-11.691317],[-46.8322296,-11.691216],[-46.8322703,-11.6911408],[-46.8323393,-11.6910279],[-46.8323929,-11.6909744],[-46.8323733,-11.6908965],[-46.8323791,-11.6908059],[-46.8324197,-11.690715],[-46.8324757,-11.6905647],[-46.8325037,-11.6904802],[-46.832541,-11.6903706],[-46.8325815,-11.6902579],[-46.832622,-11.6901515],[-46.8326561,-11.6900357],[-46.832681,-11.6899762],[-46.8328934,-11.6899811],[-46.8330818,-11.6899875],[-46.8330912,-11.6900054],[-46.8331933,-11.6901047],[-46.8333216,-11.6901681],[-46.8334634,-11.6901893],[-46.833605,-11.6901663],[-46.8337324,-11.6901013],[-46.8338332,-11.6900006],[-46.8338975,-11.6898742],[-46.833919,-11.6897344],[-46.8338957,-11.6895949],[-46.8338297,-11.6894694],[-46.8337276,-11.68937],[-46.8337089,-11.6893608],[-46.8337083,-11.6892814],[-46.8337077,-11.6891819],[-46.8337321,-11.6891082],[-46.8337793,-11.6890295],[-46.8338641,-11.6889236],[-46.8339097,-11.6888397],[-46.8339573,-11.6886959],[-46.8339674,-11.6886546],[-46.8339907,-11.688511],[-46.8340106,-11.6883884],[-46.8340515,-11.6882648],[-46.834055,-11.6882535],[-46.8341024,-11.6880858],[-46.8341091,-11.6880558],[-46.834129,-11.6879332],[-46.8341605,-11.6878379],[-46.8341999,-11.6877722]]],[[[-46.834636,-11.6852102],[-46.8346127,-11.6852458],[-46.8346235,-11.6851847],[-46.8346051,-11.685089],[-46.8345333,-11.6849059],[-46.8344942,-11.6848376],[-46.8343562,-11.6846619],[-46.8342686,-11.6845888],[-46.8342556,-11.684582],[-46.8342597,-11.6845617],[-46.8342637,-11.6844838],[-46.8342451,-11.684408],[-46.8342078,-11.6843164],[-46.8341518,-11.6842305],[-46.8340539,-11.6841291],[-46.8340539,-11.6841274],[-46.834109,-11.6840518],[-46.8341446,-11.6839849],[-46.8341601,-11.6839109],[-46.8341694,-11.6837674],[-46.8342089,-11.6836491],[-46.8342227,-11.6835634],[-46.8342083,-11.6834777],[-46.8341672,-11.6834009],[-46.8341036,-11.6833409],[-46.8340239,-11.6833038],[-46.8339442,-11.6832943],[-46.8339518,-11.6831873],[-46.8339893,-11.6831859],[-46.8340659,-11.6831599],[-46.83408,-11.6831497],[-46.8341223,-11.6832007],[-46.8341909,-11.6832456],[-46.8342698,-11.6832685],[-46.834281,-11.68327],[-46.8343229,-11.6832724],[-46.8344282,-11.6832706],[-46.834446,-11.6832751],[-46.8344484,-11.6832753],[-46.8344619,-11.6833044],[-46.8345653,-11.6833709],[-46.8346323,-11.6834392],[-46.8347214,-11.6834979],[-46.834756,-11.6834524],[-46.8347141,-11.6833527],[-46.8347135,-11.6832512],[-46.8347258,-11.6831949],[-46.8347494,-11.6831667],[-46.8347475,-11.683153],[-46.8347768,-11.683095],[-46.8347898,-11.6830142],[-46.83479,-11.682976],[-46.8348149,-11.6830163],[-46.8349354,-11.683028],[-46.8349283,-11.6829031],[-46.834929,-11.6829029],[-46.8350479,-11.6829285],[-46.8350816,-11.6829336],[-46.8351559,-11.6829403],[-46.8351703,-11.6830529],[-46.8351963,-11.6831384],[-46.8352428,-11.6832026],[-46.8352418,-11.6832648],[-46.835251,-11.6833307],[-46.8351476,-11.6834284],[-46.8350957,-11.6834956],[-46.8350877,-11.6835179],[-46.835075,-11.6835238],[-46.835025,-11.6836366],[-46.8350638,-11.6837488],[-46.8349474,-11.6838807],[-46.8349959,-11.6840366],[-46.8350733,-11.6842266],[-46.8352516,-11.6843536],[-46.835372,-11.6843465],[-46.83548,-11.6843927],[-46.8356483,-11.6844479],[-46.8357684,-11.6845555],[-46.8357114,-11.6846268],[-46.8356905,-11.6846568],[-46.8356185,-11.6847768],[-46.8355836,-11.684872],[-46.8355603,-11.6850156],[-46.835537,-11.6851593],[-46.8355171,-11.6852819],[-46.8354762,-11.6854055],[-46.8354286,-11.6855493],[-46.8353904,-11.6856648],[-46.8353338,-11.6857592],[-46.8352618,-11.6858793],[-46.8351992,-11.6859836],[-46.8351144,-11.6860895],[-46.8350834,-11.6861378],[-46.8350244,-11.686256],[-46.8350148,-11.686268],[-46.8349603,-11.6863296],[-46.8347399,-11.6865496],[-46.8344682,-11.6864249],[-46.8344623,-11.6863897],[-46.8344316,-11.6863311],[-46.8345665,-11.6862009],[-46.8347615,-11.6859685],[-46.8348966,-11.6857927],[-46.8350161,-11.6856545],[-46.8351705,-11.6855254],[-46.8352712,-11.6854092],[-46.8353147,-11.6852746],[-46.8352439,-11.6851064],[-46.8350439,-11.6850671],[-46.8348226,-11.6851528],[-46.834636,-11.6852102]]],[[[-46.8344159,-11.6859582],[-46.8343967,-11.6859118],[-46.8343849,-11.685866],[-46.834287,-11.6856328],[-46.8342862,-11.6856224],[-46.8343395,-11.6855963],[-46.8343938,-11.685549],[-46.8345562,-11.6853644],[-46.8345708,-11.6853401],[-46.8345747,-11.6855168],[-46.8345445,-11.6857419],[-46.8344159,-11.6859582]]]]}},{"type":"Feature","properties":{"cod_tema":"RIO_ATE_10","nom_tema":"Curso d'agua natural de ate 10 metros","cod_imovel":"TO-1707009-BF20515DB6844BDDBB637E0D3425393E","ind_status":"AT","des_condic":"Aguardando analise","NOME":"Hidrografia do Imóvel","OS":"OS 04.03","IMOVEL":"Fazenda Lavrinha - Lote 18"},"geometry":{"type":"MultiPolygon","coordinates":[[[[-46.8383022,-11.6823924],[-46.8383021,-11.6823942],[-46.8383017,-11.6823959],[-46.8383009,-11.6823974],[-46.8382999,-11.6823988],[-46.8380703,-11.682658],[-46.8380691,-11.6826591],[-46.8380677,-11.68266],[-46.8380662,-11.6826607],[-46.8380646,-11.682661],[-46.8377783,-11.682694],[-46.8372355,-11.6827935],[-46.8371218,-11.6830368],[-46.837121,-11.6830382],[-46.83712,-11.6830394],[-46.8371187,-11.6830404],[-46.8371173,-11.6830412],[-46.8369987,-11.6830939],[-46.8371689,-11.6832341],[-46.8371702,-11.6832354],[-46.8371712,-11.6832369],[-46.8371719,-11.6832387],[-46.8371722,-11.6832405],[-46.8371721,-11.6832423],[-46.8371717,-11.6832441],[-46.8371709,-11.6832457],[-46.8371698,-11.6832472],[-46.8371684,-11.6832484],[-46.8371668,-11.6832493],[-46.837165,-11.6832499],[-46.8368637,-11.683313],[-46.8368881,-11.6834408],[-46.8369358,-11.683541],[-46.8369365,-11.6835429],[-46.8369367,-11.683545],[-46.8369364,-11.683547],[-46.8369087,-11.6836612],[-46.8369081,-11.6836628],[-46.8369073,-11.6836642],[-46.8369063,-11.6836655],[-46.836905,-11.6836665],[-46.8369036,-11.6836673],[-46.836902,-11.6836678],[-46.8369004,-11.6836681],[-46.836654,-11.6836802],[-46.8366603,-11.6837444],[-46.8368237,-11.6838488],[-46.836825,-11.6838499],[-46.8368262,-11.6838512],[-46.836827,-11.6838527],[-46.8368276,-11.6838544],[-46.8368278,-11.6838561],[-46.8368277,-11.6838578],[-46.8368048,-11.6839954],[-46.8368044,-11.6839972],[-46.8368036,-11.6839988],[-46.8368025,-11.6840002],[-46.8368011,-11.6840013],[-46.8367996,-11.6840022],[-46.8367979,-11.6840028],[-46.8367961,-11.684003],[-46.8367943,-11.6840028],[-46.8367926,-11.6840023],[-46.836791,-11.6840015],[-46.8367097,-11.6839483],[-46.8366988,-11.6842402],[-46.8366986,-11.6842419],[-46.836698,-11.6842435],[-46.8366972,-11.684245],[-46.8366961,-11.6842463],[-46.8366947,-11.6842474],[-46.8366932,-11.6842482],[-46.8365288,-11.6843148],[-46.8365272,-11.6843153],[-46.8365255,-11.6843155],[-46.8365237,-11.6843153],[-46.8365221,-11.6843148],[-46.8365206,-11.6843141],[-46.8365192,-11.684313],[-46.8364095,-11.6842071],[-46.8362553,-11.6843998],[-46.8360948,-11.6846001],[-46.8359347,-11.6847999],[-46.8358639,-11.684918],[-46.8358409,-11.6850599],[-46.8358176,-11.6852036],[-46.8357943,-11.6853472],[-46.8357939,-11.6853486],[-46.8357463,-11.6854924],[-46.8356987,-11.6856362],[-46.8356512,-11.68578],[-46.8356503,-11.6857818],[-46.8355783,-11.6859019],[-46.8355063,-11.6860219],[-46.8354343,-11.686142],[-46.8354336,-11.686143],[-46.8353379,-11.6862624],[-46.8352665,-11.6864055],[-46.8352655,-11.6864071],[-46.8351692,-11.6865273],[-46.8351686,-11.6865281],[-46.8350484,-11.6866481],[-46.8349524,-11.6867679],[-46.834951,-11.6867693],[-46.8348307,-11.6868654],[-46.8347105,-11.6869854],[-46.8347098,-11.6869861],[-46.8345891,-11.6870825],[-46.8345881,-11.6870832],[-46.8344678,-11.6871554],[-46.8343479,-11.6872511],[-46.8342277,-11.6873711],[-46.8341072,-11.6874915],[-46.8339874,-11.6876111],[-46.8339165,-11.6877293],[-46.8338695,-11.6878715],[-46.8338463,-11.6880144],[-46.833846,-11.6880154],[-46.8337986,-11.6881831],[-46.8337985,-11.6881835],[-46.8337511,-11.6883266],[-46.8337279,-11.6884696],[-46.8337046,-11.6886132],[-46.8337043,-11.6886146],[-46.8336567,-11.6887584],[-46.8336561,-11.6887599],[-46.8336552,-11.6887612],[-46.8335593,-11.6888809],[-46.8334881,-11.6889996],[-46.8334413,-11.6891411],[-46.8334422,-11.6892831],[-46.8334432,-11.6894266],[-46.8334441,-11.6895693],[-46.8334692,-11.6897119],[-46.8334693,-11.6897134],[-46.8334695,-11.6897373],[-46.8334693,-11.6897391],[-46.8334688,-11.6897408],[-46.833468,-11.6897423],[-46.8334669,-11.6897437],[-46.8334655,-11.6897448],[-46.833464,-11.6897457],[-46.8334623,-11.6897462],[-46.8334605,-11.6897464],[-46.8334588,-11.6897462],[-46.8334571,-11.6897457],[-46.8334555,-11.6897449],[-46.8334541,-11.6897438],[-46.833453,-11.6897424],[-46.8334522,-11.6897409],[-46.8334516,-11.6897392],[-46.8334515,-11.6897374],[-46.8334513,-11.6897143],[-46.8334262,-11.6895717],[-46.8334261,-11.6895702],[-46.8334251,-11.6894267],[-46.8334242,-11.6892832],[-46.8334233,-11.6891397],[-46.8334234,-11.6891382],[-46.8334237,-11.6891368],[-46.8334713,-11.688993],[-46.8334721,-11.6889912],[-46.8335441,-11.6888712],[-46.8335448,-11.6888702],[-46.8336401,-11.6887512],[-46.8336869,-11.6886096],[-46.8337101,-11.6884667],[-46.8337335,-11.6883231],[-46.8337338,-11.6883217],[-46.8337813,-11.688178],[-46.8338286,-11.688011],[-46.8338518,-11.6878679],[-46.8338521,-11.6878665],[-46.8338997,-11.6877227],[-46.8339006,-11.6877209],[-46.8339726,-11.6876008],[-46.8339739,-11.6875991],[-46.8340945,-11.6874787],[-46.834215,-11.6873584],[-46.8343355,-11.687238],[-46.8343363,-11.6872374],[-46.834457,-11.6871409],[-46.834458,-11.6871403],[-46.8345783,-11.687068],[-46.8346981,-11.6869723],[-46.8348183,-11.6868523],[-46.8348191,-11.6868516],[-46.834939,-11.6867558],[-46.8350346,-11.6866364],[-46.8350353,-11.6866357],[-46.8351555,-11.6865157],[-46.8352508,-11.6863966],[-46.8353223,-11.6862535],[-46.8353233,-11.6862519],[-46.8354192,-11.6861322],[-46.8354909,-11.6860126],[-46.8355629,-11.6858926],[-46.8356344,-11.6857734],[-46.8356816,-11.6856306],[-46.8357292,-11.6854868],[-46.8357766,-11.6853436],[-46.8357998,-11.6852007],[-46.8358231,-11.685057],[-46.8358464,-11.6849134],[-46.8358469,-11.6849117],[-46.8358476,-11.6849102],[-46.8359196,-11.6847902],[-46.8359203,-11.6847892],[-46.8360807,-11.6845888],[-46.8362412,-11.6843885],[-46.8363958,-11.6841955],[-46.83633,-11.6841464],[-46.8361884,-11.6842321],[-46.8361867,-11.6842328],[-46.8361849,-11.6842333],[-46.8361831,-11.6842333],[-46.8361813,-11.684233],[-46.8361796,-11.6842323],[-46.8359204,-11.6840972],[-46.835368,-11.6838822],[-46.8353663,-11.6838813],[-46.8353648,-11.6838801],[-46.8353636,-11.6838786],[-46.8353628,-11.6838769],[-46.8353623,-11.683875],[-46.835329,-11.6836253],[-46.8353289,-11.6836236],[-46.8353292,-11.683622],[-46.8353298,-11.6836204],[-46.8353306,-11.6836189],[-46.8353318,-11.6836176],[-46.8355331,-11.6834274],[-46.8355055,-11.6832291],[-46.8355054,-11.6832273],[-46.8355057,-11.6832255],[-46.8355064,-11.6832238],[-46.8355074,-11.6832223],[-46.8355086,-11.683221],[-46.8355102,-11.6832199],[-46.8355118,-11.6832192],[-46.8355136,-11.6832189],[-46.8355155,-11.6832189],[-46.8357352,-11.6832456],[-46.8360084,-11.6832347],[-46.836038,-11.6831328],[-46.8357225,-11.6830621],[-46.8354422,-11.683028],[-46.8354405,-11.6830276],[-46.835439,-11.683027],[-46.8354376,-11.683026],[-46.8354364,-11.6830248],[-46.8354354,-11.6830234],[-46.8354347,-11.6830219],[-46.8354344,-11.6830202],[-46.8354126,-11.6828501],[-46.8354126,-11.6828482],[-46.835413,-11.6828463],[-46.8354137,-11.6828446],[-46.8354215,-11.6828305],[-46.8354226,-11.6828289],[-46.835424,-11.6828277],[-46.8354256,-11.6828267],[-46.8354274,-11.6828261],[-46.8354293,-11.6828258],[-46.8354311,-11.682826],[-46.8355588,-11.6828509],[-46.8356139,-11.6828084],[-46.8354116,-11.6827001],[-46.8351058,-11.6826725],[-46.8351047,-11.6826724],[-46.8348814,-11.6826243],[-46.8347141,-11.6826655],[-46.8347128,-11.6826657],[-46.8345466,-11.6826818],[-46.8345252,-11.6827669],[-46.8345237,-11.6830126],[-46.8345235,-11.6830144],[-46.8345229,-11.6830161],[-46.834522,-11.6830177],[-46.8345209,-11.683019],[-46.8345194,-11.6830201],[-46.8345178,-11.6830209],[-46.834516,-11.6830214],[-46.8345142,-11.6830215],[-46.8345124,-11.6830212],[-46.8344596,-11.6830078],[-46.8343182,-11.6830103],[-46.8343169,-11.6830102],[-46.8343058,-11.6830087],[-46.8343041,-11.6830083],[-46.8343026,-11.6830076],[-46.8343012,-11.6830067],[-46.8343,-11.6830055],[-46.8342991,-11.6830041],[-46.8342984,-11.6830025],[-46.834298,-11.6830009],[-46.834298,-11.6829992],[-46.8343078,-11.6828544],[-46.8341367,-11.6827406],[-46.8339451,-11.6829258],[-46.8339437,-11.6829269],[-46.8339421,-11.6829277],[-46.8339404,-11.6829282],[-46.8339387,-11.6829284],[-46.8339369,-11.6829281],[-46.8339352,-11.6829276],[-46.8339337,-11.6829267],[-46.8339323,-11.6829256],[-46.8339313,-11.6829242],[-46.8339304,-11.6829226],[-46.83393,-11.6829209],[-46.8339298,-11.6829192],[-46.8339356,-11.6825963],[-46.8339187,-11.6823649],[-46.8338319,-11.6823508],[-46.833783,-11.6825046],[-46.8337823,-11.6825062],[-46.8337813,-11.6825077],[-46.83378,-11.682509],[-46.8337784,-11.6825099],[-46.8337767,-11.6825105],[-46.8337749,-11.6825108],[-46.8337731,-11.6825107],[-46.8335403,-11.6824755],[-46.8335073,-11.682516],[-46.8336623,-11.682703],[-46.8336633,-11.6827045],[-46.833664,-11.6827062],[-46.8336644,-11.682708],[-46.8336643,-11.6827098],[-46.8336639,-11.6827116],[-46.8336632,-11.6827133],[-46.8336621,-11.6827148],[-46.8336607,-11.682716],[-46.8336592,-11.6827169],[-46.8336574,-11.6827175],[-46.8336556,-11.6827178],[-46.8334124,-11.682724],[-46.8332682,-11.6827528],[-46.8333077,-11.6829975],[-46.8333545,-11.6830599],[-46.8334839,-11.6831051],[-46.8336806,-11.6831288],[-46.8336823,-11.6831291],[-46.8336839,-11.6831298],[-46.8336853,-11.6831308],[-46.8336865,-11.683132],[-46.8336874,-11.6831334],[-46.8336881,-11.683135],[-46.8336885,-11.6831366],[-46.8336885,-11.6831383],[-46.8336631,-11.683497],[-46.8337833,-11.6835618],[-46.8339472,-11.6835553],[-46.833949,-11.6835554],[-46.8339507,-11.6835558],[-46.8339522,-11.6835566],[-46.8339536,-11.6835576],[-46.8339548,-11.6835589],[-46.8339557,-11.6835604],[-46.8339563,-11.683562],[-46.8339566,-11.6835637],[-46.8339565,-11.6835655],[-46.8339561,-11.6835672],[-46.833906,-11.6837173],[-46.8338946,-11.6838942],[-46.8338943,-11.6838958],[-46.8338937,-11.6838974],[-46.8338928,-11.6838989],[-46.8337896,-11.6840405],[-46.8337854,-11.6842314],[-46.833959,-11.6844112],[-46.8339601,-11.6844125],[-46.8339608,-11.684414],[-46.8339981,-11.6845056],[-46.8339986,-11.6845073],[-46.8339988,-11.684509],[-46.8339986,-11.6845108],[-46.8339562,-11.6847214],[-46.8341428,-11.6848199],[-46.8341444,-11.684821],[-46.8341457,-11.6848223],[-46.8342837,-11.684998],[-46.834285,-11.6850003],[-46.8343568,-11.6851834],[-46.8343572,-11.685185],[-46.8343574,-11.6851866],[-46.8343573,-11.6851883],[-46.8343568,-11.6851899],[-46.8343561,-11.6851913],[-46.8343552,-11.6851927],[-46.8341927,-11.6853773],[-46.8341916,-11.6853783],[-46.8341903,-11.6853792],[-46.8341888,-11.6853799],[-46.8340054,-11.6854414],[-46.8340248,-11.6856943],[-46.8341389,-11.6859662],[-46.8341394,-11.6859678],[-46.8341396,-11.6859695],[-46.8341395,-11.6859712],[-46.8340633,-11.6863945],[-46.8340632,-11.6863946],[-46.8340359,-11.6865339],[-46.8340354,-11.6865355],[-46.8340346,-11.6865371],[-46.8340335,-11.6865385],[-46.8340321,-11.6865396],[-46.8340306,-11.6865404],[-46.8340289,-11.686541],[-46.8340271,-11.6865411],[-46.8340254,-11.686541],[-46.8340237,-11.6865405],[-46.8340221,-11.6865396],[-46.8340207,-11.6865385],[-46.8340196,-11.6865371],[-46.8340188,-11.6865356],[-46.8340183,-11.6865339],[-46.8340181,-11.6865321],[-46.8340182,-11.6865304],[-46.8340455,-11.6863912],[-46.8341213,-11.6859707],[-46.8340076,-11.6856999],[-46.8340072,-11.6856985],[-46.834007,-11.6856971],[-46.8339869,-11.6854358],[-46.8339869,-11.6854341],[-46.8339873,-11.6854324],[-46.8339879,-11.6854309],[-46.8339889,-11.6854294],[-46.8339901,-11.6854282],[-46.8339915,-11.6854273],[-46.833993,-11.6854266],[-46.8341808,-11.6853635],[-46.834338,-11.6851849],[-46.8342687,-11.6850081],[-46.8341327,-11.6848349],[-46.8339419,-11.6847342],[-46.8339405,-11.6847333],[-46.8339393,-11.6847321],[-46.8339383,-11.6847308],[-46.8339376,-11.6847293],[-46.8339372,-11.6847277],[-46.8339371,-11.6847261],[-46.8339372,-11.6847244],[-46.8339804,-11.6845099],[-46.8339448,-11.6844224],[-46.8337699,-11.6842413],[-46.8337688,-11.6842399],[-46.833768,-11.6842383],[-46.8337675,-11.6842366],[-46.8337673,-11.6842348],[-46.8337717,-11.6840373],[-46.8337719,-11.6840355],[-46.8337725,-11.6840338],[-46.8337734,-11.6840322],[-46.8338767,-11.6838904],[-46.8338881,-11.6837149],[-46.8338885,-11.6837127],[-46.8339349,-11.6835738],[-46.8337815,-11.6835799],[-46.8337799,-11.6835799],[-46.8337783,-11.6835795],[-46.8337769,-11.6835789],[-46.8336494,-11.6835101],[-46.833648,-11.6835092],[-46.8336468,-11.683508],[-46.8336458,-11.6835066],[-46.8336451,-11.683505],[-46.8336448,-11.6835033],[-46.8336447,-11.6835016],[-46.8336699,-11.6831456],[-46.8334808,-11.6831229],[-46.8334789,-11.6831224],[-46.8333459,-11.683076],[-46.8333443,-11.6830753],[-46.8333429,-11.6830742],[-46.8333417,-11.6830729],[-46.8333139,-11.6830358],[-46.8333147,-11.6830407],[-46.8333148,-11.6830424],[-46.8333145,-11.6830442],[-46.8333139,-11.6830459],[-46.833313,-11.6830475],[-46.8333118,-11.6830488],[-46.8333104,-11.6830499],[-46.8333087,-11.6830506],[-46.833307,-11.683051],[-46.8333052,-11.6830511],[-46.8333034,-11.6830508],[-46.8333017,-11.6830501],[-46.8332159,-11.683007],[-46.8332145,-11.6830061],[-46.8331381,-11.6829488],[-46.8331372,-11.682948],[-46.8327963,-11.6826133],[-46.8326054,-11.6825791],[-46.8326039,-11.6825786],[-46.8326024,-11.6825779],[-46.8326011,-11.682577],[-46.8326,-11.6825758],[-46.8325991,-11.6825744],[-46.8325984,-11.6825729],[-46.8325054,-11.6822792],[-46.8323132,-11.6821132],[-46.8321856,-11.6821947],[-46.8320917,-11.6824424],[-46.8320909,-11.6824439],[-46.83209,-11.6824452],[-46.8320888,-11.6824463],[-46.8319185,-11.6825786],[-46.831917,-11.6825796],[-46.8319153,-11.6825802],[-46.8319135,-11.6825805],[-46.8319117,-11.6825804],[-46.83191,-11.68258],[-46.8319084,-11.6825792],[-46.8319069,-11.6825782],[-46.8318187,-11.6824983],[-46.8315735,-11.6826011],[-46.831572,-11.6826016],[-46.8314787,-11.6826225],[-46.8314769,-11.6826227],[-46.8314752,-11.6826226],[-46.8314736,-11.6826222],[-46.831472,-11.6826214],[-46.8313002,-11.6825173],[-46.831269,-11.6825973],[-46.8312682,-11.682599],[-46.8312669,-11.6826005],[-46.8312654,-11.6826017],[-46.8312636,-11.6826025],[-46.8311471,-11.6826428],[-46.8312067,-11.6827985],[-46.8312071,-11.6828002],[-46.8312072,-11.6828018],[-46.8312071,-11.6828035],[-46.8312066,-11.6828051],[-46.8312058,-11.6828066],[-46.8312048,-11.682808],[-46.8312035,-11.6828091],[-46.831202,-11.6828099],[-46.8312004,-11.6828105],[-46.8311988,-11.6828107],[-46.8311971,-11.6828107],[-46.8307694,-11.6827555],[-46.8306251,-11.6829261],[-46.8306239,-11.6829272],[-46.8306226,-11.6829282],[-46.830621,-11.6829288],[-46.8304427,-11.6829865],[-46.83042,-11.683111],[-46.8304195,-11.6831126],[-46.8304188,-11.6831141],[-46.8304178,-11.6831155],[-46.8304165,-11.6831166],[-46.8304151,-11.6831175],[-46.8304135,-11.6831181],[-46.8302717,-11.6831574],[-46.8302136,-11.6834242],[-46.830213,-11.6834259],[-46.8302121,-11.6834275],[-46.830211,-11.6834288],[-46.8302095,-11.6834299],[-46.8302079,-11.6834307],[-46.8302062,-11.6834312],[-46.8302044,-11.6834313],[-46.8302026,-11.683431],[-46.8302009,-11.6834304],[-46.8301993,-11.6834294],[-46.8301806,-11.6834152],[-46.8301928,-11.6834913],[-46.8301929,-11.683493],[-46.8301926,-11.6834948],[-46.8301921,-11.6834964],[-46.8301912,-11.6834979],[-46.83019,-11.6834993],[-46.8301886,-11.6835003],[-46.830187,-11.6835011],[-46.8301854,-11.6835016],[-46.8301836,-11.6835017],[-46.8301819,-11.6835015],[-46.8301802,-11.6835009],[-46.829907,-11.683379],[-46.8298718,-11.6835142],[-46.8298711,-11.683516],[-46.8298701,-11.6835176],[-46.8298688,-11.6835189],[-46.8297045,-11.6836515],[-46.8295303,-11.6838396],[-46.8295289,-11.6838408],[-46.8295272,-11.6838418],[-46.8295254,-11.6838423],[-46.8295235,-11.6838425],[-46.8295216,-11.6838422],[-46.8294013,-11.6838134],[-46.8293287,-11.6839446],[-46.8293277,-11.683946],[-46.8293264,-11.6839472],[-46.829325,-11.6839482],[-46.8293234,-11.6839488],[-46.8290856,-11.6840192],[-46.8290501,-11.684175],[-46.8291971,-11.6841741],[-46.8291989,-11.6841742],[-46.8292006,-11.6841747],[-46.8292022,-11.6841756],[-46.8292036,-11.6841767],[-46.8292047,-11.6841781],[-46.8292056,-11.6841797],[-46.8292061,-11.6841814],[-46.8292062,-11.6841832],[-46.829206,-11.6841849],[-46.8291653,-11.6843757],[-46.8291647,-11.6843775],[-46.8291638,-11.6843791],[-46.8291626,-11.6843805],[-46.8291611,-11.6843816],[-46.8291595,-11.6843824],[-46.8291577,-11.6843828],[-46.8291559,-11.6843829],[-46.8291541,-11.6843825],[-46.8290126,-11.6843435],[-46.8289438,-11.6845163],[-46.8291253,-11.6846212],[-46.8291267,-11.6846222],[-46.8291278,-11.6846234],[-46.8291287,-11.6846247],[-46.8291294,-11.6846263],[-46.8291297,-11.6846279],[-46.8291298,-11.6846296],[-46.8291295,-11.6846312],[-46.829129,-11.6846328],[-46.8289401,-11.685042],[-46.828839,-11.685278],[-46.8289802,-11.685652],[-46.8291656,-11.6858159],[-46.8291667,-11.6858171],[-46.8291676,-11.6858185],[-46.8293131,-11.6860952],[-46.8293139,-11.6860973],[-46.8293141,-11.6860994],[-46.8293131,-11.6863711],[-46.8293671,-11.6868839],[-46.8293672,-11.686885],[-46.8293586,-11.6873016],[-46.8293585,-11.6873029],[-46.8293046,-11.6876289],[-46.8293723,-11.6878831],[-46.829852,-11.688061],[-46.8303121,-11.688047],[-46.8303139,-11.6880471],[-46.8303156,-11.6880476],[-46.8303172,-11.6880484],[-46.8303186,-11.6880495],[-46.8303197,-11.6880508],[-46.8303206,-11.6880523],[-46.8303212,-11.688054],[-46.8303214,-11.6880558],[-46.8303213,-11.6880575],[-46.8303208,-11.6880592],[-46.8303201,-11.6880608],[-46.830319,-11.6880622],[-46.8303176,-11.6880634],[-46.8303161,-11.6880642],[-46.8303144,-11.6880648],[-46.8303127,-11.688065],[-46.8298508,-11.6880791],[-46.829849,-11.688079],[-46.8298474,-11.6880785],[-46.8293616,-11.6878984],[-46.8293601,-11.6878976],[-46.8293587,-11.6878966],[-46.8293575,-11.6878953],[-46.8293566,-11.6878939],[-46.829356,-11.6878922],[-46.8292867,-11.6876317],[-46.8292864,-11.6876298],[-46.8292865,-11.6876279],[-46.8293406,-11.6873006],[-46.8293491,-11.6868852],[-46.8292951,-11.6863725],[-46.8292951,-11.6863715],[-46.8292961,-11.6861016],[-46.8291524,-11.6858283],[-46.8289666,-11.685664],[-46.8289652,-11.6856624],[-46.8289642,-11.6856605],[-46.8288208,-11.685281],[-46.8288204,-11.6852793],[-46.8288202,-11.6852776],[-46.8288204,-11.6852759],[-46.828821,-11.6852742],[-46.8289236,-11.6850348],[-46.8289237,-11.6850346],[-46.8291092,-11.6846327],[-46.828937,-11.6845331],[-46.8289366,-11.6845339],[-46.8289355,-11.6845353],[-46.8289341,-11.6845364],[-46.8289326,-11.6845373],[-46.8289309,-11.6845378],[-46.8289291,-11.684538],[-46.8289274,-11.6845378],[-46.8289257,-11.6845374],[-46.8289241,-11.6845365],[-46.8289227,-11.6845354],[-46.8289216,-11.6845341],[-46.8289207,-11.6845325],[-46.8289202,-11.6845309],[-46.82892,-11.6845291],[-46.8289201,-11.6845274],[-46.8289206,-11.6845257],[-46.828924,-11.6845173],[-46.828924,-11.6845173],[-46.8289241,-11.684517],[-46.8289242,-11.6845168],[-46.8289989,-11.6843293],[-46.8289997,-11.6843277],[-46.8290009,-11.6843262],[-46.8290024,-11.684325],[-46.8290041,-11.6843242],[-46.8290059,-11.6843237],[-46.8290078,-11.6843237],[-46.8290096,-11.684324],[-46.8291496,-11.6843626],[-46.8291861,-11.6841921],[-46.8290388,-11.6841931],[-46.829037,-11.6841929],[-46.8290353,-11.6841924],[-46.8290337,-11.6841915],[-46.8290323,-11.6841904],[-46.8290312,-11.684189],[-46.8290304,-11.6841874],[-46.8290299,-11.6841856],[-46.8290297,-11.6841839],[-46.82903,-11.6841821],[-46.8290692,-11.68401],[-46.8290699,-11.6840082],[-46.8290708,-11.6840066],[-46.8290721,-11.6840052],[-46.8290737,-11.6840041],[-46.8290755,-11.6840034],[-46.8293147,-11.6839326],[-46.8293889,-11.6837987],[-46.8293898,-11.6837973],[-46.829391,-11.6837961],[-46.8293924,-11.6837952],[-46.8293939,-11.6837945],[-46.8293955,-11.6837941],[-46.8293972,-11.683794],[-46.8293988,-11.6837943],[-46.8295207,-11.6838235],[-46.8296918,-11.6836388],[-46.8296927,-11.6836379],[-46.8298551,-11.6835068],[-46.8298922,-11.6833642],[-46.8298928,-11.6833625],[-46.8298937,-11.683361],[-46.8298949,-11.6833598],[-46.8298963,-11.6833587],[-46.8298979,-11.683358],[-46.8298995,-11.6833575],[-46.8299013,-11.6833574],[-46.829903,-11.6833576],[-46.8299046,-11.6833582],[-46.8301723,-11.6834777],[-46.8301593,-11.6833958],[-46.8301592,-11.683394],[-46.8301594,-11.6833923],[-46.83016,-11.6833906],[-46.8301609,-11.6833891],[-46.8301621,-11.6833877],[-46.8301635,-11.6833867],[-46.8301651,-11.6833859],[-46.8301669,-11.6833855],[-46.8301687,-11.6833854],[-46.8301704,-11.6833857],[-46.8301721,-11.6833863],[-46.8301736,-11.6833872],[-46.830199,-11.6834065],[-46.8302552,-11.6831482],[-46.8302557,-11.6831467],[-46.8302565,-11.6831452],[-46.8302575,-11.6831439],[-46.8302587,-11.6831429],[-46.8302601,-11.683142],[-46.8302616,-11.6831415],[-46.8304033,-11.6831022],[-46.830426,-11.682978],[-46.8304265,-11.6829761],[-46.8304274,-11.6829744],[-46.8304287,-11.682973],[-46.8304303,-11.6829718],[-46.830432,-11.682971],[-46.830613,-11.6829125],[-46.8307588,-11.6827401],[-46.8307601,-11.6827389],[-46.8307616,-11.6827379],[-46.8307633,-11.6827373],[-46.830765,-11.682737],[-46.8307668,-11.682737],[-46.8311844,-11.6827909],[-46.8311269,-11.6826406],[-46.8311265,-11.6826389],[-46.8311264,-11.6826371],[-46.8311266,-11.6826353],[-46.8311272,-11.6826336],[-46.8311281,-11.682632],[-46.8311293,-11.6826307],[-46.8311308,-11.6826296],[-46.8311324,-11.6826289],[-46.8312538,-11.6825869],[-46.8312873,-11.6825007],[-46.8312881,-11.6824992],[-46.8312892,-11.6824978],[-46.8312905,-11.6824966],[-46.831292,-11.6824958],[-46.8312937,-11.6824952],[-46.8312954,-11.682495],[-46.8312971,-11.6824951],[-46.8312988,-11.6824955],[-46.8313004,-11.6824963],[-46.8314783,-11.6826041],[-46.8315673,-11.6825842],[-46.831817,-11.6824794],[-46.8318187,-11.6824789],[-46.8318203,-11.6824787],[-46.831822,-11.6824789],[-46.8318237,-11.6824793],[-46.8318252,-11.6824801],[-46.8318266,-11.6824811],[-46.8319134,-11.6825597],[-46.8320757,-11.6824337],[-46.8321698,-11.6821855],[-46.8321707,-11.6821838],[-46.8321719,-11.6821823],[-46.8321734,-11.6821811],[-46.8323091,-11.6820944],[-46.8323106,-11.6820936],[-46.8323122,-11.6820931],[-46.8323138,-11.6820929],[-46.8323154,-11.6820931],[-46.832317,-11.6820935],[-46.8323185,-11.6820942],[-46.8323199,-11.6820951],[-46.8325191,-11.6822672],[-46.8325202,-11.6822684],[-46.8325211,-11.6822698],[-46.8325218,-11.6822713],[-46.832614,-11.6825623],[-46.8328022,-11.682596],[-46.8328039,-11.6825965],[-46.8328055,-11.6825973],[-46.8328069,-11.6825985],[-46.8331494,-11.6829348],[-46.8332247,-11.6829912],[-46.8332941,-11.6830261],[-46.8332906,-11.6830046],[-46.8332901,-11.6830037],[-46.8332894,-11.683002],[-46.8332892,-11.6830003],[-46.8332893,-11.6829985],[-46.8332895,-11.6829976],[-46.833249,-11.6827471],[-46.8332489,-11.6827454],[-46.8332491,-11.6827437],[-46.8332496,-11.682742],[-46.8332505,-11.6827405],[-46.8332516,-11.6827392],[-46.8332529,-11.6827381],[-46.8332545,-11.6827373],[-46.8332561,-11.6827368],[-46.8334096,-11.6827062],[-46.8334112,-11.682706],[-46.8336366,-11.6827002],[-46.8334887,-11.6825219],[-46.8334877,-11.6825204],[-46.833487,-11.6825188],[-46.8334867,-11.682517],[-46.8334867,-11.6825153],[-46.833487,-11.6825135],[-46.8334877,-11.6825119],[-46.8334887,-11.6825104],[-46.8335295,-11.6824602],[-46.8335309,-11.6824589],[-46.8335324,-11.6824578],[-46.8335342,-11.6824572],[-46.833536,-11.6824569],[-46.8335379,-11.682457],[-46.8337682,-11.6824918],[-46.8338171,-11.6823379],[-46.8338178,-11.6823362],[-46.8338189,-11.6823347],[-46.8338202,-11.6823335],[-46.8338218,-11.6823325],[-46.8338235,-11.6823319],[-46.8338253,-11.6823316],[-46.8338271,-11.6823317],[-46.8339287,-11.6823483],[-46.8339303,-11.6823487],[-46.8339319,-11.6823495],[-46.8339332,-11.6823505],[-46.8339344,-11.6823517],[-46.8339353,-11.6823532],[-46.8339359,-11.6823548],[-46.8339362,-11.6823565],[-46.8339536,-11.6825954],[-46.8339536,-11.6825962],[-46.8339482,-11.6828977],[-46.8341294,-11.6827226],[-46.8341308,-11.6827215],[-46.8341323,-11.6827207],[-46.834134,-11.6827203],[-46.8341357,-11.6827201],[-46.8341374,-11.6827203],[-46.8341391,-11.6827208],[-46.8341406,-11.6827216],[-46.8343221,-11.6828423],[-46.8343235,-11.6828435],[-46.8343247,-11.682845],[-46.8343255,-11.6828467],[-46.834326,-11.6828485],[-46.8343261,-11.6828504],[-46.8343165,-11.682992],[-46.8343186,-11.6829922],[-46.8344605,-11.6829898],[-46.8344629,-11.6829901],[-46.8345057,-11.6830009],[-46.8345072,-11.6827657],[-46.8345075,-11.6827635],[-46.8345306,-11.6826712],[-46.8345313,-11.6826695],[-46.8345322,-11.6826679],[-46.8345335,-11.6826666],[-46.834535,-11.6826655],[-46.8345367,-11.6826648],[-46.8345385,-11.6826645],[-46.8347105,-11.6826478],[-46.8348791,-11.6826063],[-46.8348811,-11.682606],[-46.8348832,-11.6826062],[-46.835108,-11.6826546],[-46.835415,-11.6826823],[-46.8354168,-11.6826826],[-46.8354184,-11.6826833],[-46.8356347,-11.6827991],[-46.8356362,-11.6828001],[-46.8356375,-11.6828013],[-46.8356385,-11.6828028],[-46.8356391,-11.6828045],[-46.8356394,-11.6828063],[-46.8356394,-11.6828081],[-46.835639,-11.6828098],[-46.8356383,-11.6828114],[-46.8356373,-11.6828129],[-46.835636,-11.6828141],[-46.8355666,-11.6828677],[-46.835565,-11.6828687],[-46.8355632,-11.6828693],[-46.8355613,-11.6828696],[-46.8355594,-11.6828694],[-46.8354341,-11.6828449],[-46.8354309,-11.6828507],[-46.8354513,-11.683011],[-46.8357251,-11.6830442],[-46.835726,-11.6830444],[-46.8360513,-11.6831173],[-46.836053,-11.6831179],[-46.8360546,-11.6831188],[-46.836056,-11.68312],[-46.8360571,-11.6831215],[-46.8360578,-11.6831232],[-46.8360583,-11.6831249],[-46.8360583,-11.6831268],[-46.836058,-11.6831286],[-46.8360239,-11.6832459],[-46.8360232,-11.6832477],[-46.8360221,-11.6832492],[-46.8360208,-11.6832505],[-46.8360192,-11.6832515],[-46.8360174,-11.6832522],[-46.8360156,-11.6832524],[-46.8357352,-11.6832636],[-46.8357337,-11.6832635],[-46.8355249,-11.6832382],[-46.8355516,-11.6834295],[-46.8355517,-11.6834312],[-46.8355514,-11.6834329],[-46.8355508,-11.6834345],[-46.83555,-11.683436],[-46.8355489,-11.6834373],[-46.8353475,-11.6836275],[-46.8353795,-11.6838674],[-46.8359274,-11.6840806],[-46.8359283,-11.684081],[-46.8361834,-11.684214],[-46.8363258,-11.6841278],[-46.8363275,-11.6841271],[-46.8363292,-11.6841266],[-46.8363309,-11.6841266],[-46.8363327,-11.6841268],[-46.8363344,-11.6841274],[-46.8363359,-11.6841283],[-46.8364131,-11.684186],[-46.8364135,-11.6841862],[-46.8364149,-11.6841873],[-46.8365275,-11.6842959],[-46.836681,-11.6842337],[-46.8366923,-11.6839318],[-46.8366925,-11.68393],[-46.836693,-11.6839284],[-46.8366939,-11.6839269],[-46.836695,-11.6839256],[-46.8366964,-11.6839245],[-46.8366979,-11.6839237],[-46.8366996,-11.6839232],[-46.8367013,-11.6839231],[-46.836703,-11.6839233],[-46.8367047,-11.6839237],[-46.8367062,-11.6839246],[-46.8367893,-11.6839789],[-46.836809,-11.6838608],[-46.8366469,-11.6837573],[-46.8366456,-11.6837563],[-46.8366445,-11.6837551],[-46.8366437,-11.6837537],[-46.8366431,-11.6837522],[-46.8366428,-11.6837506],[-46.8366351,-11.6836725],[-46.8366351,-11.6836707],[-46.8366355,-11.6836689],[-46.8366362,-11.6836672],[-46.8366373,-11.6836657],[-46.8366386,-11.6836645],[-46.8366401,-11.6836635],[-46.8366418,-11.6836629],[-46.8366436,-11.6836626],[-46.8368928,-11.6836504],[-46.8369182,-11.6835459],[-46.8368713,-11.6834475],[-46.8368706,-11.6834454],[-46.8368453,-11.6833129],[-46.8368451,-11.6833127],[-46.836844,-11.6833114],[-46.8368432,-11.6833098],[-46.8368426,-11.6833081],[-46.8368424,-11.6833064],[-46.8368426,-11.6833046],[-46.8368431,-11.6833029],[-46.8368439,-11.6833014],[-46.836845,-11.6833],[-46.8368464,-11.6832989],[-46.8368479,-11.683298],[-46.8368496,-11.6832975],[-46.837143,-11.6832361],[-46.836976,-11.6830986],[-46.8369747,-11.6830973],[-46.8369737,-11.6830957],[-46.8369731,-11.683094],[-46.8369728,-11.6830922],[-46.8369728,-11.6830904],[-46.8369733,-11.6830886],[-46.836974,-11.6830869],[-46.8369751,-11.6830855],[-46.8369765,-11.6830843],[-46.8369781,-11.6830834],[-46.8371069,-11.6830261],[-46.8372211,-11.6827816],[-46.837222,-11.6827802],[-46.8372231,-11.6827789],[-46.8372245,-11.6827778],[-46.837226,-11.6827771],[-46.8372277,-11.6827766],[-46.8377753,-11.6826763],[-46.8377759,-11.6826762],[-46.8380591,-11.6826435],[-46.8382825,-11.6823913],[-46.8381765,-11.6821655],[-46.8381759,-11.6821638],[-46.8381757,-11.6821621],[-46.8381758,-11.6821604],[-46.8381762,-11.6821587],[-46.8381769,-11.6821571],[-46.8381779,-11.6821557],[-46.8381792,-11.6821545],[-46.8381807,-11.6821536],[-46.838264,-11.6821121],[-46.8382657,-11.6821115],[-46.8382674,-11.6821112],[-46.8382692,-11.6821112],[-46.8382709,-11.6821116],[-46.8382725,-11.6821124],[-46.838274,-11.6821134],[-46.8382752,-11.6821147],[-46.8382761,-11.6821162],[-46.8382767,-11.6821178],[-46.838277,-11.6821196],[-46.838277,-11.6821213],[-46.8382766,-11.682123],[-46.8382759,-11.6821247],[-46.8382748,-11.6821261],[-46.8382736,-11.6821273],[-46.8382721,-11.6821282],[-46.8381966,-11.6821658],[-46.8383013,-11.682389],[-46.8383019,-11.6823907],[-46.8383022,-11.6823924]]],[[[-46.846355,-11.6827952],[-46.8463344,-11.6830327],[-46.8463341,-11.6830343],[-46.8463336,-11.6830358],[-46.8463328,-11.6830372],[-46.8463317,-11.6830384],[-46.8461932,-11.6831736],[-46.8461918,-11.6831747],[-46.8461903,-11.6831755],[-46.8461886,-11.683176],[-46.8461868,-11.6831762],[-46.8461851,-11.683176],[-46.8461834,-11.6831755],[-46.8459099,-11.6830622],[-46.8457407,-11.6832406],[-46.8455688,-11.6834218],[-46.845513,-11.6836289],[-46.8455318,-11.6838058],[-46.8455318,-11.6838078],[-46.8455314,-11.6838097],[-46.8455083,-11.6838771],[-46.8455084,-11.6838771],[-46.8455102,-11.6838774],[-46.8455118,-11.6838781],[-46.8455132,-11.6838792],[-46.8455145,-11.6838804],[-46.8455154,-11.6838819],[-46.8455161,-11.6838836],[-46.8455164,-11.6838853],[-46.8455163,-11.6838871],[-46.845516,-11.6838888],[-46.8455153,-11.6838904],[-46.8455142,-11.6838919],[-46.845513,-11.6838931],[-46.8455115,-11.683894],[-46.8455098,-11.6838947],[-46.8455015,-11.6838971],[-46.8455013,-11.6838975],[-46.8455006,-11.6838991],[-46.8454995,-11.6839006],[-46.8454982,-11.6839018],[-46.8454967,-11.6839027],[-46.8454951,-11.6839033],[-46.8454933,-11.6839036],[-46.8454916,-11.6839035],[-46.8454898,-11.6839031],[-46.8454882,-11.6839024],[-46.8454868,-11.6839014],[-46.8454867,-11.6839012],[-46.8454054,-11.6839242],[-46.8453187,-11.6839544],[-46.8453174,-11.6839547],[-46.8451096,-11.6839931],[-46.8449957,-11.6841068],[-46.8448883,-11.6842671],[-46.8448183,-11.6844126],[-46.8447809,-11.6845448],[-46.8447811,-11.6845804],[-46.8447817,-11.6845812],[-46.8447824,-11.6845828],[-46.8447829,-11.6845846],[-46.8447829,-11.6845863],[-46.8447826,-11.6845881],[-46.844782,-11.6845897],[-46.8447811,-11.6845912],[-46.8447804,-11.684592],[-46.8447796,-11.6845934],[-46.8447785,-11.6845948],[-46.8447772,-11.6845959],[-46.8447756,-11.6845968],[-46.8447739,-11.6845973],[-46.8447722,-11.6845975],[-46.8447704,-11.6845973],[-46.8447687,-11.6845968],[-46.8447672,-11.684596],[-46.844767,-11.6845958],[-46.8444947,-11.6846332],[-46.8444942,-11.6846333],[-46.844301,-11.6846501],[-46.844299,-11.6846501],[-46.8441468,-11.6846292],[-46.844146,-11.6846291],[-46.8439683,-11.6845896],[-46.8439677,-11.6845894],[-46.8438026,-11.6845405],[-46.8438018,-11.6845403],[-46.843548,-11.684439],[-46.8434374,-11.6844086],[-46.8434354,-11.6844078],[-46.8432783,-11.6843193],[-46.8429832,-11.6843119],[-46.8428034,-11.6843349],[-46.8428027,-11.6843349],[-46.8426506,-11.6843421],[-46.8426504,-11.6843422],[-46.8425046,-11.6843461],[-46.8423809,-11.6844481],[-46.8423808,-11.6844481],[-46.8422683,-11.6845387],[-46.8421089,-11.6847636],[-46.8421088,-11.6847637],[-46.8419988,-11.6849113],[-46.8419973,-11.6849129],[-46.8418434,-11.6850383],[-46.84174,-11.6851541],[-46.8417393,-11.6851548],[-46.841585,-11.68529],[-46.8414561,-11.6854156],[-46.8414557,-11.685416],[-46.8412792,-11.685567],[-46.8412791,-11.6855671],[-46.8411278,-11.685693],[-46.8411269,-11.6856937],[-46.8408987,-11.6858413],[-46.8408984,-11.6858414],[-46.8407923,-11.6859057],[-46.840689,-11.6859865],[-46.8406889,-11.6859866],[-46.8406888,-11.6859867],[-46.8404936,-11.6861288],[-46.8403687,-11.6862951],[-46.8403687,-11.6862952],[-46.8402183,-11.6864913],[-46.8401269,-11.6866674],[-46.840045,-11.6868289],[-46.8399505,-11.6870265],[-46.8399492,-11.6870286],[-46.8398108,-11.6871862],[-46.8397061,-11.6873118],[-46.8397045,-11.6873133],[-46.8395587,-11.6874197],[-46.8395583,-11.68742],[-46.8394015,-11.6875208],[-46.8393177,-11.687585],[-46.8393163,-11.6875859],[-46.8391211,-11.6876843],[-46.8391205,-11.6876846],[-46.8389691,-11.6877479],[-46.8388543,-11.6878068],[-46.838854,-11.6878069],[-46.8387805,-11.687841],[-46.8387067,-11.6879546],[-46.8387066,-11.6879547],[-46.8386179,-11.6880863],[-46.8385713,-11.6882103],[-46.8385218,-11.6883682],[-46.8384864,-11.6885345],[-46.8384621,-11.6886758],[-46.8384462,-11.6888227],[-46.8384458,-11.6888247],[-46.8384449,-11.6888265],[-46.8384437,-11.688828],[-46.8383684,-11.6889061],[-46.8382735,-11.6890175],[-46.8382718,-11.689019],[-46.8381963,-11.6890722],[-46.8381488,-11.6891084],[-46.8380116,-11.6892175],[-46.8380107,-11.6892181],[-46.8378682,-11.6893075],[-46.8377539,-11.689405],[-46.8377529,-11.6894057],[-46.8376407,-11.6894786],[-46.8376407,-11.6894787],[-46.8374836,-11.6895796],[-46.8374834,-11.6895797],[-46.8373181,-11.6896806],[-46.8372287,-11.6897448],[-46.8372282,-11.6897451],[-46.8370992,-11.6898264],[-46.8369786,-11.6899036],[-46.8369784,-11.6899037],[-46.8368296,-11.6899941],[-46.8367302,-11.6901155],[-46.8366522,-11.690224],[-46.8365629,-11.6903495],[-46.8365624,-11.6903501],[-46.8364674,-11.6904618],[-46.8364673,-11.6904619],[-46.8363722,-11.6905708],[-46.836371,-11.6905719],[-46.8362518,-11.690666],[-46.836158,-11.6908261],[-46.8360886,-11.690954],[-46.8360275,-11.6910764],[-46.836027,-11.6910773],[-46.8359545,-11.6911888],[-46.8359534,-11.6911902],[-46.835952,-11.6911914],[-46.8358258,-11.6912782],[-46.8358257,-11.6912783],[-46.8357332,-11.69134],[-46.8357329,-11.6913401],[-46.8355983,-11.6914243],[-46.8355979,-11.6914245],[-46.8354588,-11.6915025],[-46.8353541,-11.6916153],[-46.835285,-11.6917272],[-46.8352061,-11.6918754],[-46.8351608,-11.6920069],[-46.8351606,-11.6920073],[-46.8351121,-11.692127],[-46.8351112,-11.6921286],[-46.8350194,-11.6922663],[-46.8349543,-11.6923869],[-46.8349024,-11.6925001],[-46.8349018,-11.6925012],[-46.8348175,-11.692635],[-46.8348168,-11.6926359],[-46.8347085,-11.6927657],[-46.8347074,-11.6927668],[-46.8346143,-11.6928472],[-46.8346139,-11.6928475],[-46.8344927,-11.692942],[-46.8344927,-11.692942],[-46.8343791,-11.6930288],[-46.8343769,-11.6930301],[-46.8342448,-11.6930802],[-46.8342443,-11.6930804],[-46.834089,-11.6931294],[-46.8340753,-11.6931682],[-46.8340746,-11.6931698],[-46.8340735,-11.6931713],[-46.8340722,-11.6931725],[-46.8340707,-11.6931734],[-46.834069,-11.693174],[-46.8340673,-11.6931742],[-46.8340655,-11.6931742],[-46.8340638,-11.6931737],[-46.8340622,-11.693173],[-46.8340608,-11.693172],[-46.8340596,-11.6931706],[-46.8340587,-11.6931691],[-46.8340581,-11.6931675],[-46.8340578,-11.6931657],[-46.8340579,-11.693164],[-46.8340583,-11.6931623],[-46.8340735,-11.6931191],[-46.8340742,-11.6931176],[-46.8340752,-11.6931162],[-46.8340764,-11.6931151],[-46.8340778,-11.6931142],[-46.8340793,-11.6931135],[-46.8342386,-11.6930633],[-46.8343692,-11.6930137],[-46.8344817,-11.6929277],[-46.8346027,-11.6928334],[-46.8346951,-11.6927536],[-46.8348026,-11.6926249],[-46.8348863,-11.6924921],[-46.8349381,-11.6923791],[-46.8349383,-11.6923786],[-46.8350037,-11.6922574],[-46.8350042,-11.6922567],[-46.8350957,-11.6921194],[-46.8351438,-11.6920008],[-46.8351893,-11.6918688],[-46.8351899,-11.6918675],[-46.8352692,-11.6917185],[-46.8352695,-11.691718],[-46.8353392,-11.6916051],[-46.8353403,-11.6916037],[-46.8354465,-11.6914892],[-46.8354476,-11.6914882],[-46.8354487,-11.6914874],[-46.8355889,-11.6914089],[-46.8357233,-11.6913249],[-46.8358157,-11.6912634],[-46.8359403,-11.6911775],[-46.8360116,-11.6910679],[-46.8360725,-11.6909458],[-46.8360727,-11.6909455],[-46.8361423,-11.6908174],[-46.8361424,-11.6908171],[-46.8362371,-11.6906555],[-46.8362381,-11.6906541],[-46.8362393,-11.690653],[-46.8363592,-11.6905583],[-46.8364537,-11.6904501],[-46.8365484,-11.6903387],[-46.8366375,-11.6902135],[-46.8366375,-11.6902135],[-46.8367157,-11.6901047],[-46.8367161,-11.6901043],[-46.8368167,-11.6899815],[-46.8368177,-11.6899804],[-46.836819,-11.6899795],[-46.836969,-11.6898883],[-46.8370895,-11.6898112],[-46.8370896,-11.6898112],[-46.8372184,-11.68973],[-46.8373079,-11.6896657],[-46.8373085,-11.6896654],[-46.8374739,-11.6895644],[-46.8376309,-11.6894635],[-46.8377426,-11.6893909],[-46.837857,-11.6892934],[-46.8378581,-11.6892926],[-46.8380007,-11.6892031],[-46.8381377,-11.6890943],[-46.8381378,-11.6890942],[-46.8381855,-11.6890578],[-46.8381857,-11.6890575],[-46.8382605,-11.689005],[-46.8383548,-11.6888942],[-46.8383552,-11.6888937],[-46.8384286,-11.6888177],[-46.8384442,-11.6886735],[-46.8384443,-11.688673],[-46.8384687,-11.6885312],[-46.8384688,-11.6885309],[-46.8385043,-11.6883641],[-46.8385045,-11.6883632],[-46.8385542,-11.6882047],[-46.8385543,-11.6882042],[-46.8386014,-11.6880789],[-46.8386024,-11.6880771],[-46.8386916,-11.6879447],[-46.8387669,-11.687829],[-46.8387679,-11.6878277],[-46.8387692,-11.6878266],[-46.8387706,-11.6878258],[-46.8388463,-11.6877906],[-46.8389612,-11.6877317],[-46.8389619,-11.6877314],[-46.8391133,-11.6876681],[-46.8393074,-11.6875702],[-46.8393908,-11.6875063],[-46.8393914,-11.6875058],[-46.8395483,-11.687405],[-46.839693,-11.6872994],[-46.8397971,-11.6871746],[-46.8397972,-11.6871744],[-46.8399348,-11.6870176],[-46.8400287,-11.686821],[-46.8400288,-11.6868208],[-46.8401109,-11.6866592],[-46.8401109,-11.6866592],[-46.8402027,-11.6864823],[-46.8402036,-11.6864809],[-46.8403544,-11.6862843],[-46.84048,-11.6861169],[-46.8404809,-11.6861159],[-46.8404819,-11.686115],[-46.840678,-11.6859722],[-46.8407816,-11.6858912],[-46.8407825,-11.6858905],[-46.840889,-11.6858261],[-46.8411167,-11.6856789],[-46.8412675,-11.6855533],[-46.8414437,-11.6854025],[-46.8415726,-11.6852769],[-46.841573,-11.6852766],[-46.841727,-11.6851416],[-46.8418304,-11.6850258],[-46.8418315,-11.6850248],[-46.841985,-11.6848996],[-46.8420943,-11.6847531],[-46.8422543,-11.6845272],[-46.842256,-11.6845254],[-46.8423695,-11.6844341],[-46.8424955,-11.6843303],[-46.8424972,-11.6843292],[-46.8424991,-11.6843285],[-46.842501,-11.6843282],[-46.8426499,-11.6843241],[-46.8428015,-11.6843169],[-46.8429816,-11.684294],[-46.842983,-11.6842939],[-46.8432809,-11.6843014],[-46.8432831,-11.6843017],[-46.8432851,-11.6843025],[-46.8434432,-11.6843915],[-46.8435533,-11.6844218],[-46.8435542,-11.6844221],[-46.8438081,-11.6845234],[-46.8439725,-11.6845721],[-46.8441496,-11.6846114],[-46.8443005,-11.6846321],[-46.8444925,-11.6846153],[-46.8447631,-11.6845782],[-46.8447629,-11.6845437],[-46.8447632,-11.6845412],[-46.8448011,-11.684407],[-46.8448017,-11.6844055],[-46.8448724,-11.6842587],[-46.844873,-11.6842576],[-46.8449813,-11.684096],[-46.8449824,-11.6840947],[-46.8450989,-11.6839783],[-46.8451003,-11.6839772],[-46.8451019,-11.6839763],[-46.8451036,-11.6839758],[-46.8453134,-11.6839371],[-46.8453997,-11.6839071],[-46.8454002,-11.683907],[-46.8454875,-11.6838823],[-46.8455137,-11.6838057],[-46.8454949,-11.6836291],[-46.8454948,-11.6836274],[-46.8454951,-11.6836258],[-46.845552,-11.683415],[-46.8455525,-11.6834136],[-46.8455532,-11.6834123],[-46.8455541,-11.6834111],[-46.8457276,-11.6832282],[-46.8459011,-11.6830453],[-46.8459025,-11.6830442],[-46.8459041,-11.6830433],[-46.8459058,-11.6830427],[-46.8459076,-11.6830425],[-46.8459094,-11.6830427],[-46.8459111,-11.6830432],[-46.8461848,-11.6831566],[-46.8463167,-11.6830278],[-46.8463366,-11.6827996],[-46.8462146,-11.6827345],[-46.8462132,-11.6827336],[-46.846212,-11.6827325],[-46.8462111,-11.6827312],[-46.8462104,-11.6827297],[-46.84621,-11.6827281],[-46.8461346,-11.6823119],[-46.845974,-11.6820697],[-46.8457933,-11.6819307],[-46.8456062,-11.6818731],[-46.8453525,-11.6818123],[-46.8453509,-11.6818118],[-46.8453493,-11.6818109],[-46.845348,-11.6818097],[-46.845347,-11.6818083],[-46.8453462,-11.6818067],[-46.8453457,-11.681805],[-46.8453456,-11.6818032],[-46.8453467,-11.6817785],[-46.8453401,-11.6814524],[-46.8453402,-11.681451],[-46.8453666,-11.6812502],[-46.8453666,-11.6812501],[-46.84539,-11.6810876],[-46.8453818,-11.6809229],[-46.8453818,-11.6809228],[-46.845378,-11.6808198],[-46.8453779,-11.6808193],[-46.8453791,-11.6807583],[-46.8453792,-11.6807573],[-46.8454095,-11.6805416],[-46.8454245,-11.6804229],[-46.845425,-11.6804209],[-46.8454259,-11.680419],[-46.8454272,-11.6804175],[-46.8457151,-11.6801433],[-46.8457152,-11.6801431],[-46.8458606,-11.6798631],[-46.8458684,-11.6797555],[-46.8458493,-11.6796853],[-46.8458491,-11.6796843],[-46.845835,-11.6795962],[-46.8458349,-11.6795945],[-46.8458351,-11.6795928],[-46.8458357,-11.6795912],[-46.8458365,-11.6795897],[-46.8458989,-11.6794976],[-46.8459493,-11.6793981],[-46.8458485,-11.6793176],[-46.8456773,-11.6791928],[-46.8455778,-11.6791438],[-46.8455777,-11.6791437],[-46.8454823,-11.6790944],[-46.8454819,-11.6790941],[-46.8454023,-11.6790478],[-46.8454022,-11.6790477],[-46.8452272,-11.6789427],[-46.8452261,-11.6789418],[-46.845225,-11.6789408],[-46.8451491,-11.6788521],[-46.8451154,-11.678863],[-46.8450291,-11.6788946],[-46.8450273,-11.6788951],[-46.8449459,-11.6789076],[-46.844868,-11.6792519],[-46.8448675,-11.6792534],[-46.8447615,-11.6795086],[-46.8447607,-11.6795101],[-46.8447597,-11.6795114],[-46.8447584,-11.6795125],[-46.844525,-11.6796826],[-46.8445235,-11.6796835],[-46.8445218,-11.6796841],[-46.8445201,-11.6796844],[-46.8445183,-11.6796843],[-46.8445166,-11.6796838],[-46.8444985,-11.6796771],[-46.8443524,-11.6797102],[-46.844352,-11.6797103],[-46.8441811,-11.6797426],[-46.8441794,-11.6797428],[-46.8441776,-11.6797426],[-46.8441759,-11.6797421],[-46.8441744,-11.6797412],[-46.844173,-11.6797401],[-46.8441719,-11.6797387],[-46.8441711,-11.6797371],[-46.8440153,-11.6793499],[-46.8439703,-11.6793474],[-46.8438336,-11.6793506],[-46.843833,-11.6793506],[-46.8437629,-11.6793476],[-46.8437611,-11.6793473],[-46.8437594,-11.6793467],[-46.8437579,-11.6793458],[-46.8437566,-11.6793446],[-46.8437555,-11.6793432],[-46.8437547,-11.6793416],[-46.8436447,-11.6790284],[-46.8434449,-11.67889],[-46.8434438,-11.6788891],[-46.8434428,-11.6788879],[-46.8433957,-11.6788242],[-46.8433313,-11.678739],[-46.8430119,-11.678686],[-46.8426934,-11.6787222],[-46.8423639,-11.6788286],[-46.8420162,-11.6789474],[-46.8420138,-11.6789478],[-46.842001,-11.6789485],[-46.8419984,-11.6789483],[-46.8417683,-11.6788937],[-46.8416706,-11.6791002],[-46.8416701,-11.6791011],[-46.8415858,-11.6792366],[-46.8416685,-11.6793317],[-46.8416694,-11.6793331],[-46.8416702,-11.6793346],[-46.8416706,-11.6793362],[-46.8416707,-11.6793379],[-46.8416705,-11.6793395],[-46.84167,-11.6793411],[-46.8416692,-11.6793426],[-46.8415657,-11.6794977],[-46.8414491,-11.6796935],[-46.8413684,-11.6798314],[-46.8413674,-11.6798329],[-46.841366,-11.6798341],[-46.8413645,-11.679835],[-46.841117,-11.67995],[-46.8410434,-11.6801069],[-46.8410425,-11.6801084],[-46.8410412,-11.6801098],[-46.8409412,-11.6801972],[-46.8408664,-11.680303],[-46.8408652,-11.6803044],[-46.8408638,-11.6803055],[-46.8408622,-11.6803063],[-46.8408604,-11.6803067],[-46.8408586,-11.6803068],[-46.8407802,-11.6803026],[-46.8406815,-11.6802996],[-46.8406631,-11.6803761],[-46.8408826,-11.6804098],[-46.8408844,-11.6804103],[-46.840886,-11.680411],[-46.8408874,-11.6804121],[-46.8408886,-11.6804135],[-46.8408895,-11.680415],[-46.84089,-11.6804167],[-46.8408903,-11.6804185],[-46.8408901,-11.6804202],[-46.8408897,-11.680422],[-46.8408889,-11.6804236],[-46.8408878,-11.680425],[-46.8407272,-11.6805923],[-46.8407259,-11.6805935],[-46.8407243,-11.6805944],[-46.8407225,-11.6805949],[-46.8407207,-11.6805951],[-46.8404643,-11.6805944],[-46.8403097,-11.6806633],[-46.8403079,-11.6806639],[-46.840306,-11.6806641],[-46.8400784,-11.6806641],[-46.8400381,-11.6807041],[-46.8400361,-11.6807056],[-46.8400019,-11.6807246],[-46.8400588,-11.6812109],[-46.8400588,-11.6812127],[-46.8400585,-11.6812145],[-46.8400578,-11.6812161],[-46.8400568,-11.6812176],[-46.8398289,-11.6815002],[-46.8398278,-11.6815014],[-46.8398264,-11.6815024],[-46.8398249,-11.6815031],[-46.8398233,-11.6815035],[-46.8398216,-11.6815036],[-46.83982,-11.6815034],[-46.8398184,-11.6815029],[-46.8396118,-11.6814152],[-46.8396105,-11.6814145],[-46.8396093,-11.6814136],[-46.8394518,-11.681271],[-46.839348,-11.681279],[-46.8391754,-11.6813863],[-46.8390818,-11.681472],[-46.8390359,-11.681522],[-46.839131,-11.6817064],[-46.8391316,-11.6817078],[-46.8391319,-11.6817094],[-46.839132,-11.6817109],[-46.8391209,-11.6819578],[-46.8391207,-11.6819595],[-46.8391201,-11.6819611],[-46.8391192,-11.6819626],[-46.8391181,-11.6819639],[-46.8391168,-11.6819649],[-46.8391152,-11.6819657],[-46.8391136,-11.6819662],[-46.8391118,-11.6819664],[-46.8389148,-11.6819645],[-46.838715,-11.6820894],[-46.8387135,-11.6820901],[-46.8387119,-11.6820906],[-46.8387102,-11.6820908],[-46.8386087,-11.6820898],[-46.8386069,-11.6820896],[-46.8386051,-11.682089],[-46.8386035,-11.6820881],[-46.8386021,-11.6820869],[-46.838601,-11.6820854],[-46.8384637,-11.6818493],[-46.8382408,-11.6818096],[-46.8380783,-11.6818323],[-46.8381273,-11.6819411],[-46.8383036,-11.6820988],[-46.8383048,-11.6821],[-46.8383057,-11.6821015],[-46.8383063,-11.6821032],[-46.8383066,-11.6821049],[-46.8383065,-11.6821067],[-46.8383061,-11.6821084],[-46.8383054,-11.68211],[-46.8383044,-11.6821114],[-46.8383031,-11.6821126],[-46.8383016,-11.6821135],[-46.8382886,-11.68212],[-46.8382869,-11.6821207],[-46.8382852,-11.682121],[-46.8382834,-11.6821209],[-46.8382817,-11.6821205],[-46.8382801,-11.6821198],[-46.8382786,-11.6821188],[-46.8382774,-11.6821175],[-46.8382765,-11.682116],[-46.8382759,-11.6821143],[-46.8382756,-11.6821126],[-46.8382756,-11.6821108],[-46.838276,-11.6821091],[-46.8382767,-11.6821075],[-46.8382778,-11.682106],[-46.838279,-11.6821048],[-46.8382805,-11.6821039],[-46.8382817,-11.6821033],[-46.8381139,-11.6819532],[-46.8381126,-11.6819518],[-46.8381117,-11.6819502],[-46.838057,-11.6818287],[-46.8380564,-11.681827],[-46.8380562,-11.6818251],[-46.8380564,-11.6818233],[-46.8380569,-11.6818215],[-46.8380578,-11.6818199],[-46.838059,-11.6818185],[-46.8380605,-11.6818174],[-46.8380622,-11.6818166],[-46.838064,-11.6818161],[-46.8382397,-11.6817916],[-46.8382411,-11.6817915],[-46.8382425,-11.6817916],[-46.838471,-11.6818323],[-46.8384728,-11.6818329],[-46.8384745,-11.6818338],[-46.838476,-11.6818351],[-46.8384772,-11.6818367],[-46.838614,-11.6820719],[-46.8387077,-11.6820727],[-46.8389075,-11.6819479],[-46.838909,-11.6819471],[-46.8389106,-11.6819466],[-46.8389123,-11.6819465],[-46.8391033,-11.6819483],[-46.8391139,-11.6817125],[-46.839017,-11.6815247],[-46.8390164,-11.681523],[-46.8390161,-11.6815212],[-46.8390161,-11.6815194],[-46.8390165,-11.6815176],[-46.8390173,-11.681516],[-46.8390184,-11.6815145],[-46.8390688,-11.6814595],[-46.8390693,-11.681459],[-46.8391638,-11.6813725],[-46.8391651,-11.6813715],[-46.8393403,-11.6812626],[-46.8393423,-11.6812617],[-46.8393444,-11.6812612],[-46.8394553,-11.6812527],[-46.839457,-11.6812527],[-46.8394587,-11.6812531],[-46.8394604,-11.6812538],[-46.8394618,-11.6812549],[-46.839463,-11.6812561],[-46.839464,-11.6812576],[-46.8394641,-11.6812579],[-46.8396203,-11.6813992],[-46.8398192,-11.6814836],[-46.8400404,-11.6812093],[-46.8399834,-11.6807206],[-46.8399833,-11.6807189],[-46.8399836,-11.6807171],[-46.8399843,-11.6807155],[-46.8399852,-11.680714],[-46.8399865,-11.6807127],[-46.8399879,-11.6807117],[-46.8400263,-11.6806905],[-46.8400683,-11.6806487],[-46.8400697,-11.6806475],[-46.8400712,-11.6806467],[-46.8400729,-11.6806462],[-46.8400747,-11.680646],[-46.8403041,-11.6806461],[-46.8404588,-11.6805772],[-46.8404606,-11.6805766],[-46.8404625,-11.6805764],[-46.8407169,-11.6805771],[-46.8408628,-11.680425],[-46.8406507,-11.6803924],[-46.8406489,-11.6803919],[-46.8406472,-11.6803911],[-46.8406458,-11.6803899],[-46.8406446,-11.6803885],[-46.8406437,-11.6803869],[-46.8406432,-11.6803851],[-46.840643,-11.6803832],[-46.8406433,-11.6803814],[-46.8406657,-11.6802883],[-46.8406662,-11.6802867],[-46.8406671,-11.6802851],[-46.8406683,-11.6802838],[-46.8406697,-11.6802828],[-46.8406712,-11.680282],[-46.8406729,-11.6802815],[-46.8406747,-11.6802814],[-46.8407809,-11.6802846],[-46.8407811,-11.6802846],[-46.8408546,-11.6802886],[-46.8409271,-11.6801859],[-46.8409285,-11.6801844],[-46.8410279,-11.6800975],[-46.8411021,-11.6799394],[-46.8411029,-11.6799381],[-46.8411039,-11.6799369],[-46.8411051,-11.6799359],[-46.8411065,-11.6799351],[-46.8413543,-11.6798199],[-46.8414336,-11.6796843],[-46.8414336,-11.6796843],[-46.8415504,-11.6794883],[-46.8415506,-11.6794879],[-46.8416504,-11.6793383],[-46.8415678,-11.6792433],[-46.8415668,-11.6792418],[-46.841566,-11.67924],[-46.8415657,-11.6792382],[-46.8415657,-11.6792362],[-46.8415662,-11.6792344],[-46.841567,-11.6792327],[-46.8416545,-11.679092],[-46.8417551,-11.6788794],[-46.841756,-11.6788779],[-46.8417572,-11.6788766],[-46.8417586,-11.6788756],[-46.8417602,-11.6788748],[-46.8417618,-11.6788744],[-46.8417636,-11.6788743],[-46.8417653,-11.6788745],[-46.8420013,-11.6789305],[-46.8420115,-11.6789299],[-46.8423581,-11.6788115],[-46.8423582,-11.6788115],[-46.8426887,-11.6787047],[-46.8426905,-11.6787044],[-46.8430111,-11.6786679],[-46.8430136,-11.678668],[-46.8433396,-11.6787221],[-46.8433413,-11.6787226],[-46.8433429,-11.6787234],[-46.8433443,-11.6787245],[-46.8433455,-11.6787258],[-46.8433463,-11.6787273],[-46.8433469,-11.678729],[-46.843347,-11.67873],[-46.8434101,-11.6788134],[-46.8434101,-11.6788135],[-46.8434564,-11.678876],[-46.8436573,-11.6790152],[-46.8436588,-11.6790165],[-46.8436599,-11.6790179],[-46.8436607,-11.6790196],[-46.8437697,-11.6793298],[-46.8438335,-11.6793326],[-46.8439702,-11.6793294],[-46.8439709,-11.6793294],[-46.844022,-11.6793322],[-46.8440237,-11.6793325],[-46.8440253,-11.679333],[-46.8440268,-11.6793339],[-46.8440281,-11.679335],[-46.8440291,-11.6793363],[-46.8440299,-11.6793379],[-46.844185,-11.6797235],[-46.8443485,-11.6796926],[-46.8444971,-11.6796589],[-46.8444988,-11.6796587],[-46.8445006,-11.6796588],[-46.8445022,-11.6796592],[-46.8445183,-11.6796652],[-46.8447458,-11.6794994],[-46.8448506,-11.6792472],[-46.8449297,-11.6788976],[-46.8449303,-11.6788959],[-46.8449312,-11.6788943],[-46.8449323,-11.678893],[-46.8449338,-11.6788919],[-46.8449354,-11.6788911],[-46.8449371,-11.6788907],[-46.8450237,-11.6788774],[-46.8451094,-11.678846],[-46.8451096,-11.678846],[-46.8451097,-11.6788459],[-46.8451493,-11.6788332],[-46.845151,-11.6788328],[-46.8451527,-11.6788328],[-46.8451545,-11.6788331],[-46.8451561,-11.6788337],[-46.8451576,-11.6788347],[-46.8451589,-11.6788359],[-46.8452378,-11.678928],[-46.8454115,-11.6790323],[-46.8454907,-11.6790785],[-46.8455859,-11.6791277],[-46.8456859,-11.679177],[-46.8456873,-11.6791778],[-46.8458592,-11.6793032],[-46.8458596,-11.6793034],[-46.8459663,-11.6793886],[-46.8459675,-11.6793898],[-46.8459685,-11.6793913],[-46.8459692,-11.6793929],[-46.8459696,-11.6793946],[-46.8459696,-11.6793964],[-46.8459693,-11.6793981],[-46.8459687,-11.6793997],[-46.8459147,-11.6795063],[-46.8459142,-11.6795073],[-46.8458534,-11.6795969],[-46.8458668,-11.679681],[-46.8458862,-11.6797523],[-46.8458864,-11.6797538],[-46.8458865,-11.6797553],[-46.8458785,-11.6798662],[-46.8458782,-11.679868],[-46.8458775,-11.6798697],[-46.845732,-11.6801498],[-46.845732,-11.68015],[-46.8457314,-11.6801517],[-46.8457306,-11.6801532],[-46.8457294,-11.6801546],[-46.845442,-11.6804283],[-46.8454273,-11.6805439],[-46.8454273,-11.680544],[-46.8453971,-11.6807592],[-46.845396,-11.6808194],[-46.8453998,-11.6809221],[-46.845408,-11.6810875],[-46.845408,-11.6810893],[-46.8453845,-11.6812526],[-46.8453582,-11.6814527],[-46.8453647,-11.6817784],[-46.8453647,-11.681779],[-46.845364,-11.6817966],[-46.8456107,-11.6818557],[-46.8456112,-11.6818558],[-46.8458002,-11.6819139],[-46.8458017,-11.6819146],[-46.845803,-11.6819154],[-46.8459862,-11.6820564],[-46.8459873,-11.6820574],[-46.8459882,-11.6820585],[-46.8461507,-11.6823035],[-46.8461515,-11.6823051],[-46.846152,-11.6823068],[-46.8462269,-11.6827206],[-46.8463503,-11.6827865],[-46.8463517,-11.6827875],[-46.846353,-11.6827887],[-46.846354,-11.6827901],[-46.8463546,-11.6827917],[-46.846355,-11.6827935],[-46.846355,-11.6827952]]]]}},{"type":"Feature","properties":{"cod_imovel":"TO-1707009-BF20515DB6844BDDBB637E0D3425393E","uf":"TO","municipio":"Dianópolis","bioma":"2","temas_ambi":"Reserva Legal Proposta","modulos_ru":1.887,"sobreposic":0.0,"sobreposi0":0.0,"sobreposi1":0.0,"sobreposi2":0.0,"sobreposi3":0.0,"tipo_imove":"IRU","situacao_a":"Aguardando análise","status_imo":"AT","nu_retific":0,"dt_atualiz":"2025-09-18","dt_criacao":"2025-09-18","nu_area_im":58.8041,"NOME":"Reserva Legal proposta","OS":"OS 04.03","IMOVEL":"Fazenda Lavrinha - Lote 18"},"geometry":{"type":"Polygon","coordinates":[[[-46.840266,-11.685961],[-46.8401412,-11.6861273],[-46.8399912,-11.6863229],[-46.8399657,-11.6863629],[-46.839874,-11.6865398],[-46.8398729,-11.686542],[-46.8397908,-11.6867035],[-46.839788,-11.6867094],[-46.8397096,-11.6868734],[-46.8395959,-11.687003],[-46.8395915,-11.6870081],[-46.8395082,-11.687108],[-46.8393962,-11.6871897],[-46.839246,-11.6872863],[-46.8392275,-11.6872993],[-46.8391638,-11.687348],[-46.8390005,-11.6874304],[-46.8388579,-11.6874901],[-46.8388383,-11.6874991],[-46.8387281,-11.6875557],[-46.8386572,-11.6875886],[-46.8385929,-11.6876301],[-46.8385428,-11.6876875],[-46.8384687,-11.6878014],[-46.8383806,-11.6879321],[-46.8383518,-11.6879879],[-46.8383048,-11.6881132],[-46.8382999,-11.6881274],[-46.8382502,-11.688286],[-46.8382438,-11.6883102],[-46.8382083,-11.6884771],[-46.8382063,-11.6884874],[-46.8381819,-11.6886291],[-46.8381796,-11.6886458],[-46.8381735,-11.6887015],[-46.8381624,-11.688713],[-46.8381509,-11.6887257],[-46.8380783,-11.688811],[-46.8380311,-11.6888442],[-46.8380224,-11.6888506],[-46.8379747,-11.688887],[-46.8379705,-11.6888902],[-46.8378452,-11.6889899],[-46.8377151,-11.6890715],[-46.8376829,-11.6890952],[-46.8375816,-11.6891815],[-46.8374849,-11.6892443],[-46.8373311,-11.6893432],[-46.8371683,-11.6894425],[-46.8371511,-11.6894539],[-46.8370802,-11.6895048],[-46.83429,-11.6876822],[-46.8342966,-11.6876756],[-46.8344172,-11.6875553],[-46.834527,-11.6874456],[-46.8346215,-11.6873701],[-46.8347265,-11.6873071],[-46.8347567,-11.6872861],[-46.8348774,-11.6871897],[-46.8349,-11.6871695],[-46.8350098,-11.6870599],[-46.8351187,-11.6869729],[-46.8351613,-11.6869303],[-46.8352482,-11.6868218],[-46.835358,-11.6867122],[-46.8353781,-11.6866897],[-46.8354744,-11.6865695],[-46.8355053,-11.6865212],[-46.8355643,-11.686403],[-46.8356425,-11.6863053],[-46.8356634,-11.6862753],[-46.8357354,-11.6861553],[-46.8358074,-11.6860352],[-46.8358794,-11.6859152],[-46.8359042,-11.6858613],[-46.8359518,-11.6857175],[-46.8359994,-11.6855737],[-46.8360469,-11.6854299],[-46.836057,-11.6853886],[-46.8360804,-11.685245],[-46.8361037,-11.6851013],[-46.8361187,-11.6850085],[-46.8361548,-11.6849485],[-46.8363037,-11.6847625],[-46.8364595,-11.684568],[-46.8364729,-11.6845727],[-46.8365527,-11.6845763],[-46.8366301,-11.6845573],[-46.8367945,-11.6844906],[-46.836862,-11.6844513],[-46.8369156,-11.6843949],[-46.8369508,-11.6843258],[-46.8369648,-11.6842498],[-46.8369665,-11.6842036],[-46.8369823,-11.6841935],[-46.8370381,-11.6841227],[-46.8370675,-11.6840378],[-46.8370903,-11.6839002],[-46.8370912,-11.6838501],[-46.8371335,-11.6838023],[-46.8371675,-11.6837223],[-46.8371952,-11.6836081],[-46.8372014,-11.6835173],[-46.8371995,-11.6835107],[-46.8372203,-11.6835063],[-46.837302,-11.6834752],[-46.8373695,-11.6834204],[-46.8374163,-11.6833475],[-46.8374373,-11.6832637],[-46.8374307,-11.6831777],[-46.837397,-11.6830981],[-46.8373899,-11.6830901],[-46.8374196,-11.6830264],[-46.8378181,-11.6829534],[-46.8380955,-11.6829214],[-46.8381917,-11.682892],[-46.8382708,-11.6828304],[-46.8385004,-11.6825712],[-46.8385432,-11.682506],[-46.8385655,-11.6824314],[-46.8385654,-11.6823536],[-46.8385625,-11.682344],[-46.8386063,-11.682352],[-46.8387077,-11.6823529],[-46.8387857,-11.6823425],[-46.8388576,-11.6823108],[-46.8389909,-11.6822274],[-46.8391093,-11.6822285],[-46.8391927,-11.6822166],[-46.8392684,-11.6821804],[-46.8393295,-11.6821233],[-46.8393702,-11.6820507],[-46.8393868,-11.6819693],[-46.8393978,-11.6817225],[-46.8393919,-11.6816532],[-46.8393682,-11.6815877],[-46.8393639,-11.6815791],[-46.8393846,-11.6815662],[-46.8394293,-11.6816066],[-46.8395065,-11.6816559],[-46.8397131,-11.6817436],[-46.8397999,-11.6817649],[-46.839889,-11.6817576],[-46.839971,-11.6817225],[-46.8400373,-11.6816633],[-46.8402652,-11.6813807],[-46.8403022,-11.68132],[-46.840322,-11.6812518],[-46.8403231,-11.681181],[-46.8402934,-11.6809263],[-46.8403059,-11.6809263],[-46.8404194,-11.6809022],[-46.8405214,-11.6808567],[-46.84072,-11.6808573],[-46.840794,-11.6808475],[-46.8408625,-11.6808185],[-46.8409207,-11.6807724],[-46.8410812,-11.680605],[-46.8411294,-11.6805359],[-46.8411538,-11.6804556],[-46.8411522,-11.6803717],[-46.84115,-11.6803652],[-46.8412178,-11.6803059],[-46.841285,-11.6802169],[-46.841318,-11.6801465],[-46.841478,-11.6800721],[-46.841547,-11.6800263],[-46.841599,-11.6799623],[-46.8416792,-11.6798253],[-46.8417918,-11.6796361],[-46.8418916,-11.6794866],[-46.8419276,-11.6794071],[-46.8419362,-11.6793205],[-46.8419166,-11.6792356],[-46.8419069,-11.6792199],[-46.8419118,-11.6792109],[-46.8419176,-11.6791988],[-46.8419362,-11.6792032],[-46.8420155,-11.6792103],[-46.8420283,-11.6792096],[-46.8421033,-11.6791951],[-46.8424489,-11.679077],[-46.8427507,-11.6789796],[-46.8430049,-11.6789507],[-46.8431816,-11.67898],[-46.8432278,-11.6790424],[-46.8432918,-11.6791044],[-46.8434213,-11.6791941],[-46.8435033,-11.6794273],[-46.8435412,-11.6794987],[-46.8435988,-11.6795559],[-46.8436708,-11.679594],[-46.8437511,-11.6796095],[-46.8438212,-11.6796125],[-46.8438348,-11.6796127],[-46.8439237,-11.6798337],[-46.8439732,-11.6799132],[-46.8440471,-11.6799715],[-46.8441367,-11.6800017],[-46.8442313,-11.6800001],[-46.8444022,-11.6799678],[-46.8444121,-11.6799657],[-46.8445039,-11.6799449],[-46.844512,-11.6799464],[-46.8446022,-11.6799341],[-46.8446834,-11.6798934],[-46.8449168,-11.6797232],[-46.8449703,-11.6796717],[-46.8450077,-11.679608],[-46.8451138,-11.6793527],[-46.8451277,-11.679309],[-46.8451514,-11.6792042],[-46.8452637,-11.6792716],[-46.8452669,-11.6792734],[-46.8453464,-11.6793198],[-46.8453585,-11.6793264],[-46.8454539,-11.6793758],[-46.8454588,-11.6793783],[-46.8455376,-11.6794171],[-46.8456055,-11.6794666],[-46.8455752,-11.6795365],[-46.8455721,-11.6796369],[-46.8455862,-11.679725],[-46.8455922,-11.6797531],[-46.8455998,-11.6797808],[-46.845599,-11.6797912],[-46.8454983,-11.6799851],[-46.8452423,-11.680229],[-46.8451873,-11.6803028],[-46.8451605,-11.6803904],[-46.8451456,-11.6805074],[-46.8451156,-11.6807214],[-46.8451131,-11.6807533],[-46.8451119,-11.6808143],[-46.845112,-11.6808294],[-46.8451159,-11.6809325],[-46.845116,-11.6809358],[-46.845123,-11.6810755],[-46.8451031,-11.6812133],[-46.8451027,-11.6812165],[-46.8450763,-11.6814174],[-46.8450741,-11.6814576],[-46.8450805,-11.6817757],[-46.8450798,-11.6817924],[-46.845092,-11.6818843],[-46.8451349,-11.6819667],[-46.8452034,-11.6820301],[-46.8452897,-11.6820671],[-46.845535,-11.6821259],[-46.8456677,-11.6821667],[-46.8457754,-11.6822496],[-46.8458822,-11.6824105],[-46.845948,-11.6827741],[-46.8459521,-11.6827862],[-46.8459334,-11.6827816],[-46.8458501,-11.6827864],[-46.8457722,-11.6828155],[-46.8457067,-11.6828663],[-46.8455332,-11.6830492],[-46.8453597,-11.6832321],[-46.84532,-11.6832859],[-46.8452948,-11.6833477],[-46.8452379,-11.6835585],[-46.8452302,-11.6836565],[-46.8452333,-11.6836852],[-46.8450546,-11.6837182],[-46.8449761,-11.6837452],[-46.8449094,-11.6837942],[-46.8447929,-11.6839105],[-46.8447592,-11.6839516],[-46.8446509,-11.6841131],[-46.8446319,-11.6841464],[-46.8445612,-11.6842932],[-46.8445448,-11.6843366],[-46.8445428,-11.6843437],[-46.8444623,-11.6843548],[-46.8443072,-11.6843683],[-46.8441973,-11.6843532],[-46.8440402,-11.6843184],[-46.8438965,-11.6842758],[-46.8436542,-11.6841791],[-46.8436248,-11.6841692],[-46.8435466,-11.6841477],[-46.8434172,-11.6840749],[-46.8433547,-11.6840492],[-46.8432877,-11.6840393],[-46.8429897,-11.6840318],[-46.8429475,-11.684034],[-46.842778,-11.6840556],[-46.8426397,-11.6840622],[-46.8424936,-11.6840662],[-46.8424038,-11.6840836],[-46.8423248,-11.6841292],[-46.8421999,-11.6842321],[-46.8420877,-11.6843224],[-46.8420361,-11.6843771],[-46.8418779,-11.6846004],[-46.84179,-11.6847183],[-46.8416618,-11.6848229],[-46.8416306,-11.6848526],[-46.8415379,-11.6849564],[-46.8413961,-11.6850807],[-46.8413855,-11.6850905],[-46.8412627,-11.6852101],[-46.8410944,-11.6853542],[-46.8409572,-11.6854684],[-46.8407463,-11.6856047],[-46.8406432,-11.6856672],[-46.840616,-11.6856859],[-46.8405161,-11.6857641],[-46.8403237,-11.6859042],[-46.840266,-11.685961]]]}},{"type":"Feature","properties":{"cod_imovel":"TO-1707009-BF20515DB6844BDDBB637E0D3425393E","uf":"TO","municipio":"Dianópolis","bioma":"2","temas_ambi":"Área de Preservação Permanente de Rios até 10 metros","modulos_ru":1.887,"sobreposic":0.0,"sobreposi0":0.0,"sobreposi1":0.0,"sobreposi2":0.0,"sobreposi3":0.0,"tipo_imove":"IRU","situacao_a":"Aguardando análise","status_imo":"AT","nu_retific":0,"dt_atualiz":"2025-09-18","dt_criacao":"2025-09-18","nu_area_im":26.5182,"NOME":"Área de Preservação Permanente","OS":"OS 04.03","IMOVEL":"Fazenda Lavrinha - Lote 18"},"geometry":{"type":"MultiPolygon","coordinates":[[[[-46.8286373,-11.6855718],[-46.8287417,-11.6853331],[-46.8288108,-11.6851031],[-46.8289303,-11.6849483],[-46.82908,-11.6846328],[-46.8289364,-11.6845341],[-46.8289366,-11.6845339],[-46.828937,-11.6845331],[-46.8291092,-11.6846327],[-46.8289237,-11.6850346],[-46.8289236,-11.6850348],[-46.828821,-11.6852742],[-46.8288204,-11.6852759],[-46.8288202,-11.6852776],[-46.8288204,-11.6852793],[-46.8288208,-11.685281],[-46.8289642,-11.6856605],[-46.8289652,-11.6856624],[-46.8289666,-11.685664],[-46.8291524,-11.6858283],[-46.8292961,-11.6861016],[-46.8292951,-11.6863715],[-46.8292951,-11.6863725],[-46.8293491,-11.6868852],[-46.8293406,-11.6873006],[-46.8292865,-11.6876279],[-46.8292864,-11.6876298],[-46.8292867,-11.6876317],[-46.829356,-11.6878922],[-46.8293566,-11.6878939],[-46.8293575,-11.6878953],[-46.8293587,-11.6878966],[-46.8293601,-11.6878976],[-46.8293616,-11.6878984],[-46.8298474,-11.6880785],[-46.829849,-11.688079],[-46.8298508,-11.6880791],[-46.8303127,-11.688065],[-46.8303144,-11.6880648],[-46.8303161,-11.6880642],[-46.8303176,-11.6880634],[-46.830319,-11.6880622],[-46.8303201,-11.6880608],[-46.8303208,-11.6880592],[-46.8303213,-11.6880575],[-46.8303214,-11.6880558],[-46.8303212,-11.688054],[-46.8303206,-11.6880523],[-46.8303197,-11.6880508],[-46.8303186,-11.6880495],[-46.8303172,-11.6880484],[-46.8303156,-11.6880476],[-46.8303139,-11.6880471],[-46.8303121,-11.688047],[-46.829852,-11.688061],[-46.8293723,-11.6878831],[-46.8293046,-11.6876289],[-46.8293585,-11.6873029],[-46.8293586,-11.6873016],[-46.8293672,-11.686885],[-46.8293671,-11.6868839],[-46.8293131,-11.6863711],[-46.8293141,-11.6860994],[-46.8293139,-11.6860973],[-46.8293131,-11.6860952],[-46.8291676,-11.6858185],[-46.8291667,-11.6858171],[-46.8291656,-11.6858159],[-46.8289802,-11.685652],[-46.828839,-11.685278],[-46.8289401,-11.685042],[-46.829129,-11.6846328],[-46.8291295,-11.6846312],[-46.8291298,-11.6846296],[-46.8291297,-11.6846279],[-46.8291294,-11.6846263],[-46.8291287,-11.6846247],[-46.8291278,-11.6846234],[-46.8291267,-11.6846222],[-46.8291253,-11.6846212],[-46.8289438,-11.6845163],[-46.8290126,-11.6843435],[-46.8291541,-11.6843825],[-46.8291559,-11.6843829],[-46.8291577,-11.6843828],[-46.8291595,-11.6843824],[-46.8291611,-11.6843816],[-46.8291626,-11.6843805],[-46.8291638,-11.6843791],[-46.8291647,-11.6843775],[-46.8291653,-11.6843757],[-46.829206,-11.6841849],[-46.8292062,-11.6841832],[-46.8292061,-11.6841814],[-46.8292056,-11.6841797],[-46.8292047,-11.6841781],[-46.8292036,-11.6841767],[-46.8292022,-11.6841756],[-46.8292006,-11.6841747],[-46.8291989,-11.6841742],[-46.8291971,-11.6841741],[-46.8290501,-11.684175],[-46.8290856,-11.6840192],[-46.8293234,-11.6839488],[-46.829325,-11.6839482],[-46.8293264,-11.6839472],[-46.8293277,-11.683946],[-46.8293287,-11.6839446],[-46.8294013,-11.6838134],[-46.8295216,-11.6838422],[-46.8295235,-11.6838425],[-46.8295254,-11.6838423],[-46.8295272,-11.6838418],[-46.8295289,-11.6838408],[-46.8295303,-11.6838396],[-46.8297045,-11.6836515],[-46.8298688,-11.6835189],[-46.8298701,-11.6835176],[-46.8298711,-11.683516],[-46.8298718,-11.6835142],[-46.829907,-11.683379],[-46.8301802,-11.6835009],[-46.8301819,-11.6835015],[-46.8301836,-11.6835017],[-46.8301854,-11.6835016],[-46.830187,-11.6835011],[-46.8301886,-11.6835003],[-46.83019,-11.6834993],[-46.8301912,-11.6834979],[-46.8301921,-11.6834964],[-46.8301926,-11.6834948],[-46.8301929,-11.683493],[-46.8301928,-11.6834913],[-46.8301806,-11.6834152],[-46.8301993,-11.6834294],[-46.8302009,-11.6834304],[-46.8302026,-11.683431],[-46.8302044,-11.6834313],[-46.8302062,-11.6834312],[-46.8302079,-11.6834307],[-46.8302095,-11.6834299],[-46.830211,-11.6834288],[-46.8302121,-11.6834275],[-46.830213,-11.6834259],[-46.8302136,-11.6834242],[-46.8302717,-11.6831574],[-46.8304135,-11.6831181],[-46.8304151,-11.6831175],[-46.8304165,-11.6831166],[-46.8304178,-11.6831155],[-46.8304188,-11.6831141],[-46.8304195,-11.6831126],[-46.83042,-11.683111],[-46.8304427,-11.6829865],[-46.830621,-11.6829288],[-46.8306226,-11.6829282],[-46.8306239,-11.6829272],[-46.8306251,-11.6829261],[-46.8307694,-11.6827555],[-46.8311971,-11.6828107],[-46.8311988,-11.6828107],[-46.8312004,-11.6828105],[-46.831202,-11.6828099],[-46.8312035,-11.6828091],[-46.8312048,-11.682808],[-46.8312058,-11.6828066],[-46.8312066,-11.6828051],[-46.8312071,-11.6828035],[-46.8312072,-11.6828018],[-46.8312071,-11.6828002],[-46.8312067,-11.6827985],[-46.8311471,-11.6826428],[-46.8312636,-11.6826025],[-46.8312654,-11.6826017],[-46.8312669,-11.6826005],[-46.8312682,-11.682599],[-46.831269,-11.6825973],[-46.8313002,-11.6825173],[-46.831472,-11.6826214],[-46.8314736,-11.6826222],[-46.8314752,-11.6826226],[-46.8314769,-11.6826227],[-46.8314787,-11.6826225],[-46.831572,-11.6826016],[-46.8315735,-11.6826011],[-46.8318187,-11.6824983],[-46.8319069,-11.6825782],[-46.8319084,-11.6825792],[-46.83191,-11.68258],[-46.8319117,-11.6825804],[-46.8319135,-11.6825805],[-46.8319153,-11.6825802],[-46.831917,-11.6825796],[-46.8319185,-11.6825786],[-46.8320888,-11.6824463],[-46.83209,-11.6824452],[-46.8320909,-11.6824439],[-46.8320917,-11.6824424],[-46.8321856,-11.6821947],[-46.8323132,-11.6821132],[-46.8325054,-11.6822792],[-46.8325984,-11.6825729],[-46.8325991,-11.6825744],[-46.8326,-11.6825758],[-46.8326011,-11.682577],[-46.8326024,-11.6825779],[-46.8326039,-11.6825786],[-46.8326054,-11.6825791],[-46.8327963,-11.6826133],[-46.8331372,-11.682948],[-46.8331381,-11.6829488],[-46.8332145,-11.6830061],[-46.8332159,-11.683007],[-46.8333017,-11.6830501],[-46.8333034,-11.6830508],[-46.8333052,-11.6830511],[-46.833307,-11.683051],[-46.8333087,-11.6830506],[-46.8333104,-11.6830499],[-46.8333118,-11.6830488],[-46.833313,-11.6830475],[-46.8333139,-11.6830459],[-46.8333145,-11.6830442],[-46.8333148,-11.6830424],[-46.8333147,-11.6830407],[-46.8333139,-11.6830358],[-46.8333417,-11.6830729],[-46.8333429,-11.6830742],[-46.8333443,-11.6830753],[-46.8333459,-11.683076],[-46.8334789,-11.6831224],[-46.8334808,-11.6831229],[-46.8336699,-11.6831456],[-46.8336447,-11.6835016],[-46.8336448,-11.6835033],[-46.8336451,-11.683505],[-46.8336458,-11.6835066],[-46.8336468,-11.683508],[-46.833648,-11.6835092],[-46.8336494,-11.6835101],[-46.8337769,-11.6835789],[-46.8337783,-11.6835795],[-46.8337799,-11.6835799],[-46.8337815,-11.6835799],[-46.8339349,-11.6835738],[-46.8338885,-11.6837127],[-46.8338881,-11.6837149],[-46.8338767,-11.6838904],[-46.8337734,-11.6840322],[-46.8337725,-11.6840338],[-46.8337719,-11.6840355],[-46.8337717,-11.6840373],[-46.8337673,-11.6842348],[-46.8337675,-11.6842366],[-46.833768,-11.6842383],[-46.8337688,-11.6842399],[-46.8337699,-11.6842413],[-46.8339448,-11.6844224],[-46.8339804,-11.6845099],[-46.8339372,-11.6847244],[-46.8339371,-11.6847261],[-46.8339372,-11.6847277],[-46.8339376,-11.6847293],[-46.8339383,-11.6847308],[-46.8339393,-11.6847321],[-46.8339405,-11.6847333],[-46.8339419,-11.6847342],[-46.8341327,-11.6848349],[-46.8342687,-11.6850081],[-46.834338,-11.6851849],[-46.8341808,-11.6853635],[-46.833993,-11.6854266],[-46.8339915,-11.6854273],[-46.8339901,-11.6854282],[-46.8339889,-11.6854294],[-46.8339879,-11.6854309],[-46.8339873,-11.6854324],[-46.8339869,-11.6854341],[-46.8339869,-11.6854358],[-46.834007,-11.6856971],[-46.8340072,-11.6856985],[-46.8340076,-11.6856999],[-46.8341213,-11.6859707],[-46.8340455,-11.6863912],[-46.8340182,-11.6865304],[-46.8340181,-11.6865321],[-46.8340183,-11.6865339],[-46.8340188,-11.6865356],[-46.8340196,-11.6865371],[-46.8340207,-11.6865385],[-46.8340221,-11.6865396],[-46.8340237,-11.6865405],[-46.8340254,-11.686541],[-46.8340271,-11.6865411],[-46.8340289,-11.686541],[-46.8340306,-11.6865404],[-46.8340321,-11.6865396],[-46.8340335,-11.6865385],[-46.8340346,-11.6865371],[-46.8340354,-11.6865355],[-46.8340359,-11.6865339],[-46.8340632,-11.6863946],[-46.8340633,-11.6863945],[-46.8341395,-11.6859712],[-46.8341396,-11.6859695],[-46.8341394,-11.6859678],[-46.8341389,-11.6859662],[-46.8340248,-11.6856943],[-46.8340054,-11.6854414],[-46.8341888,-11.6853799],[-46.8341903,-11.6853792],[-46.8341916,-11.6853783],[-46.8341927,-11.6853773],[-46.8343552,-11.6851927],[-46.8343561,-11.6851913],[-46.8343568,-11.6851899],[-46.8343573,-11.6851883],[-46.8343574,-11.6851866],[-46.8343572,-11.685185],[-46.8343568,-11.6851834],[-46.834285,-11.6850003],[-46.8342837,-11.684998],[-46.8341457,-11.6848223],[-46.8341444,-11.684821],[-46.8341428,-11.6848199],[-46.8339562,-11.6847214],[-46.8339986,-11.6845108],[-46.8339988,-11.684509],[-46.8339986,-11.6845073],[-46.8339981,-11.6845056],[-46.8339608,-11.684414],[-46.8339601,-11.6844125],[-46.833959,-11.6844112],[-46.8337854,-11.6842314],[-46.8337896,-11.6840405],[-46.8338928,-11.6838989],[-46.8338937,-11.6838974],[-46.8338943,-11.6838958],[-46.8338946,-11.6838942],[-46.833906,-11.6837173],[-46.8339561,-11.6835672],[-46.8339565,-11.6835655],[-46.8339566,-11.6835637],[-46.8339563,-11.683562],[-46.8339557,-11.6835604],[-46.8339548,-11.6835589],[-46.8339536,-11.6835576],[-46.8339522,-11.6835566],[-46.8339507,-11.6835558],[-46.833949,-11.6835554],[-46.8339472,-11.6835553],[-46.8337833,-11.6835618],[-46.8336631,-11.683497],[-46.8336885,-11.6831383],[-46.8336885,-11.6831366],[-46.8336881,-11.683135],[-46.8336874,-11.6831334],[-46.8336865,-11.683132],[-46.8336853,-11.6831308],[-46.8336839,-11.6831298],[-46.8336823,-11.6831291],[-46.8336806,-11.6831288],[-46.8334839,-11.6831051],[-46.8333545,-11.6830599],[-46.8333077,-11.6829975],[-46.8332682,-11.6827528],[-46.8334124,-11.682724],[-46.8336556,-11.6827178],[-46.8336574,-11.6827175],[-46.8336592,-11.6827169],[-46.8336607,-11.682716],[-46.8336621,-11.6827148],[-46.8336632,-11.6827133],[-46.8336639,-11.6827116],[-46.8336643,-11.6827098],[-46.8336644,-11.682708],[-46.833664,-11.6827062],[-46.8336633,-11.6827045],[-46.8336623,-11.682703],[-46.8335073,-11.682516],[-46.8335403,-11.6824755],[-46.8337731,-11.6825107],[-46.8337749,-11.6825108],[-46.8337767,-11.6825105],[-46.8337784,-11.6825099],[-46.83378,-11.682509],[-46.8337813,-11.6825077],[-46.8337823,-11.6825062],[-46.833783,-11.6825046],[-46.8338319,-11.6823508],[-46.8339187,-11.6823649],[-46.8339356,-11.6825963],[-46.8339298,-11.6829192],[-46.83393,-11.6829209],[-46.8339304,-11.6829226],[-46.8339313,-11.6829242],[-46.8339323,-11.6829256],[-46.8339337,-11.6829267],[-46.8339352,-11.6829276],[-46.8339369,-11.6829281],[-46.8339387,-11.6829284],[-46.8339404,-11.6829282],[-46.8339421,-11.6829277],[-46.8339437,-11.6829269],[-46.8339451,-11.6829258],[-46.8341367,-11.6827406],[-46.8343078,-11.6828544],[-46.834298,-11.6829992],[-46.834298,-11.6830009],[-46.8342984,-11.6830025],[-46.8342991,-11.6830041],[-46.8343,-11.6830055],[-46.8343012,-11.6830067],[-46.8343026,-11.6830076],[-46.8343041,-11.6830083],[-46.8343058,-11.6830087],[-46.8343169,-11.6830102],[-46.8343182,-11.6830103],[-46.8344596,-11.6830078],[-46.8345124,-11.6830212],[-46.8345142,-11.6830215],[-46.834516,-11.6830214],[-46.8345178,-11.6830209],[-46.8345194,-11.6830201],[-46.8345209,-11.683019],[-46.834522,-11.6830177],[-46.8345229,-11.6830161],[-46.8345235,-11.6830144],[-46.8345237,-11.6830126],[-46.8345252,-11.6827669],[-46.8345466,-11.6826818],[-46.8347128,-11.6826657],[-46.8347141,-11.6826655],[-46.8348814,-11.6826243],[-46.8351047,-11.6826724],[-46.8351058,-11.6826725],[-46.8354116,-11.6827001],[-46.8356139,-11.6828084],[-46.8355588,-11.6828509],[-46.8354311,-11.682826],[-46.8354293,-11.6828258],[-46.8354274,-11.6828261],[-46.8354256,-11.6828267],[-46.835424,-11.6828277],[-46.8354226,-11.6828289],[-46.8354215,-11.6828305],[-46.8354137,-11.6828446],[-46.835413,-11.6828463],[-46.8354126,-11.6828482],[-46.8354126,-11.6828501],[-46.8354344,-11.6830202],[-46.8354347,-11.6830219],[-46.8354354,-11.6830234],[-46.8354364,-11.6830248],[-46.8354376,-11.683026],[-46.835439,-11.683027],[-46.8354405,-11.6830276],[-46.8354422,-11.683028],[-46.8357225,-11.6830621],[-46.836038,-11.6831328],[-46.8360084,-11.6832347],[-46.8357352,-11.6832456],[-46.8355155,-11.6832189],[-46.8355136,-11.6832189],[-46.8355118,-11.6832192],[-46.8355102,-11.6832199],[-46.8355086,-11.683221],[-46.8355074,-11.6832223],[-46.8355064,-11.6832238],[-46.8355057,-11.6832255],[-46.8355054,-11.6832273],[-46.8355055,-11.6832291],[-46.8355331,-11.6834274],[-46.8353318,-11.6836176],[-46.8353306,-11.6836189],[-46.8353298,-11.6836204],[-46.8353292,-11.683622],[-46.8353289,-11.6836236],[-46.835329,-11.6836253],[-46.8353623,-11.683875],[-46.8353628,-11.6838769],[-46.8353636,-11.6838786],[-46.8353648,-11.6838801],[-46.8353663,-11.6838813],[-46.835368,-11.6838822],[-46.8359204,-11.6840972],[-46.8361796,-11.6842323],[-46.8361813,-11.684233],[-46.8361831,-11.6842333],[-46.8361849,-11.6842333],[-46.8361867,-11.6842328],[-46.8361884,-11.6842321],[-46.83633,-11.6841464],[-46.8363958,-11.6841955],[-46.8362412,-11.6843885],[-46.8360807,-11.6845888],[-46.8359203,-11.6847892],[-46.8359196,-11.6847902],[-46.8358476,-11.6849102],[-46.8358469,-11.6849117],[-46.8358464,-11.6849134],[-46.8358231,-11.685057],[-46.8357998,-11.6852007],[-46.8357766,-11.6853436],[-46.8357292,-11.6854868],[-46.8356816,-11.6856306],[-46.8356344,-11.6857734],[-46.8355629,-11.6858926],[-46.8354909,-11.6860126],[-46.8354192,-11.6861322],[-46.8353233,-11.6862519],[-46.8353223,-11.6862535],[-46.8352508,-11.6863966],[-46.8351555,-11.6865157],[-46.8350353,-11.6866357],[-46.8350346,-11.6866364],[-46.834939,-11.6867558],[-46.8348191,-11.6868516],[-46.8348183,-11.6868523],[-46.8346981,-11.6869723],[-46.8345783,-11.687068],[-46.834458,-11.6871403],[-46.834457,-11.6871409],[-46.8343363,-11.6872374],[-46.8343355,-11.687238],[-46.834215,-11.6873584],[-46.8340945,-11.6874787],[-46.8339739,-11.6875991],[-46.8339726,-11.6876008],[-46.8339006,-11.6877209],[-46.8338997,-11.6877227],[-46.8338521,-11.6878665],[-46.8338518,-11.6878679],[-46.8338286,-11.688011],[-46.8337813,-11.688178],[-46.8337338,-11.6883217],[-46.8337335,-11.6883231],[-46.8337101,-11.6884667],[-46.8336869,-11.6886096],[-46.8336401,-11.6887512],[-46.8335448,-11.6888702],[-46.8335441,-11.6888712],[-46.8334721,-11.6889912],[-46.8334713,-11.688993],[-46.8334237,-11.6891368],[-46.8334234,-11.6891382],[-46.8334233,-11.6891397],[-46.8334242,-11.6892832],[-46.8334251,-11.6894267],[-46.8334261,-11.6895702],[-46.8334262,-11.6895717],[-46.8334513,-11.6897143],[-46.8334515,-11.6897374],[-46.8334516,-11.6897392],[-46.8334522,-11.6897409],[-46.833453,-11.6897424],[-46.8334541,-11.6897438],[-46.8334555,-11.6897449],[-46.8334571,-11.6897457],[-46.8334588,-11.6897462],[-46.8334605,-11.6897464],[-46.8334623,-11.6897462],[-46.833464,-11.6897457],[-46.8334655,-11.6897448],[-46.8334669,-11.6897437],[-46.833468,-11.6897423],[-46.8334688,-11.6897408],[-46.8334693,-11.6897391],[-46.8334695,-11.6897373],[-46.8334693,-11.6897134],[-46.8334692,-11.6897119],[-46.8334441,-11.6895693],[-46.8334432,-11.6894266],[-46.8334422,-11.6892831],[-46.8334413,-11.6891411],[-46.8334881,-11.6889996],[-46.8335593,-11.6888809],[-46.8336552,-11.6887612],[-46.8336561,-11.6887599],[-46.8336567,-11.6887584],[-46.8337043,-11.6886146],[-46.8337046,-11.6886132],[-46.8337279,-11.6884696],[-46.8337511,-11.6883266],[-46.8337985,-11.6881835],[-46.8337986,-11.6881831],[-46.833846,-11.6880154],[-46.8338463,-11.6880144],[-46.8338695,-11.6878715],[-46.8339165,-11.6877293],[-46.8339874,-11.6876111],[-46.8341072,-11.6874915],[-46.8342277,-11.6873711],[-46.8343479,-11.6872511],[-46.8344678,-11.6871554],[-46.8345881,-11.6870832],[-46.8345891,-11.6870825],[-46.8347098,-11.6869861],[-46.8347105,-11.6869854],[-46.8348307,-11.6868654],[-46.834951,-11.6867693],[-46.8349524,-11.6867679],[-46.8350484,-11.6866481],[-46.8351686,-11.6865281],[-46.8351692,-11.6865273],[-46.8352655,-11.6864071],[-46.8352665,-11.6864055],[-46.8353379,-11.6862624],[-46.8354336,-11.686143],[-46.8354343,-11.686142],[-46.8355063,-11.6860219],[-46.8355783,-11.6859019],[-46.8356503,-11.6857818],[-46.8356512,-11.68578],[-46.8356987,-11.6856362],[-46.8357463,-11.6854924],[-46.8357939,-11.6853486],[-46.8357943,-11.6853472],[-46.8358176,-11.6852036],[-46.8358409,-11.6850599],[-46.8358639,-11.684918],[-46.8359347,-11.6847999],[-46.8360948,-11.6846001],[-46.8362553,-11.6843998],[-46.8364095,-11.6842071],[-46.8365192,-11.684313],[-46.8365206,-11.6843141],[-46.8365221,-11.6843148],[-46.8365237,-11.6843153],[-46.8365255,-11.6843155],[-46.8365272,-11.6843153],[-46.8365288,-11.6843148],[-46.8366932,-11.6842482],[-46.8366947,-11.6842474],[-46.8366961,-11.6842463],[-46.8366972,-11.684245],[-46.836698,-11.6842435],[-46.8366986,-11.6842419],[-46.8366988,-11.6842402],[-46.8367097,-11.6839483],[-46.836791,-11.6840015],[-46.8367926,-11.6840023],[-46.8367943,-11.6840028],[-46.8367961,-11.684003],[-46.8367979,-11.6840028],[-46.8367996,-11.6840022],[-46.8368011,-11.6840013],[-46.8368025,-11.6840002],[-46.8368036,-11.6839988],[-46.8368044,-11.6839972],[-46.8368048,-11.6839954],[-46.8368277,-11.6838578],[-46.8368278,-11.6838561],[-46.8368276,-11.6838544],[-46.836827,-11.6838527],[-46.8368262,-11.6838512],[-46.836825,-11.6838499],[-46.8368237,-11.6838488],[-46.8366603,-11.6837444],[-46.836654,-11.6836802],[-46.8369004,-11.6836681],[-46.836902,-11.6836678],[-46.8369036,-11.6836673],[-46.836905,-11.6836665],[-46.8369063,-11.6836655],[-46.8369073,-11.6836642],[-46.8369081,-11.6836628],[-46.8369087,-11.6836612],[-46.8369364,-11.683547],[-46.8369367,-11.683545],[-46.8369365,-11.6835429],[-46.8369358,-11.683541],[-46.8368881,-11.6834408],[-46.8368637,-11.683313],[-46.837165,-11.6832499],[-46.8371668,-11.6832493],[-46.8371684,-11.6832484],[-46.8371698,-11.6832472],[-46.8371709,-11.6832457],[-46.8371717,-11.6832441],[-46.8371721,-11.6832423],[-46.8371722,-11.6832405],[-46.8371719,-11.6832387],[-46.8371712,-11.6832369],[-46.8371702,-11.6832354],[-46.8371689,-11.6832341],[-46.8369987,-11.6830939],[-46.8371173,-11.6830412],[-46.8371187,-11.6830404],[-46.83712,-11.6830394],[-46.837121,-11.6830382],[-46.8371218,-11.6830368],[-46.8372355,-11.6827935],[-46.8377783,-11.682694],[-46.8380646,-11.682661],[-46.8380662,-11.6826607],[-46.8380677,-11.68266],[-46.8380691,-11.6826591],[-46.8380703,-11.682658],[-46.8382999,-11.6823988],[-46.8383009,-11.6823974],[-46.8383017,-11.6823959],[-46.8383021,-11.6823942],[-46.8383022,-11.6823924],[-46.8383019,-11.6823907],[-46.8383013,-11.682389],[-46.8381966,-11.6821658],[-46.8382721,-11.6821282],[-46.8382736,-11.6821273],[-46.8382748,-11.6821261],[-46.8382759,-11.6821247],[-46.8382766,-11.682123],[-46.838277,-11.6821213],[-46.838277,-11.6821196],[-46.8382767,-11.6821178],[-46.8382766,-11.6821175],[-46.8382773,-11.6821173],[-46.8382774,-11.6821175],[-46.8382786,-11.6821188],[-46.8382801,-11.6821198],[-46.8382817,-11.6821205],[-46.8382834,-11.6821209],[-46.8382852,-11.682121],[-46.8382869,-11.6821207],[-46.8382886,-11.68212],[-46.8383016,-11.6821135],[-46.8383031,-11.6821126],[-46.8383044,-11.6821114],[-46.8383054,-11.68211],[-46.8383061,-11.6821084],[-46.8383065,-11.6821067],[-46.8383066,-11.6821049],[-46.8383063,-11.6821032],[-46.8383057,-11.6821015],[-46.8383048,-11.6821],[-46.8383036,-11.6820988],[-46.8381273,-11.6819411],[-46.8380783,-11.6818323],[-46.8382408,-11.6818096],[-46.8384637,-11.6818493],[-46.838601,-11.6820854],[-46.8386021,-11.6820869],[-46.8386035,-11.6820881],[-46.8386051,-11.682089],[-46.8386069,-11.6820896],[-46.8386087,-11.6820898],[-46.8387102,-11.6820908],[-46.8387119,-11.6820906],[-46.8387135,-11.6820901],[-46.838715,-11.6820894],[-46.8389148,-11.6819645],[-46.8391118,-11.6819664],[-46.8391136,-11.6819662],[-46.8391152,-11.6819657],[-46.8391168,-11.6819649],[-46.8391181,-11.6819639],[-46.8391192,-11.6819626],[-46.8391201,-11.6819611],[-46.8391207,-11.6819595],[-46.8391209,-11.6819578],[-46.839132,-11.6817109],[-46.8391319,-11.6817094],[-46.8391316,-11.6817078],[-46.839131,-11.6817064],[-46.8390359,-11.681522],[-46.8390818,-11.681472],[-46.8391754,-11.6813863],[-46.839348,-11.681279],[-46.8394518,-11.681271],[-46.8396093,-11.6814136],[-46.8396105,-11.6814145],[-46.8396118,-11.6814152],[-46.8398184,-11.6815029],[-46.83982,-11.6815034],[-46.8398216,-11.6815036],[-46.8398233,-11.6815035],[-46.8398249,-11.6815031],[-46.8398264,-11.6815024],[-46.8398278,-11.6815014],[-46.8398289,-11.6815002],[-46.8400568,-11.6812176],[-46.8400578,-11.6812161],[-46.8400585,-11.6812145],[-46.8400588,-11.6812127],[-46.8400588,-11.6812109],[-46.8400019,-11.6807246],[-46.8400361,-11.6807056],[-46.8400381,-11.6807041],[-46.8400784,-11.6806641],[-46.840306,-11.6806641],[-46.8403079,-11.6806639],[-46.8403097,-11.6806633],[-46.8404643,-11.6805944],[-46.8407207,-11.6805951],[-46.8407225,-11.6805949],[-46.8407243,-11.6805944],[-46.8407259,-11.6805935],[-46.8407272,-11.6805923],[-46.8408878,-11.680425],[-46.8408889,-11.6804236],[-46.8408897,-11.680422],[-46.8408901,-11.6804202],[-46.8408903,-11.6804185],[-46.84089,-11.6804167],[-46.8408895,-11.680415],[-46.8408886,-11.6804135],[-46.8408874,-11.6804121],[-46.840886,-11.680411],[-46.8408844,-11.6804103],[-46.8408826,-11.6804098],[-46.8406631,-11.6803761],[-46.8406815,-11.6802996],[-46.8407802,-11.6803026],[-46.8408586,-11.6803068],[-46.8408604,-11.6803067],[-46.8408622,-11.6803063],[-46.8408638,-11.6803055],[-46.8408652,-11.6803044],[-46.8408664,-11.680303],[-46.8409412,-11.6801972],[-46.8410412,-11.6801098],[-46.8410425,-11.6801084],[-46.8410434,-11.6801069],[-46.841117,-11.67995],[-46.8413645,-11.679835],[-46.841366,-11.6798341],[-46.8413674,-11.6798329],[-46.8413684,-11.6798314],[-46.8414491,-11.6796935],[-46.8415657,-11.6794977],[-46.8416692,-11.6793426],[-46.84167,-11.6793411],[-46.8416705,-11.6793395],[-46.8416707,-11.6793379],[-46.8416706,-11.6793362],[-46.8416702,-11.6793346],[-46.8416694,-11.6793331],[-46.8416685,-11.6793317],[-46.8415858,-11.6792366],[-46.8416701,-11.6791011],[-46.8416706,-11.6791002],[-46.8417683,-11.6788937],[-46.8419984,-11.6789483],[-46.842001,-11.6789485],[-46.8420138,-11.6789478],[-46.8420162,-11.6789474],[-46.8423639,-11.6788286],[-46.8426934,-11.6787222],[-46.8430119,-11.678686],[-46.8433313,-11.678739],[-46.8433957,-11.6788242],[-46.8434428,-11.6788879],[-46.8434438,-11.6788891],[-46.8434449,-11.67889],[-46.8436447,-11.6790284],[-46.8437547,-11.6793416],[-46.8437555,-11.6793432],[-46.8437566,-11.6793446],[-46.8437579,-11.6793458],[-46.8437594,-11.6793467],[-46.8437611,-11.6793473],[-46.8437629,-11.6793476],[-46.843833,-11.6793506],[-46.8438336,-11.6793506],[-46.8439703,-11.6793474],[-46.8440153,-11.6793499],[-46.8441711,-11.6797371],[-46.8441719,-11.6797387],[-46.844173,-11.6797401],[-46.8441744,-11.6797412],[-46.8441759,-11.6797421],[-46.8441776,-11.6797426],[-46.8441794,-11.6797428],[-46.8441811,-11.6797426],[-46.844352,-11.6797103],[-46.8443524,-11.6797102],[-46.8444985,-11.6796771],[-46.8445166,-11.6796838],[-46.8445183,-11.6796843],[-46.8445201,-11.6796844],[-46.8445218,-11.6796841],[-46.8445235,-11.6796835],[-46.844525,-11.6796826],[-46.8447584,-11.6795125],[-46.8447597,-11.6795114],[-46.8447607,-11.6795101],[-46.8447615,-11.6795086],[-46.8448675,-11.6792534],[-46.844868,-11.6792519],[-46.8449459,-11.6789076],[-46.8450273,-11.6788951],[-46.8450291,-11.6788946],[-46.8451154,-11.678863],[-46.8451491,-11.6788521],[-46.845225,-11.6789408],[-46.8452261,-11.6789418],[-46.8452272,-11.6789427],[-46.8454022,-11.6790477],[-46.8454023,-11.6790478],[-46.8454819,-11.6790941],[-46.8454823,-11.6790944],[-46.8455777,-11.6791437],[-46.8455778,-11.6791438],[-46.8456773,-11.6791928],[-46.8458485,-11.6793176],[-46.8459493,-11.6793981],[-46.8458989,-11.6794976],[-46.8458365,-11.6795897],[-46.8458357,-11.6795912],[-46.8458351,-11.6795928],[-46.8458349,-11.6795945],[-46.845835,-11.6795962],[-46.8458491,-11.6796843],[-46.8458493,-11.6796853],[-46.8458684,-11.6797555],[-46.8458606,-11.6798631],[-46.8457152,-11.6801431],[-46.8457151,-11.6801433],[-46.8454272,-11.6804175],[-46.8454259,-11.680419],[-46.845425,-11.6804209],[-46.8454245,-11.6804229],[-46.8454095,-11.6805416],[-46.8453792,-11.6807573],[-46.8453791,-11.6807583],[-46.8453779,-11.6808193],[-46.845378,-11.6808198],[-46.8453818,-11.6809228],[-46.8453818,-11.6809229],[-46.84539,-11.6810876],[-46.8453666,-11.6812501],[-46.8453666,-11.6812502],[-46.8453402,-11.681451],[-46.8453401,-11.6814524],[-46.8453467,-11.6817785],[-46.8453456,-11.6818032],[-46.8453457,-11.681805],[-46.8453462,-11.6818067],[-46.845347,-11.6818083],[-46.845348,-11.6818097],[-46.8453493,-11.6818109],[-46.8453509,-11.6818118],[-46.8453525,-11.6818123],[-46.8456062,-11.6818731],[-46.8457933,-11.6819307],[-46.845974,-11.6820697],[-46.8461346,-11.6823119],[-46.84621,-11.6827281],[-46.8462104,-11.6827297],[-46.8462111,-11.6827312],[-46.846212,-11.6827325],[-46.8462132,-11.6827336],[-46.8462146,-11.6827345],[-46.8463366,-11.6827996],[-46.8463167,-11.6830278],[-46.8461848,-11.6831566],[-46.8459111,-11.6830432],[-46.8459094,-11.6830427],[-46.8459076,-11.6830425],[-46.8459058,-11.6830427],[-46.8459041,-11.6830433],[-46.8459025,-11.6830442],[-46.8459011,-11.6830453],[-46.8457276,-11.6832282],[-46.8455541,-11.6834111],[-46.8455532,-11.6834123],[-46.8455525,-11.6834136],[-46.845552,-11.683415],[-46.8454951,-11.6836258],[-46.8454948,-11.6836274],[-46.8454949,-11.6836291],[-46.8455137,-11.6838057],[-46.8454875,-11.6838823],[-46.8454002,-11.683907],[-46.8453997,-11.6839071],[-46.8453134,-11.6839371],[-46.8451036,-11.6839758],[-46.8451019,-11.6839763],[-46.8451003,-11.6839772],[-46.8450989,-11.6839783],[-46.8449824,-11.6840947],[-46.8449813,-11.684096],[-46.844873,-11.6842576],[-46.8448724,-11.6842587],[-46.8448017,-11.6844055],[-46.8448011,-11.684407],[-46.8447632,-11.6845412],[-46.8447629,-11.6845437],[-46.8447631,-11.6845782],[-46.8444925,-11.6846153],[-46.8443005,-11.6846321],[-46.8441496,-11.6846114],[-46.8439725,-11.6845721],[-46.8438081,-11.6845234],[-46.8435542,-11.6844221],[-46.8435533,-11.6844218],[-46.8434432,-11.6843915],[-46.8432851,-11.6843025],[-46.8432831,-11.6843017],[-46.8432809,-11.6843014],[-46.842983,-11.6842939],[-46.8429816,-11.684294],[-46.8428015,-11.6843169],[-46.8426499,-11.6843241],[-46.842501,-11.6843282],[-46.8424991,-11.6843285],[-46.8424972,-11.6843292],[-46.8424955,-11.6843303],[-46.8423695,-11.6844341],[-46.842256,-11.6845254],[-46.8422543,-11.6845272],[-46.8420943,-11.6847531],[-46.841985,-11.6848996],[-46.8418315,-11.6850248],[-46.8418304,-11.6850258],[-46.841727,-11.6851416],[-46.841573,-11.6852766],[-46.8415726,-11.6852769],[-46.8414437,-11.6854025],[-46.8412675,-11.6855533],[-46.8411167,-11.6856789],[-46.840889,-11.6858261],[-46.8407825,-11.6858905],[-46.8407816,-11.6858912],[-46.840678,-11.6859722],[-46.8404819,-11.686115],[-46.8404809,-11.6861159],[-46.84048,-11.6861169],[-46.8403544,-11.6862843],[-46.8402036,-11.6864809],[-46.8402027,-11.6864823],[-46.8401109,-11.6866592],[-46.8401109,-11.6866592],[-46.8400288,-11.6868208],[-46.8400287,-11.686821],[-46.8399348,-11.6870176],[-46.8397972,-11.6871744],[-46.8397971,-11.6871746],[-46.839693,-11.6872994],[-46.8395483,-11.687405],[-46.8393914,-11.6875058],[-46.8393908,-11.6875063],[-46.8393074,-11.6875702],[-46.8391133,-11.6876681],[-46.8389619,-11.6877314],[-46.8389612,-11.6877317],[-46.8388463,-11.6877906],[-46.8387706,-11.6878258],[-46.8387692,-11.6878266],[-46.8387679,-11.6878277],[-46.8387669,-11.687829],[-46.8386916,-11.6879447],[-46.8386024,-11.6880771],[-46.8386014,-11.6880789],[-46.8385543,-11.6882042],[-46.8385542,-11.6882047],[-46.8385045,-11.6883632],[-46.8385043,-11.6883641],[-46.8384688,-11.6885309],[-46.8384687,-11.6885312],[-46.8384443,-11.688673],[-46.8384442,-11.6886735],[-46.8384286,-11.6888177],[-46.8383552,-11.6888937],[-46.8383548,-11.6888942],[-46.8382605,-11.689005],[-46.8381857,-11.6890575],[-46.8381855,-11.6890578],[-46.8381378,-11.6890942],[-46.8381377,-11.6890943],[-46.8380007,-11.6892031],[-46.8378581,-11.6892926],[-46.837857,-11.6892934],[-46.8377426,-11.6893909],[-46.8376309,-11.6894635],[-46.8374739,-11.6895644],[-46.8373085,-11.6896654],[-46.8373079,-11.6896657],[-46.8372184,-11.68973],[-46.8370896,-11.6898112],[-46.8370895,-11.6898112],[-46.836969,-11.6898883],[-46.836819,-11.6899795],[-46.8368177,-11.6899804],[-46.8368167,-11.6899815],[-46.8367161,-11.6901043],[-46.8367157,-11.6901047],[-46.8366375,-11.6902135],[-46.8366375,-11.6902135],[-46.8365484,-11.6903387],[-46.8364537,-11.6904501],[-46.8363592,-11.6905583],[-46.8362393,-11.690653],[-46.8362381,-11.6906541],[-46.8362371,-11.6906555],[-46.8361424,-11.6908171],[-46.8361423,-11.6908174],[-46.8360727,-11.6909455],[-46.8360725,-11.6909458],[-46.8360116,-11.6910679],[-46.8359403,-11.6911775],[-46.8358157,-11.6912634],[-46.8357233,-11.6913249],[-46.8355889,-11.6914089],[-46.8354487,-11.6914874],[-46.8354476,-11.6914882],[-46.8354465,-11.6914892],[-46.8353403,-11.6916037],[-46.8353392,-11.6916051],[-46.8352695,-11.691718],[-46.8352692,-11.6917185],[-46.8351899,-11.6918675],[-46.8351893,-11.6918688],[-46.8351438,-11.6920008],[-46.8350957,-11.6921194],[-46.8350042,-11.6922567],[-46.8350037,-11.6922574],[-46.8349383,-11.6923786],[-46.8349381,-11.6923791],[-46.8348863,-11.6924921],[-46.8348026,-11.6926249],[-46.8346951,-11.6927536],[-46.8346027,-11.6928334],[-46.8344817,-11.6929277],[-46.8343692,-11.6930137],[-46.8342386,-11.6930633],[-46.8340793,-11.6931135],[-46.8340778,-11.6931142],[-46.8340764,-11.6931151],[-46.8340752,-11.6931162],[-46.8340742,-11.6931176],[-46.8340735,-11.6931191],[-46.8340583,-11.6931623],[-46.8340579,-11.693164],[-46.8340578,-11.6931657],[-46.8340581,-11.6931675],[-46.8340587,-11.6931691],[-46.8340596,-11.6931706],[-46.8340608,-11.693172],[-46.8340622,-11.693173],[-46.8340638,-11.6931737],[-46.8340655,-11.6931742],[-46.8340673,-11.6931742],[-46.834069,-11.693174],[-46.8340707,-11.6931734],[-46.8340722,-11.6931725],[-46.8340735,-11.6931713],[-46.834074,-11.6931706],[-46.8339817,-11.6933745],[-46.8337941,-11.6932392],[-46.833786,-11.6932073],[-46.8337857,-11.6932056],[-46.8337829,-11.693154],[-46.833783,-11.6931522],[-46.8337903,-11.6931011],[-46.8337908,-11.6930994],[-46.8337982,-11.6930745],[-46.8338134,-11.6930313],[-46.8338227,-11.6930085],[-46.8338234,-11.693007],[-46.8338481,-11.6929642],[-46.8338491,-11.6929628],[-46.8338817,-11.6929248],[-46.8338829,-11.6929237],[-46.8339225,-11.6928919],[-46.8339239,-11.692891],[-46.8339691,-11.6928669],[-46.8339706,-11.6928662],[-46.8339949,-11.6928573],[-46.8341465,-11.6928095],[-46.8342318,-11.6927772],[-46.8343112,-11.6927164],[-46.8344258,-11.6926271],[-46.8344961,-11.6925664],[-46.8345779,-11.6924684],[-46.8346426,-11.6923658],[-46.834687,-11.6922689],[-46.8346908,-11.6922611],[-46.834691,-11.6922606],[-46.834695,-11.6922529],[-46.8347604,-11.6921317],[-46.8347666,-11.6921209],[-46.834767,-11.6921202],[-46.8347737,-11.6921096],[-46.8348501,-11.691995],[-46.8348854,-11.6919081],[-46.8349286,-11.6917827],[-46.8349362,-11.6917633],[-46.8349367,-11.691762],[-46.8349458,-11.6917432],[-46.8350251,-11.6915942],[-46.8350293,-11.6915867],[-46.8350296,-11.6915862],[-46.8350339,-11.6915788],[-46.8351036,-11.6914659],[-46.8351185,-11.6914443],[-46.8351195,-11.6914429],[-46.8351365,-11.6914227],[-46.8352428,-11.6913082],[-46.8352578,-11.6912932],[-46.8352589,-11.6912923],[-46.8352924,-11.6912659],[-46.8352936,-11.6912651],[-46.835312,-11.6912539],[-46.8354463,-11.6911786],[-46.8355717,-11.6911002],[-46.835659,-11.691042],[-46.8357374,-11.6909881],[-46.8357711,-11.6909362],[-46.8358253,-11.6908277],[-46.8358274,-11.6908236],[-46.8358275,-11.6908233],[-46.8358297,-11.6908193],[-46.8358993,-11.6906911],[-46.8359014,-11.6906873],[-46.8359015,-11.690687],[-46.8359037,-11.6906833],[-46.8359984,-11.6905216],[-46.836012,-11.6905007],[-46.836013,-11.6904993],[-46.8360461,-11.6904613],[-46.8360473,-11.6904602],[-46.8360665,-11.6904435],[-46.8361665,-11.6903645],[-46.8362433,-11.6902765],[-46.8363294,-11.6901754],[-46.8364117,-11.6900598],[-46.836412,-11.6900593],[-46.8364121,-11.6900592],[-46.8364124,-11.6900587],[-46.8364906,-11.6899499],[-46.8364957,-11.6899431],[-46.836496,-11.6899426],[-46.8365013,-11.6899359],[-46.8366019,-11.6898131],[-46.8366172,-11.689796],[-46.8366183,-11.6897949],[-46.8366531,-11.6897646],[-46.8366544,-11.6897637],[-46.8366738,-11.6897508],[-46.8368211,-11.6896613],[-46.836939,-11.6895859],[-46.8369397,-11.6895855],[-46.8369398,-11.6895854],[-46.8369405,-11.689585],[-46.8370623,-11.6895082],[-46.8371451,-11.6894488],[-46.8371535,-11.6894429],[-46.8371541,-11.6894425],[-46.8371628,-11.689437],[-46.8373255,-11.6893377],[-46.8374792,-11.6892389],[-46.8375754,-11.6891764],[-46.8376762,-11.6890905],[-46.8376919,-11.6890781],[-46.8376929,-11.6890773],[-46.8377095,-11.689066],[-46.8378392,-11.6889847],[-46.8379641,-11.6888854],[-46.8379662,-11.6888837],[-46.8379663,-11.6888836],[-46.8379684,-11.688882],[-46.8380161,-11.6888456],[-46.8380204,-11.6888424],[-46.8380207,-11.6888421],[-46.8380251,-11.688839],[-46.8380715,-11.6888064],[-46.8381434,-11.6887219],[-46.838149,-11.6887155],[-46.8381493,-11.6887151],[-46.8381552,-11.6887089],[-46.8381648,-11.688699],[-46.8381706,-11.6886452],[-46.8381716,-11.688637],[-46.8381717,-11.6886364],[-46.8381729,-11.6886282],[-46.8381974,-11.6884865],[-46.8381983,-11.6884814],[-46.8381984,-11.688481],[-46.8381994,-11.688476],[-46.8382349,-11.6883091],[-46.8382378,-11.6882971],[-46.838238,-11.6882963],[-46.8382414,-11.6882844],[-46.8382911,-11.6881258],[-46.8382934,-11.6881188],[-46.8382936,-11.6881183],[-46.8382961,-11.6881113],[-46.8383431,-11.687986],[-46.8383557,-11.6879577],[-46.8383567,-11.6879558],[-46.8383726,-11.6879289],[-46.8384607,-11.6877983],[-46.8385347,-11.6876845],[-46.8385494,-11.6876641],[-46.8385504,-11.6876628],[-46.8385854,-11.6876262],[-46.8385867,-11.6876251],[-46.8386283,-11.6875954],[-46.8386297,-11.6875945],[-46.8386527,-11.6875826],[-46.8387234,-11.6875498],[-46.8388334,-11.6874933],[-46.8388432,-11.6874885],[-46.8388438,-11.6874882],[-46.8388537,-11.6874839],[-46.838996,-11.6874244],[-46.8391582,-11.6873425],[-46.8392212,-11.6872943],[-46.8392303,-11.6872876],[-46.8392309,-11.6872872],[-46.8392403,-11.6872809],[-46.8393903,-11.6871845],[-46.8395012,-11.6871035],[-46.8395839,-11.6870044],[-46.8395861,-11.6870018],[-46.8395862,-11.6870017],[-46.8395884,-11.6869991],[-46.8397015,-11.6868703],[-46.8397795,-11.686707],[-46.8397809,-11.6867041],[-46.839781,-11.6867039],[-46.8397824,-11.686701],[-46.8398644,-11.6865395],[-46.839865,-11.6865384],[-46.839865,-11.6865384],[-46.8398655,-11.6865373],[-46.8399573,-11.6863604],[-46.8399691,-11.6863401],[-46.8399699,-11.6863387],[-46.8399834,-11.6863194],[-46.8401334,-11.6861238],[-46.8402582,-11.6859576],[-46.8402709,-11.6859419],[-46.8402717,-11.6859409],[-46.8403006,-11.6859125],[-46.8403016,-11.6859117],[-46.8403176,-11.6858991],[-46.8405099,-11.6857591],[-46.8406097,-11.685681],[-46.8406229,-11.6856712],[-46.8406238,-11.6856706],[-46.8406377,-11.6856616],[-46.8407407,-11.6855993],[-46.8409511,-11.6854633],[-46.8410878,-11.6853495],[-46.8412559,-11.6852056],[-46.8413785,-11.6850862],[-46.8413837,-11.6850812],[-46.841384,-11.6850809],[-46.8413894,-11.6850761],[-46.8415308,-11.6849521],[-46.8416232,-11.6848487],[-46.8416381,-11.6848333],[-46.8416391,-11.6848323],[-46.8416553,-11.6848181],[-46.8417827,-11.6847141],[-46.84187,-11.6845971],[-46.8420282,-11.6843738],[-46.8420519,-11.6843449],[-46.8420536,-11.6843431],[-46.8420812,-11.6843175],[-46.8421935,-11.6842272],[-46.8423183,-11.6841244],[-46.8423427,-11.6841065],[-46.8423443,-11.6841054],[-46.8423988,-11.6840778],[-46.8424007,-11.6840771],[-46.8424604,-11.684062],[-46.8424624,-11.6840617],[-46.8424933,-11.6840592],[-46.8426393,-11.6840552],[-46.842777,-11.6840486],[-46.842946,-11.6840271],[-46.8429673,-11.6840252],[-46.8429687,-11.6840251],[-46.84299,-11.6840248],[-46.843288,-11.6840323],[-46.8433221,-11.6840352],[-46.8433243,-11.6840355],[-46.8433899,-11.6840536],[-46.843392,-11.6840544],[-46.8434224,-11.6840692],[-46.8435507,-11.6841415],[-46.8436277,-11.6841626],[-46.8436426,-11.6841672],[-46.8436435,-11.6841675],[-46.8436582,-11.6841728],[-46.8439001,-11.6842694],[-46.8440429,-11.6843117],[-46.8441992,-11.6843464],[-46.8443074,-11.6843612],[-46.8444611,-11.6843478],[-46.8445352,-11.6843377],[-46.8445359,-11.6843352],[-46.8445431,-11.6843134],[-46.8445437,-11.684312],[-46.8445527,-11.6842908],[-46.8446234,-11.684144],[-46.8446322,-11.6841273],[-46.8446329,-11.6841261],[-46.8446429,-11.68411],[-46.8447511,-11.6839484],[-46.8447669,-11.6839273],[-46.844768,-11.6839259],[-46.8447858,-11.6839063],[-46.8449023,-11.68379],[-46.8449226,-11.6837716],[-46.844924,-11.6837705],[-46.8449701,-11.68374],[-46.8449717,-11.6837392],[-46.8450235,-11.6837183],[-46.8450252,-11.6837178],[-46.8450526,-11.6837113],[-46.8452236,-11.6836798],[-46.8452212,-11.683657],[-46.8452197,-11.6836327],[-46.8452197,-11.683631],[-46.8452235,-11.6835826],[-46.8452238,-11.6835809],[-46.8452291,-11.6835571],[-46.8452859,-11.6833463],[-46.8452925,-11.6833254],[-46.845293,-11.683324],[-46.8453112,-11.6832841],[-46.845312,-11.6832828],[-46.8453368,-11.683246],[-46.8453377,-11.6832448],[-46.8453524,-11.683228],[-46.8455259,-11.6830451],[-46.8456994,-11.6828622],[-46.8457192,-11.6828434],[-46.8457206,-11.6828422],[-46.8457657,-11.6828106],[-46.8457673,-11.6828097],[-46.8458184,-11.6827875],[-46.8458202,-11.6827869],[-46.8458751,-11.6827752],[-46.8458769,-11.682775],[-46.8459333,-11.6827745],[-46.8459351,-11.6827747],[-46.8459391,-11.6827755],[-46.845939,-11.682775],[-46.8458734,-11.6824126],[-46.845768,-11.6822537],[-46.8456628,-11.6821727],[-46.8455321,-11.6821325],[-46.8452871,-11.6820738],[-46.8452607,-11.6820661],[-46.845259,-11.6820655],[-46.8452094,-11.6820426],[-46.8452079,-11.6820417],[-46.8451642,-11.68201],[-46.8451629,-11.6820088],[-46.8451267,-11.6819696],[-46.8451257,-11.6819682],[-46.8450982,-11.6819233],[-46.8450974,-11.6819217],[-46.8450794,-11.6818727],[-46.845079,-11.681871],[-46.845071,-11.6818198],[-46.8450709,-11.6818181],[-46.8450707,-11.6817921],[-46.8450714,-11.6817756],[-46.845065,-11.6814577],[-46.8450654,-11.6814378],[-46.8450655,-11.6814365],[-46.8450673,-11.6814167],[-46.8450937,-11.6812158],[-46.8450939,-11.6812143],[-46.8450939,-11.6812141],[-46.8450942,-11.6812126],[-46.8451139,-11.6810752],[-46.845107,-11.680936],[-46.8451069,-11.6809344],[-46.8451069,-11.6809343],[-46.8451068,-11.6809326],[-46.845103,-11.6808296],[-46.8451028,-11.6808221],[-46.8451028,-11.6808216],[-46.8451028,-11.6808141],[-46.845104,-11.6807532],[-46.8451048,-11.6807374],[-46.8451049,-11.6807364],[-46.8451066,-11.6807206],[-46.8451366,-11.6805067],[-46.8451515,-11.6803897],[-46.8451569,-11.6803602],[-46.8451574,-11.6803582],[-46.8451783,-11.6803016],[-46.8451793,-11.6802997],[-46.8452128,-11.6802487],[-46.8452142,-11.6802472],[-46.8452353,-11.6802246],[-46.8454905,-11.6799814],[-46.8455901,-11.6797898],[-46.8455907,-11.6797813],[-46.8455834,-11.6797544],[-46.84558,-11.6797407],[-46.8455798,-11.6797397],[-46.8455772,-11.6797258],[-46.8455632,-11.6796376],[-46.8455604,-11.679613],[-46.8455603,-11.6796113],[-46.8455618,-11.6795617],[-46.845562,-11.67956],[-46.8455728,-11.6795115],[-46.8455734,-11.6795099],[-46.8455921,-11.6794664],[-46.8455321,-11.6794226],[-46.8454541,-11.6793842],[-46.8454516,-11.679383],[-46.8454515,-11.6793829],[-46.845449,-11.6793817],[-46.8453536,-11.6793323],[-46.8453475,-11.679329],[-46.8453471,-11.6793288],[-46.8453411,-11.6793254],[-46.8452615,-11.679279],[-46.84526,-11.6792781],[-46.8452599,-11.6792781],[-46.8452583,-11.6792771],[-46.8451578,-11.6792168],[-46.8451366,-11.6793101],[-46.8451307,-11.679332],[-46.8451302,-11.6793334],[-46.8451224,-11.6793548],[-46.8450164,-11.67961],[-46.845006,-11.679632],[-46.8450053,-11.6796334],[-46.8449786,-11.6796744],[-46.8449776,-11.6796757],[-46.8449436,-11.6797116],[-46.8449424,-11.6797127],[-46.8449229,-11.6797283],[-46.8446895,-11.6798985],[-46.8446668,-11.6799134],[-46.8446653,-11.6799143],[-46.8446156,-11.6799372],[-46.8446139,-11.6799378],[-46.8445603,-11.6799507],[-46.8445585,-11.6799509],[-46.8445032,-11.679953],[-46.8445014,-11.6799529],[-46.8445009,-11.6799528],[-46.8444146,-11.6799724],[-46.8444096,-11.6799735],[-46.8444093,-11.6799736],[-46.8444043,-11.6799746],[-46.8442334,-11.6800069],[-46.844206,-11.6800107],[-46.8442043,-11.6800109],[-46.8441491,-11.6800103],[-46.8441474,-11.6800101],[-46.8440935,-11.6799989],[-46.8440918,-11.6799984],[-46.8440416,-11.679977],[-46.84404,-11.6799761],[-46.8439954,-11.6799457],[-46.8439941,-11.6799446],[-46.8439567,-11.6799065],[-46.8439556,-11.6799051],[-46.8439268,-11.679861],[-46.843926,-11.6798594],[-46.843915,-11.6798357],[-46.8438282,-11.6796197],[-46.8438207,-11.6796195],[-46.8437506,-11.6796165],[-46.8437229,-11.6796139],[-46.8437211,-11.6796136],[-46.8436673,-11.6796004],[-46.8436656,-11.6795998],[-46.8436159,-11.6795764],[-46.8436143,-11.6795754],[-46.8435707,-11.6795431],[-46.8435693,-11.6795419],[-46.8435334,-11.679502],[-46.8435323,-11.6795006],[-46.8435052,-11.6794551],[-46.8435045,-11.6794534],[-46.8434945,-11.6794291],[-46.8434133,-11.6791979],[-46.8432859,-11.6791097],[-46.843268,-11.6790961],[-46.8432668,-11.6790952],[-46.8432348,-11.6790641],[-46.8432338,-11.679063],[-46.8432199,-11.6790458],[-46.8431759,-11.6789862],[-46.8430046,-11.6789578],[-46.842753,-11.6789864],[-46.8424524,-11.6790835],[-46.8421069,-11.6792015],[-46.8420697,-11.6792114],[-46.8420672,-11.6792119],[-46.8420289,-11.6792166],[-46.8420162,-11.6792173],[-46.8419759,-11.6792166],[-46.8419733,-11.6792163],[-46.8419336,-11.6792099],[-46.8419231,-11.6792074],[-46.8419203,-11.6792132],[-46.8419178,-11.6792181],[-46.8419198,-11.6792215],[-46.8419205,-11.679223],[-46.8419371,-11.6792694],[-46.8419375,-11.6792711],[-46.8419452,-11.6793195],[-46.8419453,-11.6793212],[-46.8419438,-11.6793701],[-46.8419436,-11.6793718],[-46.8419331,-11.6794198],[-46.8419326,-11.6794214],[-46.8419133,-11.6794669],[-46.8419125,-11.6794683],[-46.8418996,-11.6794897],[-46.8418,-11.6796391],[-46.8416874,-11.6798281],[-46.8416073,-11.6799651],[-46.8415924,-11.6799878],[-46.8415913,-11.6799892],[-46.8415548,-11.6800299],[-46.8415534,-11.6800312],[-46.8415089,-11.6800641],[-46.8415073,-11.6800651],[-46.8414826,-11.6800781],[-46.8413254,-11.6801512],[-46.8412935,-11.6802192],[-46.8412805,-11.6802436],[-46.8412795,-11.6802451],[-46.841246,-11.6802896],[-46.8412447,-11.680291],[-46.8412245,-11.6803106],[-46.8411594,-11.6803674],[-46.841163,-11.680383],[-46.8411632,-11.6803847],[-46.8411648,-11.6804369],[-46.8411646,-11.6804387],[-46.8411558,-11.6804902],[-46.8411554,-11.6804919],[-46.8411365,-11.680541],[-46.8411356,-11.6805426],[-46.8411071,-11.6805875],[-46.841106,-11.6805889],[-46.8410884,-11.6806091],[-46.8409279,-11.6807765],[-46.8409078,-11.6807954],[-46.8409065,-11.6807966],[-46.8408607,-11.6808281],[-46.8408591,-11.680829],[-46.8408074,-11.680851],[-46.8408057,-11.6808515],[-46.8407502,-11.6808627],[-46.8407484,-11.6808629],[-46.84072,-11.6808643],[-46.8405237,-11.6808637],[-46.8404238,-11.6809083],[-46.8403965,-11.6809188],[-46.8403947,-11.6809194],[-46.8403373,-11.6809316],[-46.8403354,-11.6809318],[-46.8403059,-11.6809333],[-46.8403033,-11.6809333],[-46.8403321,-11.6811804],[-46.8403339,-11.6812065],[-46.8403339,-11.6812083],[-46.8403296,-11.6812604],[-46.8403293,-11.6812622],[-46.8403147,-11.6813126],[-46.840314,-11.6813143],[-46.8402896,-11.6813613],[-46.8402886,-11.6813627],[-46.8402729,-11.6813844],[-46.840045,-11.681667],[-46.8400284,-11.6816857],[-46.8400272,-11.6816869],[-46.8399888,-11.6817197],[-46.8399875,-11.6817206],[-46.8399433,-11.6817461],[-46.8399417,-11.6817468],[-46.8398931,-11.6817638],[-46.8398915,-11.6817642],[-46.8398403,-11.6817721],[-46.8398387,-11.6817722],[-46.8397868,-11.6817706],[-46.8397851,-11.6817704],[-46.8397346,-11.6817593],[-46.839733,-11.6817588],[-46.8397089,-11.6817498],[-46.8395023,-11.6816621],[-46.8394813,-11.6816521],[-46.83948,-11.6816514],[-46.8394412,-11.6816267],[-46.83944,-11.6816258],[-46.8394225,-11.6816112],[-46.8393835,-11.6815759],[-46.8393747,-11.6815813],[-46.8393767,-11.6815852],[-46.8393863,-11.6816062],[-46.8393869,-11.6816076],[-46.8394006,-11.6816514],[-46.839401,-11.681653],[-46.8394068,-11.6816983],[-46.8394069,-11.6816999],[-46.8394069,-11.6817227],[-46.8393958,-11.6819695],[-46.8393935,-11.6819947],[-46.8393932,-11.6819964],[-46.8393814,-11.6820456],[-46.8393808,-11.6820473],[-46.8393596,-11.6820937],[-46.8393587,-11.6820952],[-46.8393287,-11.6821371],[-46.8393276,-11.6821384],[-46.8392897,-11.6821743],[-46.8392883,-11.6821754],[-46.8392437,-11.6822038],[-46.8392422,-11.6822045],[-46.8391925,-11.6822241],[-46.8391908,-11.6822246],[-46.8391379,-11.6822343],[-46.8391362,-11.6822345],[-46.8391093,-11.6822355],[-46.838994,-11.6822344],[-46.8388632,-11.6823162],[-46.8388403,-11.682329],[-46.8388388,-11.6823298],[-46.8387897,-11.6823488],[-46.8387881,-11.6823493],[-46.8387359,-11.6823587],[-46.8387342,-11.6823589],[-46.8387077,-11.6823599],[-46.8386062,-11.682359],[-46.8385772,-11.6823572],[-46.8385754,-11.682357],[-46.8385746,-11.6823569],[-46.838577,-11.6824046],[-46.838577,-11.6824063],[-46.8385697,-11.6824569],[-46.8385693,-11.6824586],[-46.8385523,-11.682507],[-46.8385515,-11.6825086],[-46.8385253,-11.6825533],[-46.8385242,-11.6825547],[-46.8385078,-11.6825752],[-46.8382782,-11.6828343],[-46.8382609,-11.6828521],[-46.8382597,-11.6828533],[-46.8382203,-11.682884],[-46.8382189,-11.6828849],[-46.838174,-11.6829083],[-46.8381725,-11.6829089],[-46.8381237,-11.6829239],[-46.8381221,-11.6829242],[-46.8380968,-11.6829283],[-46.8378198,-11.6829603],[-46.8374264,-11.6830323],[-46.8374003,-11.6830884],[-46.8374025,-11.6830912],[-46.8374035,-11.6830927],[-46.8374283,-11.6831412],[-46.837429,-11.6831429],[-46.8374434,-11.6831949],[-46.8374437,-11.6831967],[-46.8374471,-11.6832503],[-46.8374471,-11.6832521],[-46.8374396,-11.6833053],[-46.8374392,-11.6833071],[-46.837421,-11.683358],[-46.8374202,-11.6833597],[-46.8373917,-11.6834063],[-46.8373906,-11.6834078],[-46.8373528,-11.6834482],[-46.8373514,-11.6834494],[-46.8373056,-11.6834817],[-46.837304,-11.6834826],[-46.837252,-11.6835053],[-46.8372503,-11.6835058],[-46.8372226,-11.6835131],[-46.8372102,-11.6835157],[-46.8372102,-11.6835159],[-46.8372105,-11.6835179],[-46.8372098,-11.6835778],[-46.8372096,-11.6835798],[-46.8372041,-11.6836093],[-46.8371764,-11.6837235],[-46.8371696,-11.6837468],[-46.837169,-11.6837483],[-46.8371491,-11.6837928],[-46.8371483,-11.6837942],[-46.8371202,-11.6838347],[-46.8371192,-11.683836],[-46.8371018,-11.6838533],[-46.8371024,-11.6838739],[-46.8371023,-11.6838756],[-46.8370993,-11.6839011],[-46.8370764,-11.6840386],[-46.8370709,-11.6840642],[-46.8370704,-11.684066],[-46.8370517,-11.6841151],[-46.8370509,-11.6841167],[-46.8370226,-11.6841617],[-46.8370215,-11.6841631],[-46.8369844,-11.6842021],[-46.8369831,-11.6842033],[-46.8369753,-11.6842087],[-46.8369738,-11.68425],[-46.8369717,-11.6842751],[-46.8369714,-11.6842768],[-46.83696,-11.684326],[-46.8369594,-11.6843276],[-46.8369387,-11.6843741],[-46.8369378,-11.6843756],[-46.8369083,-11.6844176],[-46.8369072,-11.684419],[-46.8368698,-11.6844551],[-46.8368684,-11.6844562],[-46.8368242,-11.6844849],[-46.8368227,-11.6844857],[-46.8367986,-11.6844968],[-46.8366342,-11.6845635],[-46.8366089,-11.6845724],[-46.8366073,-11.6845729],[-46.8365544,-11.6845832],[-46.8365527,-11.6845833],[-46.8364988,-11.6845834],[-46.836497,-11.6845832],[-46.8364631,-11.6845767],[-46.8363114,-11.6847661],[-46.8361627,-11.6849518],[-46.8361275,-11.6850104],[-46.8361126,-11.6851022],[-46.8360893,-11.6852458],[-46.836066,-11.6853895],[-46.8360618,-11.68541],[-46.8360615,-11.6854114],[-46.8360557,-11.6854315],[-46.8360081,-11.6855753],[-46.8359605,-11.6857191],[-46.8359129,-11.6858629],[-46.8359022,-11.6858902],[-46.8359014,-11.685892],[-46.8358877,-11.6859181],[-46.8358157,-11.6860381],[-46.8357436,-11.6861581],[-46.8356716,-11.6862782],[-46.8356618,-11.6862934],[-46.8356611,-11.6862944],[-46.8356502,-11.686309],[-46.8355725,-11.686406],[-46.8355138,-11.6865236],[-46.8354998,-11.6865483],[-46.8354988,-11.6865499],[-46.8354821,-11.6865731],[-46.8353858,-11.6866933],[-46.8353761,-11.6867048],[-46.8353755,-11.6867055],[-46.8353651,-11.6867164],[-46.8352556,-11.6868258],[-46.835169,-11.6869339],[-46.835149,-11.6869562],[-46.8351476,-11.6869576],[-46.8351251,-11.6869777],[-46.8350166,-11.6870644],[-46.8349071,-11.6871738],[-46.8348961,-11.6871841],[-46.8348954,-11.6871848],[-46.8348839,-11.6871945],[-46.8347632,-11.687291],[-46.8347484,-11.6873019],[-46.8347475,-11.6873026],[-46.834732,-11.6873126],[-46.8346275,-11.6873753],[-46.8345338,-11.6874502],[-46.8344243,-11.6875595],[-46.8343038,-11.6876799],[-46.8342077,-11.6877758],[-46.8341691,-11.6878402],[-46.8341379,-11.6879344],[-46.834118,-11.6880567],[-46.8341152,-11.6880715],[-46.834115,-11.6880725],[-46.8341112,-11.6880872],[-46.8340638,-11.6882549],[-46.8340622,-11.6882605],[-46.8340621,-11.6882609],[-46.8340603,-11.6882664],[-46.8340195,-11.6883896],[-46.8339997,-11.6885118],[-46.8339764,-11.6886555],[-46.8339722,-11.688676],[-46.8339719,-11.6886774],[-46.8339661,-11.6886975],[-46.8339185,-11.6888413],[-46.8339101,-11.6888634],[-46.8339094,-11.6888649],[-46.8338868,-11.6889066],[-46.8338859,-11.6889079],[-46.8338718,-11.6889272],[-46.8337873,-11.6890328],[-46.8337406,-11.6891105],[-46.8337167,-11.6891827],[-46.8337174,-11.6892814],[-46.8337183,-11.6894249],[-46.8337191,-11.6895455],[-46.8337404,-11.6896663],[-46.8337433,-11.6896882],[-46.8337434,-11.6896897],[-46.8337445,-11.6897117],[-46.8337446,-11.6897356],[-46.8337435,-11.6897614],[-46.8337434,-11.6897632],[-46.8337336,-11.689814],[-46.8337331,-11.6898157],[-46.8337135,-11.6898639],[-46.8337127,-11.6898655],[-46.8336837,-11.6899095],[-46.8336826,-11.6899108],[-46.8336451,-11.6899488],[-46.8336438,-11.6899499],[-46.8335991,-11.6899802],[-46.8335975,-11.689981],[-46.8335472,-11.6900022],[-46.8335456,-11.6900027],[-46.8334917,-11.6900138],[-46.8334899,-11.690014],[-46.8334348,-11.6900144],[-46.8334331,-11.6900142],[-46.833379,-11.6900038],[-46.8333773,-11.6900033],[-46.8333267,-11.6899828],[-46.8333252,-11.689982],[-46.8332801,-11.6899522],[-46.8332787,-11.6899511],[-46.8332407,-11.6899136],[-46.8332396,-11.6899123],[-46.83321,-11.6898687],[-46.8332092,-11.6898671],[-46.8331889,-11.6898191],[-46.8331884,-11.6898174],[-46.8331779,-11.6897667],[-46.8331777,-11.6897649],[-46.8331763,-11.6897391],[-46.8331763,-11.6897381],[-46.833155,-11.6896173],[-46.8331521,-11.6895954],[-46.833152,-11.6895939],[-46.8331509,-11.6895719],[-46.83315,-11.6894284],[-46.833149,-11.6892849],[-46.8331481,-11.6891414],[-46.8331488,-11.68912],[-46.8331489,-11.6891185],[-46.8331556,-11.6890761],[-46.833156,-11.6890746],[-46.8331619,-11.6890539],[-46.8332095,-11.6889101],[-46.8332202,-11.6888828],[-46.8332211,-11.688881],[-46.8332348,-11.688855],[-46.8333068,-11.6887349],[-46.8333166,-11.6887197],[-46.8333173,-11.6887187],[-46.8333282,-11.6887041],[-46.8333933,-11.6886228],[-46.8334185,-11.6885467],[-46.8334384,-11.6884245],[-46.8334617,-11.6882808],[-46.8334659,-11.6882603],[-46.8334662,-11.6882589],[-46.833472,-11.6882388],[-46.8335177,-11.6881007],[-46.8335592,-11.6879538],[-46.83358,-11.6878256],[-46.8335842,-11.6878051],[-46.8335846,-11.6878037],[-46.8335904,-11.6877836],[-46.8336379,-11.6876398],[-46.8336487,-11.6876125],[-46.8336495,-11.6876107],[-46.8336632,-11.6875847],[-46.8337352,-11.6874646],[-46.8337539,-11.6874374],[-46.8337553,-11.6874356],[-46.8337774,-11.6874107],[-46.8338979,-11.6872904],[-46.8340184,-11.68717],[-46.834139,-11.6870497],[-46.8341499,-11.6870393],[-46.8341507,-11.6870387],[-46.8341622,-11.6870289],[-46.8342829,-11.6869325],[-46.8342976,-11.6869215],[-46.8342986,-11.6869208],[-46.8343141,-11.6869108],[-46.8344186,-11.6868481],[-46.8345123,-11.6867733],[-46.8346218,-11.6866639],[-46.8346327,-11.6866536],[-46.8346334,-11.6866529],[-46.834645,-11.6866432],[-46.8347412,-11.6865663],[-46.834818,-11.6864704],[-46.8348277,-11.6864589],[-46.8348284,-11.6864582],[-46.8348387,-11.6864473],[-46.8349483,-11.6863379],[-46.8350163,-11.686253],[-46.835075,-11.6861354],[-46.835089,-11.6861107],[-46.83509,-11.6861091],[-46.8351067,-11.6860859],[-46.8351912,-11.6859804],[-46.8352535,-11.6858764],[-46.8353256,-11.6857564],[-46.8353818,-11.6856625],[-46.8354199,-11.6855476],[-46.8354674,-11.6854038],[-46.8355082,-11.6852807],[-46.835528,-11.6851585],[-46.8355514,-11.6850148],[-46.8355747,-11.6848712],[-46.8355799,-11.6848467],[-46.8355803,-11.684845],[-46.8355976,-11.6847978],[-46.8355983,-11.6847963],[-46.8356103,-11.684774],[-46.8356823,-11.6846539],[-46.8356921,-11.6846387],[-46.8356928,-11.6846377],[-46.8357037,-11.6846231],[-46.8358641,-11.6844228],[-46.8358924,-11.6843876],[-46.8358045,-11.6843417],[-46.8352663,-11.6841323],[-46.8352393,-11.6841201],[-46.8352376,-11.6841192],[-46.8351886,-11.6840869],[-46.8351871,-11.6840856],[-46.8351467,-11.6840442],[-46.8351455,-11.6840427],[-46.8351152,-11.6839943],[-46.8351143,-11.6839926],[-46.8350952,-11.6839394],[-46.8350947,-11.6839375],[-46.8350895,-11.6839099],[-46.8350562,-11.6836602],[-46.835054,-11.6836354],[-46.835054,-11.6836337],[-46.8350568,-11.6835839],[-46.835057,-11.6835823],[-46.8350692,-11.6835338],[-46.8350698,-11.6835322],[-46.835091,-11.6834865],[-46.8350919,-11.6834851],[-46.8351216,-11.6834438],[-46.8351228,-11.6834425],[-46.8351406,-11.683424],[-46.8352416,-11.6833285],[-46.8352328,-11.6832655],[-46.8352305,-11.6832388],[-46.8352304,-11.683237],[-46.8352325,-11.6832043],[-46.8352076,-11.6831744],[-46.8352067,-11.683173],[-46.8351822,-11.6831288],[-46.8351816,-11.6831273],[-46.835166,-11.6830797],[-46.8351656,-11.6830781],[-46.8351613,-11.6830535],[-46.8351477,-11.6829466],[-46.8350806,-11.6829406],[-46.8350635,-11.6829385],[-46.8350624,-11.6829383],[-46.8350455,-11.6829352],[-46.8348856,-11.6829008],[-46.8347994,-11.682922],[-46.8347988,-11.6830142],[-46.8347973,-11.6830407],[-46.8347971,-11.6830425],[-46.8347862,-11.6830945],[-46.8347856,-11.6830962],[-46.8347643,-11.6831453],[-46.8347634,-11.6831469],[-46.8347324,-11.6831912],[-46.8347312,-11.6831926],[-46.8346914,-11.6832303],[-46.83469,-11.6832314],[-46.8346429,-11.6832607],[-46.8346412,-11.6832615],[-46.8345886,-11.683281],[-46.8345869,-11.6832815],[-46.8345311,-11.6832902],[-46.8345293,-11.6832903],[-46.8344728,-11.6832876],[-46.834471,-11.6832873],[-46.8344433,-11.6832818],[-46.8344269,-11.6832776],[-46.8343231,-11.6832794],[-46.8343019,-11.683279],[-46.8343006,-11.6832789],[-46.8342795,-11.6832769],[-46.8342684,-11.6832754],[-46.8342424,-11.6832706],[-46.8342408,-11.6832702],[-46.834191,-11.6832537],[-46.8341895,-11.683253],[-46.8341441,-11.6832276],[-46.8341427,-11.6832267],[-46.8341033,-11.6831937],[-46.8341021,-11.6831925],[-46.834077,-11.6831618],[-46.8340714,-11.6831653],[-46.8340699,-11.6831661],[-46.834019,-11.6831862],[-46.8340173,-11.6831867],[-46.8339632,-11.6831965],[-46.8339614,-11.6831966],[-46.8339602,-11.6831966],[-46.8339538,-11.6832865],[-46.8339632,-11.6832866],[-46.8339649,-11.6832867],[-46.8340185,-11.683295],[-46.8340202,-11.6832954],[-46.8340708,-11.6833137],[-46.8340724,-11.6833144],[-46.8341182,-11.6833419],[-46.8341195,-11.6833429],[-46.8341587,-11.6833782],[-46.8341599,-11.6833794],[-46.8341911,-11.683421],[-46.834192,-11.6834225],[-46.8342145,-11.6834688],[-46.8342151,-11.6834705],[-46.8342281,-11.6835198],[-46.8342283,-11.6835215],[-46.8342316,-11.6835723],[-46.8342316,-11.683574],[-46.834225,-11.6836245],[-46.8342246,-11.6836262],[-46.8342177,-11.6836508],[-46.8341784,-11.6837684],[-46.8341692,-11.6839112],[-46.8341664,-11.6839359],[-46.8341661,-11.6839375],[-46.8341537,-11.6839857],[-46.8341531,-11.6839873],[-46.8341317,-11.6840326],[-46.8341308,-11.684034],[-46.8341169,-11.6840552],[-46.8340639,-11.6841279],[-46.834159,-11.6842264],[-46.834176,-11.6842457],[-46.8341771,-11.6842471],[-46.834205,-11.6842899],[-46.8342058,-11.6842914],[-46.8342165,-11.6843144],[-46.8342537,-11.684406],[-46.8342623,-11.6844304],[-46.8342628,-11.684432],[-46.8342726,-11.6844825],[-46.8342728,-11.6844843],[-46.8342726,-11.6845356],[-46.8342724,-11.6845373],[-46.8342686,-11.6845628],[-46.8342654,-11.6845787],[-46.8342735,-11.684583],[-46.8342984,-11.6845979],[-46.8342999,-11.6845989],[-46.8343439,-11.6846356],[-46.8343452,-11.684637],[-46.8343639,-11.6846583],[-46.8345019,-11.6848341],[-46.8345238,-11.6848666],[-46.8345252,-11.6848689],[-46.834542,-11.684904],[-46.8346137,-11.6850871],[-46.8346215,-11.68511],[-46.834622,-11.6851116],[-46.8346311,-11.6851588],[-46.8346313,-11.6851604],[-46.8346317,-11.6852084],[-46.8346315,-11.6852101],[-46.8346232,-11.6852574],[-46.8346228,-11.685259],[-46.8346059,-11.6853044],[-46.8346052,-11.6853058],[-46.8345801,-11.6853477],[-46.8345791,-11.6853491],[-46.8345637,-11.6853683],[-46.8344012,-11.6855529],[-46.8343848,-11.68557],[-46.8343836,-11.6855711],[-46.8343462,-11.685601],[-46.8343449,-11.6856019],[-46.8343023,-11.685625],[-46.8343009,-11.6856257],[-46.8342956,-11.6856277],[-46.8342959,-11.6856316],[-46.8343935,-11.6858639],[-46.8344022,-11.6858878],[-46.8344027,-11.6858895],[-46.834413,-11.685939],[-46.8344132,-11.6859407],[-46.8344139,-11.6859912],[-46.8344138,-11.6859929],[-46.8344105,-11.686018],[-46.8343342,-11.6864412],[-46.8343339,-11.6864432],[-46.8343339,-11.6864433],[-46.8343335,-11.6864453],[-46.8343062,-11.6865846],[-46.8342999,-11.6866098],[-46.8342994,-11.6866114],[-46.8342796,-11.6866596],[-46.8342788,-11.6866612],[-46.8342496,-11.686705],[-46.8342485,-11.6867064],[-46.8342109,-11.6867442],[-46.8342096,-11.6867453],[-46.8341647,-11.6867754],[-46.8341632,-11.6867763],[-46.8341128,-11.6867973],[-46.8341111,-11.6867978],[-46.8340572,-11.6868087],[-46.8340555,-11.6868089],[-46.8340003,-11.686809],[-46.8339986,-11.6868088],[-46.8339446,-11.6867983],[-46.8339429,-11.6867978],[-46.8338924,-11.686777],[-46.8338908,-11.6867762],[-46.8338458,-11.6867463],[-46.8338445,-11.6867452],[-46.8338066,-11.6867076],[-46.8338055,-11.6867062],[-46.8337761,-11.6866625],[-46.8337753,-11.6866609],[-46.8337552,-11.6866128],[-46.8337547,-11.6866111],[-46.8337444,-11.6865604],[-46.8337443,-11.6865587],[-46.8337441,-11.686507],[-46.8337443,-11.6865053],[-46.833748,-11.6864797],[-46.8337749,-11.6863425],[-46.8338365,-11.6860007],[-46.8337531,-11.6858021],[-46.8337457,-11.6857822],[-46.8337452,-11.6857808],[-46.8337353,-11.6857397],[-46.833735,-11.6857382],[-46.8337326,-11.6857172],[-46.8337125,-11.6854559],[-46.8337118,-11.6854311],[-46.8337118,-11.6854294],[-46.8337174,-11.6853799],[-46.8337178,-11.6853782],[-46.8337326,-11.6853305],[-46.8337333,-11.6853289],[-46.833757,-11.6852844],[-46.833758,-11.685283],[-46.83379,-11.6852434],[-46.8337912,-11.6852422],[-46.8338307,-11.6852088],[-46.8338321,-11.6852078],[-46.8338776,-11.6851822],[-46.8338791,-11.6851815],[-46.8339037,-11.685172],[-46.8340198,-11.685133],[-46.8339503,-11.6850445],[-46.8338112,-11.684971],[-46.8337893,-11.6849582],[-46.8337879,-11.6849573],[-46.8337486,-11.6849261],[-46.8337474,-11.684925],[-46.8337147,-11.6848877],[-46.8337138,-11.6848863],[-46.8336888,-11.6848441],[-46.833688,-11.6848426],[-46.8336713,-11.684797],[-46.8336709,-11.6847954],[-46.8336628,-11.6847478],[-46.8336627,-11.6847461],[-46.8336634,-11.6846979],[-46.8336636,-11.6846963],[-46.8336673,-11.6846724],[-46.8336915,-11.6845521],[-46.8335698,-11.6844261],[-46.8335522,-11.6844059],[-46.8335511,-11.6844046],[-46.8335226,-11.68436],[-46.8335217,-11.6843584],[-46.8335027,-11.6843097],[-46.8335022,-11.684308],[-46.8334931,-11.6842567],[-46.833493,-11.684255],[-46.8334922,-11.684229],[-46.8334966,-11.6840315],[-46.8334985,-11.6840049],[-46.8334987,-11.6840031],[-46.8335107,-11.683951],[-46.8335112,-11.6839493],[-46.8335336,-11.6839003],[-46.8335345,-11.6838987],[-46.8335494,-11.6838759],[-46.8336071,-11.6837967],[-46.8336072,-11.6837947],[-46.8335166,-11.6837459],[-46.833494,-11.6837322],[-46.8334926,-11.6837313],[-46.8334521,-11.6836982],[-46.8334509,-11.683697],[-46.8334179,-11.6836573],[-46.8334169,-11.6836559],[-46.8333923,-11.6836112],[-46.8333916,-11.6836096],[-46.8333761,-11.6835615],[-46.8333757,-11.6835598],[-46.8333697,-11.6835098],[-46.8333696,-11.6835081],[-46.8333702,-11.683483],[-46.833378,-11.683373],[-46.8332534,-11.6833295],[-46.833228,-11.6833192],[-46.8332264,-11.6833184],[-46.8331817,-11.6832921],[-46.8331759,-11.6832895],[-46.8330901,-11.6832463],[-46.8330687,-11.6832344],[-46.8330673,-11.6832335],[-46.8330472,-11.6832198],[-46.8329707,-11.6831625],[-46.8329565,-11.6831511],[-46.8329556,-11.6831503],[-46.8329422,-11.683138],[-46.8326621,-11.6828629],[-46.8325559,-11.6828438],[-46.8325311,-11.6828382],[-46.8325296,-11.6828378],[-46.8324823,-11.6828201],[-46.8324808,-11.6828194],[-46.832438,-11.6827937],[-46.8324366,-11.6827928],[-46.8323995,-11.6827602],[-46.8323984,-11.682759],[-46.8323681,-11.6827207],[-46.8323672,-11.6827193],[-46.8323445,-11.6826767],[-46.8323439,-11.6826752],[-46.8323356,-11.6826526],[-46.8323176,-11.6825956],[-46.8323139,-11.6826016],[-46.832313,-11.6826029],[-46.8322801,-11.6826398],[-46.8322789,-11.6826409],[-46.8322599,-11.6826571],[-46.8320896,-11.6827894],[-46.8320672,-11.6828051],[-46.8320656,-11.6828061],[-46.8320161,-11.6828307],[-46.8320145,-11.6828313],[-46.8319606,-11.6828457],[-46.8319588,-11.682846],[-46.8319029,-11.6828495],[-46.8319011,-11.6828494],[-46.8318457,-11.6828417],[-46.831844,-11.6828413],[-46.8317915,-11.6828229],[-46.8317899,-11.6828222],[-46.8317712,-11.6828111],[-46.831682,-11.6828485],[-46.8316588,-11.682857],[-46.8316573,-11.6828575],[-46.8316334,-11.682864],[-46.8315401,-11.6828849],[-46.8315136,-11.6828895],[-46.8315119,-11.6828897],[-46.8314665,-11.682891],[-46.8314519,-11.6829271],[-46.8314511,-11.6829286],[-46.8314238,-11.6829709],[-46.8314228,-11.6829722],[-46.8313877,-11.683009],[-46.8313864,-11.6830102],[-46.8313445,-11.6830402],[-46.8313431,-11.683041],[-46.8312959,-11.683063],[-46.8312943,-11.6830635],[-46.8312434,-11.6830764],[-46.8312417,-11.6830766],[-46.8311891,-11.6830797],[-46.8311874,-11.6830797],[-46.8311611,-11.6830775],[-46.8308843,-11.6830418],[-46.8308371,-11.6830976],[-46.83082,-11.6831161],[-46.8308189,-11.6831172],[-46.8307796,-11.6831492],[-46.8307782,-11.6831501],[-46.8307332,-11.6831746],[-46.8307316,-11.6831753],[-46.8307074,-11.6831844],[-46.8306815,-11.6831928],[-46.8306671,-11.6832302],[-46.8306663,-11.6832317],[-46.83064,-11.6832742],[-46.830639,-11.6832755],[-46.8306049,-11.6833128],[-46.8306037,-11.6833139],[-46.8305627,-11.6833446],[-46.8305613,-11.6833455],[-46.8305149,-11.6833683],[-46.8305133,-11.6833689],[-46.8305065,-11.6833711],[-46.8304827,-11.6834803],[-46.8304758,-11.6835059],[-46.8304752,-11.6835076],[-46.8304655,-11.6835297],[-46.8304654,-11.6835301],[-46.8304535,-11.6835803],[-46.830453,-11.683582],[-46.8304314,-11.6836292],[-46.8304305,-11.6836307],[-46.8303999,-11.6836734],[-46.8303987,-11.6836747],[-46.8303599,-11.683711],[-46.8303585,-11.6837121],[-46.8303128,-11.6837405],[-46.8303112,-11.6837413],[-46.8302603,-11.6837606],[-46.8302586,-11.683761],[-46.8302046,-11.6837701],[-46.8302029,-11.6837702],[-46.8301481,-11.6837686],[-46.8301463,-11.6837684],[-46.830093,-11.6837562],[-46.8300914,-11.6837557],[-46.830066,-11.6837458],[-46.8300364,-11.6837326],[-46.8298951,-11.6838467],[-46.8297342,-11.6840203],[-46.8297136,-11.6840404],[-46.8297121,-11.6840417],[-46.8296645,-11.6840751],[-46.8296628,-11.684076],[-46.8296087,-11.6840989],[-46.8296068,-11.6840994],[-46.8295486,-11.6841105],[-46.8295467,-11.6841107],[-46.8295439,-11.6841106],[-46.8295221,-11.6841365],[-46.8295208,-11.6841377],[-46.8294802,-11.6841703],[-46.8294797,-11.6842124],[-46.8294795,-11.6842141],[-46.8294754,-11.68424],[-46.8294346,-11.6844308],[-46.8294277,-11.6844568],[-46.8294271,-11.6844586],[-46.8294053,-11.6845081],[-46.8294044,-11.6845097],[-46.8293871,-11.6845341],[-46.8293985,-11.6845701],[-46.8293988,-11.6845717],[-46.8294048,-11.68462],[-46.8294048,-11.6846217],[-46.8294018,-11.6846702],[-46.8294015,-11.6846719],[-46.8293896,-11.6847192],[-46.829389,-11.6847208],[-46.8293798,-11.6847435],[-46.8291925,-11.6851495],[-46.8291347,-11.6852843],[-46.8292149,-11.6854967],[-46.8293501,-11.6856163],[-46.8293678,-11.6856334],[-46.829369,-11.6856346],[-46.8293991,-11.6856731],[-46.8294,-11.6856745],[-46.8294123,-11.6856954],[-46.8295578,-11.6859721],[-46.8295711,-11.6860017],[-46.8295719,-11.6860038],[-46.8295872,-11.6860662],[-46.8295874,-11.6860684],[-46.8295893,-11.6861005],[-46.8295883,-11.6863577],[-46.8296408,-11.6868563],[-46.829642,-11.6868728],[-46.8296421,-11.6868739],[-46.8296423,-11.6868904],[-46.8296337,-11.687307],[-46.8296327,-11.6873258],[-46.8296326,-11.6873271],[-46.8296301,-11.6873458],[-46.8295855,-11.687616],[-46.8296027,-11.6876807],[-46.8298982,-11.6877903],[-46.8303036,-11.687778],[-46.8303312,-11.6877785],[-46.8303329,-11.6877786],[-46.8303872,-11.6877877],[-46.8303889,-11.6877882],[-46.83044,-11.6878075],[-46.8304416,-11.6878083],[-46.8304875,-11.687837],[-46.8304889,-11.6878381],[-46.8305278,-11.6878747],[-46.830529,-11.687876],[-46.8305596,-11.687919],[-46.8305605,-11.6879205],[-46.830582,-11.6879681],[-46.8305825,-11.6879698],[-46.8305942,-11.6880202],[-46.8305944,-11.688022],[-46.830596,-11.6880736],[-46.8305959,-11.6880754],[-46.8305873,-11.6881264],[-46.8305868,-11.6881281],[-46.8305684,-11.6881767],[-46.8305676,-11.6881783],[-46.8305397,-11.6882229],[-46.8305387,-11.6882243],[-46.8305022,-11.688263],[-46.8305009,-11.6882642],[-46.830457,-11.6882955],[-46.8304554,-11.6882964],[-46.8304057,-11.6883187],[-46.8304041,-11.6883193],[-46.8303505,-11.6883317],[-46.8303488,-11.6883319],[-46.8303213,-11.6883341],[-46.8298593,-11.6883481],[-46.8298322,-11.6883476],[-46.8298305,-11.6883475],[-46.8297772,-11.6883388],[-46.8297755,-11.6883384],[-46.8297498,-11.6883302],[-46.8292641,-11.6881501],[-46.8292396,-11.6881396],[-46.8292381,-11.6881389],[-46.829193,-11.6881115],[-46.8291916,-11.6881105],[-46.8291531,-11.6880755],[-46.8291519,-11.6880742],[-46.8291211,-11.688033],[-46.8291202,-11.6880315],[-46.829098,-11.6879857],[-46.8290974,-11.6879841],[-46.8290898,-11.68796],[-46.8290204,-11.6876995],[-46.8290147,-11.6876721],[-46.8290144,-11.6876702],[-46.8290117,-11.6876146],[-46.8290118,-11.6876127],[-46.8290149,-11.6875849],[-46.8290659,-11.6872763],[-46.8290737,-11.6868964],[-46.8290214,-11.6864],[-46.8290203,-11.6863858],[-46.8290202,-11.6863848],[-46.8290199,-11.6863705],[-46.8290207,-11.6861663],[-46.8289307,-11.6859951],[-46.8287821,-11.6858637],[-46.8287587,-11.6858404],[-46.8287573,-11.6858387],[-46.8287203,-11.6857851],[-46.8287193,-11.6857832],[-46.8287061,-11.6857537],[-46.8286373,-11.6855718]]],[[[-46.8340762,-11.6931658],[-46.834089,-11.6931294],[-46.8342443,-11.6930804],[-46.8342448,-11.6930802],[-46.8343746,-11.6930309],[-46.8343389,-11.6930555],[-46.8340916,-11.6931317],[-46.8340762,-11.6931658]]],[[[-46.8343918,-11.6930191],[-46.8344927,-11.692942],[-46.8344927,-11.692942],[-46.8345429,-11.6929029],[-46.8344472,-11.6929811],[-46.8343918,-11.6930191]]],[[[-46.8346711,-11.6927981],[-46.8347074,-11.6927668],[-46.8347085,-11.6927657],[-46.8348168,-11.6926359],[-46.8348175,-11.692635],[-46.8349018,-11.6925012],[-46.8349024,-11.6925001],[-46.8349543,-11.6923869],[-46.8350194,-11.6922663],[-46.8351112,-11.6921286],[-46.8351121,-11.692127],[-46.8351606,-11.6920073],[-46.8351608,-11.6920069],[-46.8352061,-11.6918754],[-46.835285,-11.6917272],[-46.8352859,-11.6917257],[-46.8352018,-11.6919069],[-46.8351214,-11.6921248],[-46.8350193,-11.692281],[-46.8349265,-11.6924637],[-46.8348168,-11.6926417],[-46.8348131,-11.6926458],[-46.8347061,-11.6927718],[-46.8346985,-11.6927758],[-46.8346711,-11.6927981]]],[[[-46.8353151,-11.6916785],[-46.8353541,-11.6916153],[-46.8354588,-11.6915025],[-46.8355979,-11.6914245],[-46.8355983,-11.6914243],[-46.8357329,-11.6913401],[-46.8357332,-11.69134],[-46.8358257,-11.6912783],[-46.8358258,-11.6912782],[-46.835952,-11.6911914],[-46.8359534,-11.6911902],[-46.8359545,-11.6911888],[-46.836027,-11.6910773],[-46.8360275,-11.6910764],[-46.8360886,-11.690954],[-46.836158,-11.6908261],[-46.8362518,-11.690666],[-46.836371,-11.6905719],[-46.8363722,-11.6905708],[-46.8364673,-11.6904619],[-46.8364674,-11.6904618],[-46.8365624,-11.6903501],[-46.8365629,-11.6903495],[-46.8366522,-11.690224],[-46.8367302,-11.6901155],[-46.8368296,-11.6899941],[-46.8369784,-11.6899037],[-46.8369786,-11.6899036],[-46.8370992,-11.6898264],[-46.8372282,-11.6897451],[-46.8372287,-11.6897448],[-46.8373181,-11.6896806],[-46.8374834,-11.6895797],[-46.8374836,-11.6895796],[-46.8376407,-11.6894787],[-46.8376407,-11.6894786],[-46.8377529,-11.6894057],[-46.8377539,-11.689405],[-46.8378682,-11.6893075],[-46.8380104,-11.6892183],[-46.8378319,-11.6893465],[-46.8378265,-11.6893521],[-46.83781,-11.6893746],[-46.8376188,-11.6895081],[-46.8375874,-11.6895246],[-46.8375612,-11.6895411],[-46.8375403,-11.6895575],[-46.8373033,-11.689698],[-46.8368365,-11.6900004],[-46.8365866,-11.6903323],[-46.8364434,-11.6905071],[-46.8364241,-11.6905286],[-46.8362651,-11.6906635],[-46.836095,-11.6909661],[-46.8360952,-11.6909728],[-46.8359682,-11.6911906],[-46.8357558,-11.691335],[-46.8355541,-11.6914513],[-46.8354108,-11.6915591],[-46.8353151,-11.6916785]]],[[[-46.8380121,-11.6892171],[-46.8380435,-11.6891921],[-46.8380225,-11.6892096],[-46.8380121,-11.6892171]]],[[[-46.8380527,-11.6891848],[-46.8381488,-11.6891084],[-46.8381963,-11.6890722],[-46.8382718,-11.689019],[-46.8382735,-11.6890175],[-46.8383684,-11.6889061],[-46.8384437,-11.688828],[-46.8384449,-11.6888265],[-46.8384458,-11.6888247],[-46.8384462,-11.6888227],[-46.8384621,-11.6886758],[-46.8384864,-11.6885345],[-46.8385218,-11.6883682],[-46.8385713,-11.6882103],[-46.8386179,-11.6880863],[-46.8387066,-11.6879547],[-46.8387067,-11.6879546],[-46.8387805,-11.687841],[-46.838854,-11.6878069],[-46.8388543,-11.6878068],[-46.8389007,-11.687783],[-46.8387904,-11.6878444],[-46.8386171,-11.688105],[-46.8385487,-11.688305],[-46.8384873,-11.6885758],[-46.8384565,-11.6888243],[-46.8382958,-11.6890167],[-46.8380527,-11.6891848]]],[[[-46.8390208,-11.6877263],[-46.8391205,-11.6876846],[-46.8391211,-11.6876843],[-46.8392121,-11.6876384],[-46.8391298,-11.6876802],[-46.8391205,-11.6876899],[-46.8390208,-11.6877263]]],[[[-46.8393182,-11.6875846],[-46.8394015,-11.6875208],[-46.8395583,-11.68742],[-46.8395587,-11.6874197],[-46.8397045,-11.6873133],[-46.8397061,-11.6873118],[-46.8398108,-11.6871862],[-46.8399492,-11.6870286],[-46.8399505,-11.6870265],[-46.840045,-11.6868289],[-46.8401269,-11.6866674],[-46.8402183,-11.6864913],[-46.8403687,-11.6862952],[-46.8403687,-11.6862951],[-46.8404936,-11.6861288],[-46.8406888,-11.6859867],[-46.8406889,-11.6859866],[-46.840689,-11.6859865],[-46.8407233,-11.6859597],[-46.840717,-11.6859663],[-46.8405035,-11.6861331],[-46.8402259,-11.6864946],[-46.8399536,-11.6870277],[-46.8398132,-11.6872034],[-46.8398028,-11.6872192],[-46.8396281,-11.6873951],[-46.8394022,-11.6875317],[-46.8393831,-11.6875517],[-46.8393182,-11.6875846]]],[[[-46.8407294,-11.6859549],[-46.8407923,-11.6859057],[-46.8408984,-11.6858414],[-46.8408987,-11.6858413],[-46.8411269,-11.6856937],[-46.8411278,-11.685693],[-46.8412791,-11.6855671],[-46.8412792,-11.685567],[-46.8414557,-11.685416],[-46.8414561,-11.6854156],[-46.841585,-11.68529],[-46.8417393,-11.6851548],[-46.84174,-11.6851541],[-46.8418434,-11.6850383],[-46.8419973,-11.6849129],[-46.8419988,-11.6849113],[-46.8421088,-11.6847637],[-46.8421089,-11.6847636],[-46.8422683,-11.6845387],[-46.8423808,-11.6844481],[-46.8423809,-11.6844481],[-46.8425046,-11.6843461],[-46.8426504,-11.6843422],[-46.8426506,-11.6843421],[-46.8426878,-11.6843404],[-46.8425108,-11.6843559],[-46.8422727,-11.6845628],[-46.842,-11.6849295],[-46.8416521,-11.6852404],[-46.8412417,-11.6856263],[-46.8412151,-11.6856444],[-46.8407294,-11.6859549]]],[[[-46.8429206,-11.6843199],[-46.8429832,-11.6843119],[-46.8432783,-11.6843193],[-46.8434354,-11.6844078],[-46.8434374,-11.6844086],[-46.843548,-11.684439],[-46.8438018,-11.6845403],[-46.8438026,-11.6845405],[-46.8439677,-11.6845894],[-46.8439683,-11.6845896],[-46.844146,-11.6846291],[-46.8441468,-11.6846292],[-46.8442988,-11.6846501],[-46.844154,-11.6846423],[-46.8438042,-11.6845518],[-46.843466,-11.68443],[-46.8434515,-11.68443],[-46.8432736,-11.684326],[-46.8429635,-11.6843161],[-46.8429206,-11.6843199]]],[[[-46.8442996,-11.6846501],[-46.844301,-11.6846501],[-46.8444942,-11.6846333],[-46.8444947,-11.6846332],[-46.844767,-11.6845958],[-46.8447671,-11.684596],[-46.8447383,-11.6846387],[-46.8446272,-11.6846497],[-46.8444331,-11.6846573],[-46.8442996,-11.6846501]]],[[[-46.8447811,-11.6845752],[-46.8447809,-11.6845448],[-46.8448183,-11.6844126],[-46.8448883,-11.6842671],[-46.8449957,-11.6841068],[-46.8450932,-11.6840094],[-46.8449848,-11.684144],[-46.8448797,-11.6843015],[-46.8448164,-11.6845114],[-46.8448153,-11.6845243],[-46.8447811,-11.6845752]]],[[[-46.8451089,-11.6839938],[-46.8451096,-11.6839931],[-46.8453174,-11.6839547],[-46.8453187,-11.6839544],[-46.8454054,-11.6839242],[-46.8454544,-11.6839104],[-46.8453525,-11.6839522],[-46.8451089,-11.6839938]]],[[[-46.8455096,-11.6838773],[-46.8455084,-11.6838771],[-46.8455083,-11.6838771],[-46.8455134,-11.6838622],[-46.8455096,-11.6838773]]],[[[-46.8455306,-11.6837939],[-46.845513,-11.6836289],[-46.8455688,-11.6834218],[-46.8457407,-11.6832406],[-46.8459099,-11.6830622],[-46.8461834,-11.6831755],[-46.8461851,-11.683176],[-46.8461868,-11.6831762],[-46.8461886,-11.683176],[-46.8461903,-11.6831755],[-46.8461918,-11.6831747],[-46.8461932,-11.6831736],[-46.8463317,-11.6830384],[-46.8463328,-11.6830372],[-46.8463336,-11.6830358],[-46.8463341,-11.6830343],[-46.8463344,-11.6830327],[-46.846355,-11.6827952],[-46.846355,-11.6827935],[-46.8463546,-11.6827917],[-46.846354,-11.6827901],[-46.846353,-11.6827887],[-46.8463517,-11.6827875],[-46.8463503,-11.6827865],[-46.8462269,-11.6827206],[-46.846152,-11.6823068],[-46.8461515,-11.6823051],[-46.8461507,-11.6823035],[-46.8459882,-11.6820585],[-46.8459873,-11.6820574],[-46.8459862,-11.6820564],[-46.845803,-11.6819154],[-46.8458017,-11.6819146],[-46.8458002,-11.6819139],[-46.8456112,-11.6818558],[-46.8456107,-11.6818557],[-46.845364,-11.6817966],[-46.8453647,-11.681779],[-46.8453647,-11.6817784],[-46.8453582,-11.6814527],[-46.8453845,-11.6812526],[-46.845408,-11.6810893],[-46.845408,-11.6810875],[-46.8453998,-11.6809221],[-46.845396,-11.6808194],[-46.8453961,-11.6808109],[-46.8454097,-11.6810825],[-46.8453742,-11.6813942],[-46.8453644,-11.6817942],[-46.8457331,-11.6818714],[-46.8458858,-11.6819314],[-46.8460144,-11.6820486],[-46.8460989,-11.6821808],[-46.8461594,-11.6823017],[-46.8462394,-11.6826908],[-46.8463792,-11.6827786],[-46.8463522,-11.6830503],[-46.8462142,-11.6832114],[-46.8459944,-11.6831064],[-46.8459956,-11.6831258],[-46.8457328,-11.6833314],[-46.8455856,-11.6835753],[-46.8455306,-11.6837939]]],[[[-46.8454131,-11.6806456],[-46.8454273,-11.680544],[-46.8454273,-11.6805439],[-46.845442,-11.6804283],[-46.8457294,-11.6801546],[-46.8457306,-11.6801532],[-46.8457314,-11.6801517],[-46.845732,-11.68015],[-46.845732,-11.6801498],[-46.8458775,-11.6798697],[-46.8458782,-11.679868],[-46.8458785,-11.6798662],[-46.8458835,-11.6797957],[-46.8458861,-11.6798606],[-46.8457347,-11.6801586],[-46.84545,-11.6804275],[-46.8454131,-11.6806456]]],[[[-46.8458714,-11.679698],[-46.8458668,-11.679681],[-46.8458575,-11.6796226],[-46.8458714,-11.679698]]],[[[-46.8458535,-11.6795978],[-46.8458534,-11.6795969],[-46.8458604,-11.6795865],[-46.8458535,-11.6795978]]],[[[-46.8459424,-11.6794516],[-46.8459687,-11.6793997],[-46.8459693,-11.6793981],[-46.8459696,-11.6793964],[-46.8459696,-11.6793946],[-46.8459692,-11.6793929],[-46.8459685,-11.6793913],[-46.8459675,-11.6793898],[-46.8459663,-11.6793886],[-46.8458596,-11.6793034],[-46.8458592,-11.6793032],[-46.8456873,-11.6791778],[-46.8456859,-11.679177],[-46.8455859,-11.6791277],[-46.8454907,-11.6790785],[-46.8454115,-11.6790323],[-46.8452378,-11.678928],[-46.8451589,-11.6788359],[-46.8451576,-11.6788347],[-46.8451561,-11.6788337],[-46.8451545,-11.6788331],[-46.8451527,-11.6788328],[-46.845151,-11.6788328],[-46.8451493,-11.6788332],[-46.8451097,-11.6788459],[-46.8451096,-11.678846],[-46.8451094,-11.678846],[-46.8450237,-11.6788774],[-46.8449854,-11.6788833],[-46.8451572,-11.6788269],[-46.8452453,-11.678925],[-46.8453897,-11.6790169],[-46.8456906,-11.6791669],[-46.8459806,-11.6793889],[-46.8459424,-11.6794516]]],[[[-46.8448506,-11.6792469],[-46.8448506,-11.6792472],[-46.8447458,-11.6794994],[-46.8445183,-11.6796652],[-46.8445026,-11.6796594],[-46.8445053,-11.6796589],[-46.8447439,-11.6794936],[-46.8448506,-11.6792469]]],[[[-46.8444616,-11.679667],[-46.8443485,-11.6796926],[-46.844185,-11.6797235],[-46.8440299,-11.6793379],[-46.8440291,-11.6793363],[-46.8440281,-11.679335],[-46.8440271,-11.6793342],[-46.8440308,-11.6793342],[-46.8441925,-11.6797167],[-46.8444616,-11.679667]]],[[[-46.843462,-11.6788799],[-46.8434564,-11.678876],[-46.8434562,-11.6788757],[-46.843462,-11.6788799]]],[[[-46.8433864,-11.6787821],[-46.843347,-11.67873],[-46.8433469,-11.678729],[-46.8433468,-11.6787288],[-46.8433864,-11.6787821]]],[[[-46.8415319,-11.6795193],[-46.8414466,-11.6796624],[-46.8414992,-11.6795683],[-46.8415319,-11.6795193]]],[[[-46.8413555,-11.6798178],[-46.8413543,-11.6798199],[-46.8411065,-11.6799351],[-46.8411051,-11.6799359],[-46.8411039,-11.6799369],[-46.8411029,-11.6799381],[-46.8411021,-11.6799394],[-46.8410279,-11.6800975],[-46.8409316,-11.6801816],[-46.8410108,-11.680085],[-46.8411053,-11.6799167],[-46.8413555,-11.6798178]]],[[[-46.8409208,-11.6801948],[-46.8408546,-11.6802886],[-46.8407811,-11.6802846],[-46.8407809,-11.6802846],[-46.8406747,-11.6802814],[-46.8406729,-11.6802815],[-46.8406718,-11.6802818],[-46.8406722,-11.6802806],[-46.8408553,-11.6802747],[-46.8409208,-11.6801948]]],[[[-46.8406496,-11.6803551],[-46.8406433,-11.6803814],[-46.840643,-11.6803832],[-46.8406432,-11.6803851],[-46.8406437,-11.6803869],[-46.8406446,-11.6803885],[-46.8406454,-11.6803895],[-46.8406394,-11.6803886],[-46.8406496,-11.6803551]]],[[[-46.840676,-11.680577],[-46.8404625,-11.6805764],[-46.8404606,-11.6805766],[-46.8404588,-11.6805772],[-46.8403041,-11.6806461],[-46.8400747,-11.680646],[-46.8400742,-11.6806461],[-46.8400756,-11.680645],[-46.84031,-11.6806397],[-46.8404606,-11.68057],[-46.840676,-11.680577]]],[[[-46.8400591,-11.6806578],[-46.8400263,-11.6806905],[-46.8399948,-11.6807079],[-46.8400591,-11.6806578]]],[[[-46.8399954,-11.680824],[-46.8400404,-11.6812093],[-46.8398192,-11.6814836],[-46.8396203,-11.6813992],[-46.8394641,-11.6812579],[-46.839464,-11.6812576],[-46.839463,-11.6812561],[-46.8394618,-11.6812549],[-46.8394604,-11.6812538],[-46.8394587,-11.6812531],[-46.839457,-11.6812527],[-46.8394553,-11.6812527],[-46.8393444,-11.6812612],[-46.8393423,-11.6812617],[-46.8393403,-11.6812626],[-46.8391651,-11.6813715],[-46.8391638,-11.6813725],[-46.8390693,-11.681459],[-46.8390692,-11.6814591],[-46.8391444,-11.6813831],[-46.8393411,-11.6812525],[-46.8394642,-11.6812467],[-46.8396533,-11.6814008],[-46.8398211,-11.6814703],[-46.8399739,-11.6812917],[-46.8400389,-11.6812047],[-46.8400078,-11.6809961],[-46.8399954,-11.680824]]],[[[-46.8390687,-11.6814596],[-46.8390184,-11.6815145],[-46.8390173,-11.681516],[-46.8390165,-11.6815176],[-46.8390161,-11.6815194],[-46.8390161,-11.6815212],[-46.8390164,-11.681523],[-46.839017,-11.6815247],[-46.8391139,-11.6817125],[-46.8391033,-11.6819483],[-46.8389123,-11.6819465],[-46.8389106,-11.6819466],[-46.838909,-11.6819471],[-46.8389075,-11.6819479],[-46.8387077,-11.6820727],[-46.838614,-11.6820719],[-46.8384772,-11.6818367],[-46.838476,-11.6818351],[-46.8384745,-11.6818338],[-46.8384728,-11.6818329],[-46.838471,-11.6818323],[-46.8382425,-11.6817916],[-46.8382411,-11.6817915],[-46.8382397,-11.6817916],[-46.8381978,-11.6817974],[-46.8382436,-11.6817906],[-46.8384756,-11.6818297],[-46.8386144,-11.6820717],[-46.8387028,-11.6820725],[-46.8389008,-11.6819417],[-46.8391014,-11.6819442],[-46.8391103,-11.6817122],[-46.83901,-11.6815189],[-46.8390687,-11.6814596]]],[[[-46.8380595,-11.6818182],[-46.838059,-11.6818185],[-46.8380578,-11.6818199],[-46.8380569,-11.6818215],[-46.8380564,-11.6818233],[-46.8380562,-11.6818251],[-46.8380564,-11.681827],[-46.838057,-11.6818287],[-46.8381117,-11.6819502],[-46.8381126,-11.6819518],[-46.8381139,-11.6819532],[-46.8382817,-11.6821033],[-46.8382805,-11.6821039],[-46.838279,-11.6821048],[-46.8382778,-11.682106],[-46.8382776,-11.6821062],[-46.8380997,-11.6819589],[-46.8380472,-11.68182],[-46.8380595,-11.6818182]]],[[[-46.8382134,-11.6821373],[-46.8381807,-11.6821536],[-46.8381792,-11.6821545],[-46.8381779,-11.6821557],[-46.8381769,-11.6821571],[-46.8381762,-11.6821587],[-46.8381758,-11.6821604],[-46.8381757,-11.6821621],[-46.8381759,-11.6821638],[-46.8381765,-11.6821655],[-46.8382825,-11.6823913],[-46.8382809,-11.6823931],[-46.8381675,-11.6821517],[-46.8382134,-11.6821373]]],[[[-46.8382226,-11.682459],[-46.8380591,-11.6826435],[-46.8377759,-11.6826762],[-46.8377753,-11.6826763],[-46.8372277,-11.6827766],[-46.837226,-11.6827771],[-46.8372245,-11.6827778],[-46.8372231,-11.6827789],[-46.837222,-11.6827802],[-46.8372211,-11.6827816],[-46.8371069,-11.6830261],[-46.8369781,-11.6830834],[-46.8369765,-11.6830843],[-46.8369751,-11.6830855],[-46.836974,-11.6830869],[-46.8369733,-11.6830886],[-46.8369728,-11.6830904],[-46.8369728,-11.6830922],[-46.8369731,-11.683094],[-46.8369737,-11.6830957],[-46.8369747,-11.6830973],[-46.836976,-11.6830986],[-46.8370835,-11.6831871],[-46.8369575,-11.6830886],[-46.83711,-11.6830044],[-46.8372142,-11.6827733],[-46.8375117,-11.6827156],[-46.8377653,-11.6826606],[-46.8380592,-11.6826414],[-46.8382226,-11.682459]]],[[[-46.8370216,-11.6832615],[-46.8368496,-11.6832975],[-46.8368479,-11.683298],[-46.8368464,-11.6832989],[-46.836845,-11.6833],[-46.8368439,-11.6833014],[-46.8368431,-11.6833029],[-46.8368426,-11.6833046],[-46.8368424,-11.6833064],[-46.8368426,-11.6833081],[-46.8368432,-11.6833098],[-46.836844,-11.6833114],[-46.8368451,-11.6833127],[-46.8368453,-11.6833129],[-46.8368706,-11.6834454],[-46.8368713,-11.6834475],[-46.8369107,-11.6835301],[-46.8368647,-11.6834464],[-46.8368356,-11.6833006],[-46.8368394,-11.6832889],[-46.8370216,-11.6832615]]],[[[-46.8369007,-11.6836179],[-46.8368928,-11.6836504],[-46.8368351,-11.6836532],[-46.8368914,-11.6836497],[-46.8369007,-11.6836179]]],[[[-46.8366375,-11.6836655],[-46.8366373,-11.6836657],[-46.8366372,-11.6836658],[-46.8366372,-11.6836656],[-46.8366375,-11.6836655]]],[[[-46.8366381,-11.6837032],[-46.8366428,-11.6837506],[-46.8366431,-11.6837522],[-46.8366437,-11.6837537],[-46.8366445,-11.6837551],[-46.8366456,-11.6837563],[-46.8366469,-11.6837573],[-46.8367352,-11.6838137],[-46.8366394,-11.6837583],[-46.8366381,-11.6837032]]],[[[-46.8368048,-11.6838581],[-46.836809,-11.6838608],[-46.8367912,-11.6839678],[-46.8368048,-11.6838581]]],[[[-46.8367022,-11.6839232],[-46.8367013,-11.6839231],[-46.8366996,-11.6839232],[-46.8366979,-11.6839237],[-46.8366964,-11.6839245],[-46.836695,-11.6839256],[-46.8366946,-11.6839261],[-46.8366953,-11.6839183],[-46.8367022,-11.6839232]]],[[[-46.8366908,-11.6839715],[-46.836681,-11.6842337],[-46.8365275,-11.6842959],[-46.8364618,-11.6842325],[-46.8365214,-11.6842806],[-46.8366694,-11.6842236],[-46.8366908,-11.6839715]]],[[[-46.8359993,-11.684118],[-46.8359283,-11.684081],[-46.8359274,-11.6840806],[-46.8357441,-11.6840092],[-46.8359297,-11.6840792],[-46.8359993,-11.684118]]],[[[-46.8356078,-11.6839562],[-46.8353795,-11.6838674],[-46.8353475,-11.6836275],[-46.8355489,-11.6834373],[-46.83555,-11.683436],[-46.8355508,-11.6834345],[-46.8355514,-11.6834329],[-46.8355517,-11.6834312],[-46.8355516,-11.6834295],[-46.8355249,-11.6832382],[-46.8355282,-11.6832386],[-46.8355581,-11.6834403],[-46.8353531,-11.6836269],[-46.8353817,-11.6838625],[-46.8356078,-11.6839562]]],[[[-46.8357124,-11.6832609],[-46.8357337,-11.6832635],[-46.8357352,-11.6832636],[-46.835891,-11.6832574],[-46.8357475,-11.6832664],[-46.8357124,-11.6832609]]],[[[-46.8360583,-11.6831254],[-46.8360583,-11.6831249],[-46.8360578,-11.6831232],[-46.8360571,-11.6831215],[-46.836056,-11.68312],[-46.8360546,-11.6831188],[-46.836053,-11.6831179],[-46.8360513,-11.6831173],[-46.836003,-11.6831065],[-46.8360603,-11.6831186],[-46.8360583,-11.6831254]]],[[[-46.8354395,-11.6829186],[-46.8354309,-11.6828507],[-46.8354341,-11.6828449],[-46.8355594,-11.6828694],[-46.8355613,-11.6828696],[-46.8355632,-11.6828693],[-46.835565,-11.6828687],[-46.8355666,-11.6828677],[-46.835614,-11.6828311],[-46.8355703,-11.6828717],[-46.8354347,-11.6828506],[-46.8354395,-11.6829186]]],[[[-46.8356394,-11.6828075],[-46.8356394,-11.6828063],[-46.8356391,-11.6828045],[-46.8356385,-11.6828028],[-46.8356375,-11.6828013],[-46.8356362,-11.6828001],[-46.8356347,-11.6827991],[-46.8354184,-11.6826833],[-46.8354168,-11.6826826],[-46.835415,-11.6826823],[-46.835108,-11.6826546],[-46.8348832,-11.6826062],[-46.8348811,-11.682606],[-46.8348791,-11.6826063],[-46.8347948,-11.682627],[-46.8348811,-11.6826033],[-46.8351164,-11.6826544],[-46.8354161,-11.6826794],[-46.8356472,-11.6828003],[-46.8356394,-11.6828075]]],[[[-46.8346117,-11.6826574],[-46.8345385,-11.6826645],[-46.8345367,-11.6826648],[-46.834535,-11.6826655],[-46.8345335,-11.6826666],[-46.8345322,-11.6826679],[-46.8345313,-11.6826695],[-46.8345306,-11.6826712],[-46.8345105,-11.6827515],[-46.8345258,-11.6826647],[-46.8346117,-11.6826574]]],[[[-46.8345064,-11.6828945],[-46.8345057,-11.6830009],[-46.8344895,-11.6829968],[-46.8345039,-11.6829986],[-46.8345064,-11.6828945]]],[[[-46.834322,-11.6829922],[-46.8343186,-11.6829922],[-46.8343165,-11.682992],[-46.834324,-11.6828807],[-46.834322,-11.6829922]]],[[[-46.8343247,-11.6828449],[-46.8343235,-11.6828435],[-46.8343221,-11.6828423],[-46.8341406,-11.6827216],[-46.8341391,-11.6827208],[-46.8341374,-11.6827203],[-46.8341357,-11.6827201],[-46.834134,-11.6827203],[-46.8341323,-11.6827207],[-46.8341308,-11.6827215],[-46.8341294,-11.6827226],[-46.8339482,-11.6828977],[-46.8339483,-11.682894],[-46.8341353,-11.6827117],[-46.8343247,-11.6828431],[-46.8343247,-11.6828449]]],[[[-46.8339512,-11.6827308],[-46.8339536,-11.6825962],[-46.8339536,-11.6825954],[-46.8339362,-11.6823565],[-46.8339359,-11.6823548],[-46.8339353,-11.6823532],[-46.8339344,-11.6823517],[-46.8339332,-11.6823505],[-46.8339319,-11.6823495],[-46.8339303,-11.6823487],[-46.8339287,-11.6823483],[-46.8338271,-11.6823317],[-46.8338253,-11.6823316],[-46.8338235,-11.6823319],[-46.8338218,-11.6823325],[-46.8338202,-11.6823335],[-46.8338189,-11.6823347],[-46.8338178,-11.6823362],[-46.8338171,-11.6823379],[-46.8337765,-11.6824657],[-46.8338175,-11.6823231],[-46.8339358,-11.6823483],[-46.8339567,-11.6826014],[-46.8339512,-11.6827308]]],[[[-46.8335567,-11.6824598],[-46.8335379,-11.682457],[-46.833536,-11.6824569],[-46.8335342,-11.6824572],[-46.8335324,-11.6824578],[-46.8335309,-11.6824589],[-46.8335295,-11.6824602],[-46.8334887,-11.6825104],[-46.8334877,-11.6825119],[-46.833487,-11.6825135],[-46.8334869,-11.6825141],[-46.8334847,-11.6825114],[-46.8335314,-11.6824558],[-46.8335567,-11.6824598]]],[[[-46.8336308,-11.6826933],[-46.8336366,-11.6827002],[-46.8336364,-11.6827002],[-46.8336308,-11.6826933]]],[[[-46.8333097,-11.6827261],[-46.8332561,-11.6827368],[-46.8332545,-11.6827373],[-46.8332529,-11.6827381],[-46.8332516,-11.6827392],[-46.8332505,-11.6827405],[-46.8332496,-11.682742],[-46.8332493,-11.682743],[-46.8332486,-11.6827381],[-46.8333097,-11.6827261]]],[[[-46.8332593,-11.6828112],[-46.8332895,-11.6829976],[-46.8332893,-11.6829985],[-46.8332892,-11.6830003],[-46.8332894,-11.683002],[-46.8332901,-11.6830037],[-46.8332906,-11.6830046],[-46.8332941,-11.6830261],[-46.8332906,-11.6830244],[-46.8332593,-11.6828112]]],[[[-46.8332694,-11.6830137],[-46.8332247,-11.6829912],[-46.8331494,-11.6829348],[-46.8328706,-11.682661],[-46.8331603,-11.6829356],[-46.8332694,-11.6830137]]],[[[-46.8326019,-11.6825241],[-46.8325218,-11.6822713],[-46.8325211,-11.6822698],[-46.8325202,-11.6822684],[-46.8325191,-11.6822672],[-46.8323199,-11.6820951],[-46.8323185,-11.6820942],[-46.832317,-11.6820935],[-46.8323154,-11.6820931],[-46.8323138,-11.6820929],[-46.8323122,-11.6820931],[-46.8323106,-11.6820936],[-46.8323091,-11.6820944],[-46.8321734,-11.6821811],[-46.8321719,-11.6821823],[-46.8321707,-11.6821838],[-46.8321698,-11.6821855],[-46.8320757,-11.6824337],[-46.8319134,-11.6825597],[-46.8318266,-11.6824811],[-46.8318252,-11.6824801],[-46.8318237,-11.6824793],[-46.8318223,-11.6824789],[-46.8318269,-11.6824769],[-46.8319117,-11.6825544],[-46.8320747,-11.6824317],[-46.8321706,-11.6821806],[-46.8323136,-11.6820853],[-46.8325225,-11.6822675],[-46.8326019,-11.6825241]]],[[[-46.8304787,-11.6829559],[-46.830432,-11.682971],[-46.8304314,-11.6829713],[-46.8304317,-11.68297],[-46.8304787,-11.6829559]]],[[[-46.8301707,-11.6833858],[-46.8301704,-11.6833857],[-46.8301687,-11.6833854],[-46.8301669,-11.6833855],[-46.8301651,-11.6833859],[-46.8301635,-11.6833867],[-46.8301626,-11.6833873],[-46.8301614,-11.6833769],[-46.8301707,-11.6833858]]],[[[-46.8298979,-11.683358],[-46.8298963,-11.6833587],[-46.8298949,-11.6833598],[-46.8298948,-11.6833599],[-46.8298956,-11.6833569],[-46.8298979,-11.683358]]],[[[-46.8298563,-11.6835024],[-46.8298551,-11.6835068],[-46.8297794,-11.6835679],[-46.8298563,-11.6835024]]],[[[-46.8295218,-11.6838223],[-46.8295207,-11.6838235],[-46.8294514,-11.6838069],[-46.8295218,-11.6838223]]],[[[-46.829319,-11.6839249],[-46.8293147,-11.6839326],[-46.8291163,-11.6839913],[-46.8293169,-11.6839283],[-46.829319,-11.6839249]]],[[[-46.8290322,-11.6841903],[-46.8290323,-11.6841904],[-46.8290337,-11.6841915],[-46.8290353,-11.6841924],[-46.8290363,-11.6841927],[-46.8290317,-11.6841928],[-46.8290322,-11.6841903]]]]}}]}